{"type": "FeatureCollection", "features": [{"type": "Feature", "properties": {"cls": 0}, "geometry": {"type": "Polygon", "coordinates": [[[51.185124100285115, 35.740306742389954], [51.185125978490575, 35.741118116257645], [51.185777812382746, 35.741128862150205], [51.185790792569854, 35.74165807055592], [51.18608647792208, 35.74165785190065], [51.186120872912326, 35.74168597065114], [51.1861244621374, 35.74246902335415], [51.18642015090352, 35.7424688038688], [51.18645321621115, 35.742493231234235], [51.18646003075307, 35.744091440463116], [51.18675572630266, 35.74409122013344], [51.18678879166538, 35.744115647364005], [51.186793717365504, 35.744902391025796], [51.187089416329364, 35.744902169865945], [51.18712079674335, 35.74492305377003], [51.187127410779816, 35.7457133405331], [51.18742311315809, 35.745713118542994], [51.18745246958576, 35.74573064126225], [51.187460476795735, 35.74625380066687], [51.18779218471001, 35.74625328325945], [51.18779187314205, 35.7460189491626], [51.18782770461313, 35.74598297727705], [51.19044593912125, 35.74597862232007], [51.190445619785436, 35.74574428865996], [51.190481450475446, 35.745708315572124], [51.1923961585559, 35.74570507598826], [51.192434473812185, 35.74573337825584], [51.19243649747341, 35.74593939128487], [51.19240455122213, 35.74597478250208], [51.19110962873735, 35.74597766191963], [51.19110995002362, 35.74621199535138], [51.191078003375, 35.74624738601494], [51.189119476398105, 35.7462512961567], [51.1891197918603, 35.74648562991288], [51.18908784461547, 35.74652101974537], [51.18779291229801, 35.74652386347717], [51.18779545337266, 35.7476057246453], [51.18810946813056, 35.74761201460953], [51.18812710543572, 35.74764130226773], [51.18812775531344, 35.747835708966086], [51.18809174026641, 35.74787560410813], [51.187796089040795, 35.74787630485881], [51.1877967241121, 35.74814670113697], [51.18809243668971, 35.7481464774719], [51.18812179318159, 35.74816399996549], [51.18812980485646, 35.74868715915441], [51.18846152285684, 35.748686639870755], [51.18846120927892, 35.74845230600317], [51.18849315662586, 35.74841691645136], [51.18877815115079, 35.74842477102671], [51.18879342477313, 35.74868611955803], [51.18912420644931, 35.74868564593972], [51.189124827234544, 35.74845126468912], [51.18914927081868, 35.74841816515845], [51.18975211757592, 35.74841436036111], [51.18978805979402, 35.748450160881895], [51.18978949671945, 35.74895504147201], [51.19012121579983, 35.748954517607885], [51.190124753594745, 35.74843474313061], [51.190156084888216, 35.74841372290536], [51.19041181627496, 35.7484131256053], [51.19045167768033, 35.74844911204093], [51.190452474415615, 35.74868350455182], [51.192090364826946, 35.74868566476126], [51.19211137223167, 35.748716962070525], [51.19211217383706, 35.748951354802394], [51.19240789036432, 35.748951120513524], [51.19243724727712, 35.74896864158094], [51.1924354663249, 35.74920673482603], [51.191117387780686, 35.749223520395454], [51.19111868076714, 35.74976440467576], [51.19176767520986, 35.74977248845589], [51.19178425625357, 35.750574812804686], [51.19242673274097, 35.75057855114665], [51.192447740245534, 35.75060984834788], [51.192448542876015, 35.75084424104652], [51.19274426731238, 35.75084400590732], [51.19277362425709, 35.75086152685992], [51.19278194962985, 35.751114242230365], [51.19344456193902, 35.751113132537185], [51.193444233712896, 35.75087879963082], [51.19348398590381, 35.750842626044125], [51.194079232096264, 35.75084338783733], [51.19410748624952, 35.750877670582696], [51.194108293750695, 35.75111206350209], [51.19444002170008, 35.75111152769965], [51.1944540704491, 35.75085015057443], [51.194771182557986, 35.750840502927424], [51.19477903493268, 35.75031419654907], [51.19510168102029, 35.75029898922341], [51.19511150266027, 35.749499279281174], [51.19543151377172, 35.749486986530435], [51.195431179758536, 35.7492526538842], [51.19545562145734, 35.74921955218387], [51.196094476560305, 35.74921541858748], [51.19610852006369, 35.748954041277486], [51.19641663559106, 35.748959059838405], [51.196420872106074, 35.74973811599608], [51.19638763093212, 35.74975596460661], [51.19612051208448, 35.74975335870785], [51.1960959536586, 35.74972039174785], [51.19609514035958, 35.74948599859678], [51.195763419189646, 35.74948653894282], [51.195764081243176, 35.749756935022184], [51.19608126200389, 35.749765534824775], [51.19609340457742, 35.750002218163075], [51.196056480241964, 35.75002699384567], [51.19543292855055, 35.75002805451324], [51.19543358949956, 35.750298450573545], [51.196076064138765, 35.75030216934143], [51.19609727472472, 35.75033738357545], [51.19609854955259, 35.75083834663183], [51.196394274477186, 35.750838102514685], [51.19643021863767, 35.75087390000969], [51.196430705579786, 35.75107222954209], [51.196402568617955, 35.751106661440986], [51.195767393536485, 35.75110946700533], [51.195771367885484, 35.75273230266714], [51.19610310252773, 35.752731762256914], [51.19611714592511, 35.75247038510667], [51.196434264411494, 35.752460732976225], [51.19643977295126, 35.75193758632687], [51.19646909162601, 35.75191993689803], [51.196764758232646, 35.75191921486372], [51.196767587072884, 35.75112895332894], [51.19679891749709, 35.75110793069756], [51.19705466000024, 35.75110731923845], [51.19709297616583, 35.75113561939898], [51.19709551949766, 35.752705470730064], [51.19705859531961, 35.75273024684421], [51.19643502140223, 35.75273131277446], [51.1964209790258, 35.75299268986172], [51.19610385840394, 35.75300234204838], [51.19610447346372, 35.75327180254638], [51.196421717113594, 35.75328133680514], [51.19643795088031, 35.7535427288344], [51.19676875326741, 35.753542142171064], [51.196782794519, 35.753280765018246], [51.19706779635602, 35.75327197748164], [51.19709985885197, 35.75330720564567], [51.19710067517613, 35.75354159888017], [51.19739641147021, 35.75354135226441], [51.19743080877108, 35.75356946628463], [51.19743284539995, 35.75377547869128], [51.197415316306895, 35.75380486963803], [51.19710134248698, 35.753812178678174], [51.19709350548509, 35.75433848459527], [51.19677084318403, 35.75435369756216], [51.19677284058381, 35.75516506897982], [51.197396501374705, 35.75516409308917], [51.19743577980521, 35.75519619660558], [51.19743685427565, 35.75539840541671], [51.19741932518566, 35.75542779636847], [51.197105344632156, 35.75543510544091], [51.19710601136966, 35.75570550123045], [51.197420061189746, 35.75571176645504], [51.19743770111186, 35.75574105159554], [51.19743837376228, 35.75593545767838], [51.19740236191159, 35.75597535718926], [51.19710667875165, 35.755976080930886], [51.19710734550692, 35.75624647669604], [51.19774986974796, 35.756250186326774], [51.19777087880613, 35.75628148188088], [51.19777169716071, 35.756515875083046], [51.198067445905366, 35.7565156267795], [51.19809680336681, 35.75653314596311], [51.19810420989332, 35.75678581673228], [51.19907503235328, 35.75678730152752], [51.19909959160299, 35.75682026740577], [51.19910041386471, 35.75705466077052], [51.20039938786995, 35.75705427021596], [51.20042764392049, 35.757088550525225], [51.200428470081754, 35.757322944063816], [51.20076022368943, 35.75732239074778], [51.200759873896416, 35.75708805938316], [51.20079181755057, 35.757052664661565], [51.2017267658061, 35.757052051539304], [51.201755022253934, 35.75708633134087], [51.20175102491348, 35.75729961434476], [51.20171969505481, 35.757320638773976], [51.20142400708906, 35.75732137314903], [51.20142468848224, 35.75759176878248], [51.20272367157594, 35.75759135307824], [51.20275192832265, 35.757625632496804], [51.202752761310336, 35.75786002633647], [51.203401824701054, 35.75786804658457], [51.20341714528103, 35.75812939336672], [51.20438048113426, 35.758128574100816], [51.204412545810314, 35.758163799183805], [51.20441338367881, 35.75839819323181], [51.205387776665496, 35.758401297430886], [51.20540878794628, 35.75843259063668], [51.2054096287418, 35.75866698481188], [51.20637677890605, 35.75866709578661], [51.20640503674712, 35.75870137380438], [51.20640588046974, 35.75893576810669], [51.20770107881332, 35.7589343523116], [51.20773314447822, 35.75896957599985], [51.20773399210104, 35.75920397047531], [51.20870839545612, 35.759207047659196], [51.208729407703025, 35.75923833984423], [51.208730258253105, 35.75947273444666], [51.209062020615214, 35.75947215820135], [51.20907602243108, 35.75921078059583], [51.209364855660304, 35.75920290934678], [51.209393114396164, 35.759237186219764], [51.209394675640496, 35.75974206827713], [51.209726439106944, 35.75974149019527], [51.20972606298518, 35.75950716047888], [51.20976188798928, 35.75947117860108], [51.21304427176757, 35.7594651710914], [51.213050392923066, 35.75921251347592], [51.21307970995592, 35.75919485854882], [51.213375403750945, 35.75919409557562], [51.213375016948106, 35.7589597664585], [51.21341084087774, 35.75892378292766], [51.21401377203921, 35.758925560286414], [51.21403833572845, 35.7589585210062], [51.21403920183908, 35.75919291635609], [51.21702485060578, 35.75918761262545], [51.217025389463565, 35.758953236415365], [51.21706121231791, 35.75891725122894], [51.21934801505869, 35.75891286413689], [51.21934761075969, 35.75867853603229], [51.219368498197156, 35.758647112789944], [51.2200109739248, 35.75864116482394], [51.220024940756495, 35.75837978654672], [51.22034207877577, 35.75837007018809], [51.220339252316556, 35.75732820396272], [51.22035695691862, 35.75729488341325], [51.221998320677166, 35.757285070523594], [51.22200937695747, 35.757026336416125], [51.222329413163784, 35.75701397040041], [51.22233550535538, 35.75676131312073], [51.2223648214667, 35.756743655134095], [51.222660503404256, 35.75674286936173], [51.222660089450095, 35.75650854172297], [51.222680975921534, 35.75647711747495], [51.222991591398596, 35.75647176740758], [51.222991176480775, 35.75623743981282], [51.22300869831637, 35.75620804205847], [51.22365451756465, 35.75620004802024], [51.22365316194167, 35.755699156789035], [51.223670865453755, 35.75566583531637], [51.22431668005672, 35.75565783771626], [51.224325098180564, 35.75540201999883], [51.224647757933724, 35.75538673119125], [51.22465384292013, 35.755134073949094], [51.22468315880072, 35.75511641520099], [51.224978833564755, 35.755115623750925], [51.22497841285676, 35.75488129643339], [51.2250028457168, 35.75484818456083], [51.225641741691945, 35.75484389341591], [51.22564037368682, 35.75434300246277], [51.2256614410566, 35.75430765374293], [51.22595751105661, 35.75431143830999], [51.22597290366025, 35.75457278316761], [51.22663554251022, 35.754571582508994], [51.226650424640184, 35.75431015587073], [51.226967544379185, 35.75430042179901], [51.22696584112268, 35.7540299823046], [51.22663503730009, 35.75403065202307], [51.226621091487985, 35.75429203080688], [51.226318507697705, 35.7542926215662], [51.226302348176645, 35.753760789482676], [51.22598514588421, 35.75375227075687], [51.225969912249006, 35.75353091766678], [51.225990979507934, 35.753495568844734], [51.226936932332585, 35.75349077960523], [51.22696519632075, 35.753525049775924], [51.22696610020316, 35.75375944713591], [51.22726184154581, 35.75375912704999], [51.22729120185596, 35.75377663659996], [51.227298699589454, 35.7540293079016], [51.2276304389392, 35.75402868051733], [51.22763651463806, 35.75377602335831], [51.22766583022217, 35.75375836362891], [51.22796149880821, 35.75375756486433], [51.22796106939418, 35.753523237995964], [51.22798550136399, 35.75349012510282], [51.22895621449186, 35.75348518700807], [51.22896228606123, 35.753232529889026], [51.228991601513584, 35.75321486972333], [51.22928726760292, 35.75321406770681], [51.22928683431797, 35.752979741041166], [51.229311265891994, 35.75294662769424], [51.22995014521656, 35.75294231365543], [51.22994970999622, 35.7527079870912], [51.22997059434061, 35.752676560627776], [51.23061301830769, 35.75267055595578], [51.230612581152016, 35.752436229492965], [51.230644515858735, 35.75240082230644], [51.231275886876276, 35.75239879460796], [51.23127544778533, 35.752164468246626], [51.231303574160144, 35.75213002307529], [51.23193875092229, 35.7521270296121], [51.2319448132059, 35.751874372577134], [51.23197412836171, 35.75185671143031], [51.232269788272035, 35.75185590210039], [51.232283716091565, 35.75159452281507], [51.23293264441659, 35.751584131632924], [51.232938703608426, 35.7513314746219], [51.23296801866536, 35.751313813148364], [51.23326367614194, 35.7513130013828], [51.233263231254554, 35.751078675312826], [51.23328766164184, 35.75104556060591], [51.23425834313786, 35.75104057975474], [51.23425692134637, 35.75053969020795], [51.23428153279152, 35.75050265148488], [51.23457404002041, 35.75050810156659], [51.23458946006788, 35.7507694457867], [51.2349211857145, 35.75076879834431], [51.23493510508861, 35.75050741885985], [51.23525220730346, 35.7504976626237], [51.23525167367163, 35.749714662413254], [51.23528598213392, 35.74968636879659], [51.235581632435974, 35.7496855513562], [51.23558688632014, 35.74916240704112], [51.23561620111316, 35.74914474469889], [51.23591184910839, 35.74914392645469], [51.23591139651797, 35.748909600738436], [51.23593582611604, 35.74887648512905], [51.236242860625126, 35.74887278797319], [51.236242061703265, 35.748602392576366], [51.23592487920708, 35.748593900443275], [51.2359163027031, 35.748350294735495], [51.235945617462974, 35.748332632286534], [51.236241262029864, 35.74833181324457], [51.23624080849509, 35.748097487546154], [51.23626523799567, 35.74806437182639], [51.236572269077456, 35.7480606738371], [51.23657146906548, 35.7477902784101], [51.236239755820264, 35.7477909303571], [51.23622874450634, 35.74804966510023], [51.23594866298409, 35.74806194450179], [51.23590878859536, 35.74802598025111], [51.23590785864043, 35.747791581531764], [51.235262030834, 35.747786067252775], [51.23524417638307, 35.747752874556156], [51.23524950397902, 35.74726964451948], [51.23527881880442, 35.74725198229319], [51.23557445901207, 35.747251164906544], [51.23557400745791, 35.74701683904052], [51.23560213254248, 35.74698239224903], [51.23620515189515, 35.74698025288349], [51.23623722602984, 35.74701546466764], [51.23623331959819, 35.747228750741144], [51.236201994264135, 35.747249787602826], [51.23590635433744, 35.74725060662132], [51.23590715208438, 35.74752100208563], [51.2369024723744, 35.74751904612111], [51.23690771778397, 35.7469959016989], [51.236937032444715, 35.7469782389261], [51.23723267121321, 35.746977417467065], [51.23723711192892, 35.74618378556898], [51.23726642655651, 35.746166122689466], [51.23756206189697, 35.74616530043283], [51.23756160454857, 35.74593097485861], [51.23758603365689, 35.74589785869259], [51.23789305551698, 35.745894157345], [51.23789259720602, 35.74565983181503], [51.23791347923683, 35.74562840294803], [51.23822404689205, 35.7456230133429], [51.23822566158243, 35.74456226823413], [51.23825698656891, 35.74454123064277], [51.238552614990105, 35.74454040597546], [51.23856571594751, 35.74400853848225], [51.23888279043971, 35.74399877261405], [51.2388823292785, 35.74376444716407], [51.23890675799462, 35.7437313305519], [51.23921377063382, 35.74372762584659], [51.23922396339074, 35.74319840323224], [51.23954393827008, 35.74318599062764], [51.23954312835403, 35.742915595039456], [51.239247430533766, 35.74291594508404], [51.23921206063303, 35.74288404576137], [51.239206488593155, 35.74129332958359], [51.238251159837596, 35.741295179197685], [51.23821187160676, 35.74126309482888], [51.23821069449914, 35.74106088672887], [51.23823512341947, 35.741027770356794], [51.23887390204134, 35.74102340915699], [51.23886991139568, 35.73967199799183], [51.23857417841919, 35.739671411035175], [51.23854110442705, 35.73964700398639], [51.23853325060118, 35.73804879437447], [51.238237573125176, 35.73804914186228], [51.23820220347509, 35.738017242080055], [51.23819584682205, 35.73615603674088], [51.2375645387404, 35.73615647128483], [51.23753246413637, 35.73612125998814], [51.23753152972657, 35.735886860549535], [51.236908024197525, 35.73588804385342], [51.23686873628658, 35.73585595883189], [51.23686756268657, 35.73565375044023], [51.23689949553269, 35.73561834070404], [51.23819423538074, 35.735614968981565], [51.23819262475034, 35.73507408509618], [51.23789695966924, 35.73507443170171], [51.23786159010416, 35.735042531759504], [51.237858459265055, 35.73426327750367], [51.23754786198752, 35.73425912784483], [51.23752684133979, 35.734227844383874], [51.23752590699485, 35.73399344486688], [51.2372302464899, 35.73399378981691], [51.237200885123215, 35.73397628350972], [51.23719335696827, 35.73372361129027], [51.23687332297298, 35.733712494065955], [51.236860008245614, 35.73318328873306], [51.23654288965805, 35.73317479800615], [51.23652746383856, 35.73291345325822], [51.23623180795197, 35.732913795737204], [51.236202446681986, 35.732896289097916], [51.23619492167501, 35.73264361684366], [51.23586327125933, 35.73264426751475], [51.23586372329728, 35.73287859391976], [51.235831790053815, 35.732914003237155], [51.23454871606582, 35.73290557887052], [51.2345314515057, 35.73102393249232], [51.23421434225837, 35.73101543548421], [51.234198923934635, 35.73075409042135], [51.233547168276154, 35.73074360931296], [51.23354937870337, 35.730493907645226], [51.23386639822991, 35.73048415544944], [51.233865607878975, 35.73021375917799], [51.23354850210194, 35.7302052603708], [51.233533085926496, 35.72994391520938], [51.233237442771575, 35.72994425028242], [51.23320808179183, 35.72992674264796], [51.23320056621718, 35.729674070301314], [51.23254881967695, 35.7296635836914], [51.23253474733884, 35.72886388934759], [51.23222417319925, 35.72885972572905], [51.23220315410467, 35.728828440619665], [51.23220223549081, 35.72859404160274], [51.23190659811886, 35.728594373384134], [51.23187723726812, 35.72857686530735], [51.23186972588579, 35.72832419291853], [51.23154971526583, 35.72831306112881], [51.231536435741006, 35.72778385490792], [51.23121934042596, 35.7277753498145], [51.23120299621197, 35.72751396019518], [51.230872302490475, 35.727514641160155], [51.230858369526715, 35.72777602139532], [51.230552982856544, 35.72777399513333], [51.23053893050804, 35.726974300346136], [51.23024330008394, 35.72697462801492], [51.23021393939449, 35.72695711938554], [51.2302056550044, 35.72643395847381], [51.22989172187284, 35.72642777946571], [51.22987407285225, 35.72639850291768], [51.229873161120345, 35.726164104117146], [51.22956259854867, 35.72615993352091], [51.22954158023049, 35.726128647587714], [51.22954066947903, 35.72589424882129], [51.22924504367246, 35.72589457402043], [51.22921568307976, 35.725877065059166], [51.22920818008042, 35.72562439258635], [51.22888818114709, 35.72561325351621], [51.22887491921661, 35.725084046852984], [51.22856436126325, 35.72507987363896], [51.228543343236346, 35.725048587396635], [51.228542435434974, 35.72481418872146], [51.228235428650294, 35.72481168426287], [51.22821086071697, 35.72477872829192], [51.22820995389592, 35.72454432965089], [51.227914333871745, 35.72454465155939], [51.22788497340808, 35.724527142155964], [51.227876704296555, 35.72400398101451], [51.22724169073121, 35.724003415544225], [51.227213426614284, 35.72396914534383], [51.22721252273404, 35.72373474680533], [51.22688090904569, 35.72373537258004], [51.22688167560933, 35.724005769276246], [51.22719875465213, 35.72401428597749], [51.2272141504407, 35.72427563206575], [51.227531230657334, 35.724284147871124], [51.227546627514606, 35.72454549391632], [51.227860552578385, 35.72455167907278], [51.22787820098168, 35.72458095612881], [51.22787819972823, 35.72478317322277], [51.22783902286348, 35.724815476607745], [51.2272156869579, 35.72481670126904], [51.227208813370765, 35.72561349745263], [51.22658287233413, 35.725627598204376], [51.226554608412535, 35.725593327758006], [51.22655370642203, 35.725358929377805], [51.226258083245035, 35.72535924722666], [51.22622192684002, 35.72531954539407], [51.2262215700321, 35.725125132933], [51.226239091000544, 35.725095734401556], [51.22655294019835, 35.72508834881358], [51.22655217471494, 35.72481795215997], [51.22625655378249, 35.72481826999733], [51.22622039737857, 35.72477856816182], [51.226225780339234, 35.72429533700185], [51.22625509604694, 35.72427767780703], [51.22655064268364, 35.7242768829319], [51.22654834562578, 35.72346550890188], [51.22591333666807, 35.72346493639328], [51.22588507294893, 35.72343066568351], [51.2258841729718, 35.72319626730427], [51.22525297372945, 35.72319663681391], [51.225220902797794, 35.723161420312195], [51.22522000477214, 35.722927022012634], [51.224577753967544, 35.722923458716906], [51.22455673710106, 35.72289217124689], [51.22455584102682, 35.72265777302704], [51.22358913776493, 35.72265780671244], [51.223560874741636, 35.72262353511197], [51.22355998159008, 35.722389137017366], [51.22292498187925, 35.72238854867955], [51.222896719054845, 35.72235427682443], [51.222895827854586, 35.72211987880959], [51.22256422076172, 35.722120492663], [51.22256572499852, 35.72266137831044], [51.222861336637685, 35.72266106948644], [51.2228967024089, 35.72269297600981], [51.22289968662647, 35.723472230680905], [51.22321676280265, 35.723480758069286], [51.22323214586177, 35.72374210455264], [51.223563759660856, 35.72374148883433], [51.22356708220765, 35.72322171524441], [51.22359840910832, 35.723200683004116], [51.22386183595486, 35.72320076808713], [51.22389390639803, 35.7232359851312], [51.22389555737442, 35.72374087206622], [51.224191173674086, 35.72374055995822], [51.224227329296596, 35.723780262717426], [51.22422768123398, 35.72397467525334], [51.22421015964607, 35.724004073280256], [51.22389631457249, 35.72401145274063], [51.223883116098776, 35.72454332142697], [51.22323441003675, 35.72455366265303], [51.223237428238974, 35.72563552537278], [51.22353305230845, 35.7256352148558], [51.22356612374294, 35.72565962779784], [51.22356657562418, 35.72642526339973], [51.22353524863712, 35.726446295630865], [51.22323969262517, 35.726447083217], [51.223241044155465, 35.72694797714908], [51.22321997585592, 35.726983325051755], [51.22260237577649, 35.72698615653261], [51.222577809512394, 35.72695319862849], [51.22257691913589, 35.72671880085059], [51.22228129086243, 35.726719108942824], [51.22224513580765, 35.726679405258686], [51.22225287471476, 35.726193014276944], [51.22257541388143, 35.72617773164623], [51.22257500090783, 35.72594340252324], [51.22259943452039, 35.72591029157067], [51.22290637620044, 35.72590662900053], [51.222905623015414, 35.72563623231607], [51.22260999918825, 35.725636541201155], [51.222576927825266, 35.72561212788573], [51.22257240456877, 35.72509586897542], [51.22225532187436, 35.72508733979863], [51.22223994189891, 35.72482599335414], [51.22095310949683, 35.72482831704662], [51.220913239364336, 35.72479234538883], [51.220912692258544, 35.72459401504493], [51.22094462989819, 35.72455861201389], [51.221907481114116, 35.724556024832744], [51.2219067313415, 35.72428562806911], [51.221279405243166, 35.72428654489091], [51.221243250531465, 35.72424684072923], [51.22124290583631, 35.724052428203606], [51.22126042820763, 35.72402303100395], [51.221574273931076, 35.72401565859081], [51.22156993610241, 35.72215450965037], [51.22160519174798, 35.72212240928837], [51.22190073030259, 35.72212162586792], [51.221899980619874, 35.721851228994474], [51.22158291149348, 35.72184269796466], [51.2215675337471, 35.72158135131339], [51.220925294526, 35.721577768393225], [51.22090427872184, 35.72154647980054], [51.22090339337516, 35.72131208202519], [51.22026115646435, 35.721308495536064], [51.22024014085339, 35.72127720673919], [51.2202392574578, 35.72104280904376], [51.219268878187535, 35.72104149375874], [51.219244312919585, 35.72100853468734], [51.21924343244625, 35.720774137117445], [51.21894782929158, 35.72077443693295], [51.21891846970069, 35.72075692456318], [51.21891099898695, 35.72050425200152], [51.217944322991926, 35.72050424019448], [51.21791606165889, 35.72046996643039], [51.21791518508744, 35.72023556902045], [51.21728401127006, 35.72023589661117], [51.21725194271073, 35.72020067676266], [51.217251068090135, 35.71996627943274], [51.21660884276608, 35.71996267332149], [51.21658782821741, 35.71993138340219], [51.21658695554763, 35.71969698615232], [51.2156165933389, 35.71969564129921], [51.21559202915642, 35.719662680965875], [51.215591159408554, 35.71942828384177], [51.21529556233911, 35.71942857466216], [51.21526620310396, 35.719411061084756], [51.215258743827086, 35.71915838851392], [51.21462007535291, 35.71915644184384], [51.21459551146679, 35.719123481165674], [51.214594644649104, 35.71888908415612], [51.21362798911609, 35.71888903756769], [51.213599729075526, 35.718854762149604], [51.21359886517958, 35.71862036526596], [51.212950126116276, 35.718612399284325], [51.21293477601317, 35.71835105168968], [51.21260318432079, 35.71835163803685], [51.21260356793454, 35.71858596912869], [51.212575435813896, 35.71862040708762], [51.21194053326514, 35.71862329728887], [51.21194091494606, 35.71885762848097], [51.21191278262609, 35.71889206618844], [51.21127787769705, 35.71889495289523], [51.21127859141588, 35.71916535009189], [51.21159249173004, 35.71917157833846], [51.21161013557467, 35.71920085976974], [51.21161084199354, 35.719395267114784], [51.211574834961205, 35.71943517309445], [51.2112793058243, 35.71943593119931], [51.211279685588764, 35.719670262465456], [51.21125155307042, 35.71970469992379], [51.20995326261736, 35.71970874232727], [51.20995363850757, 35.719943073806846], [51.20991781344306, 35.71997905564933], [51.20862721030042, 35.719981538861894], [51.20861320611811, 35.72024291816036], [51.207964532170365, 35.72025317623832], [51.20796490225304, 35.720487508031255], [51.207940464193186, 35.72052061397595], [51.20663846395242, 35.720525950887335], [51.20663883016056, 35.720760282893394], [51.20660300412065, 35.720796263237496], [51.20600408575639, 35.72079576228538], [51.2059758279943, 35.720761483961745], [51.205974986377704, 35.720527088211796], [51.20564338551933, 35.72052765540908], [51.205637240308796, 35.72078031510022], [51.20560792248259, 35.72079796747813], [51.20531238662636, 35.72079871094186], [51.20529837188, 35.721060090008834], [51.20464969040102, 35.72107033008762], [51.20465005080109, 35.72130466240661], [51.20462191628754, 35.72133909734526], [51.20401530120402, 35.72134013099612], [51.20398704403632, 35.72130585191464], [51.20398620823101, 35.72107145646323], [51.2036546050751, 35.72107201818695], [51.203654962563085, 35.72130635067535], [51.20363407042679, 35.72133776904769], [51.20266020465291, 35.7213441872656], [51.20264618145134, 35.721605566151695], [51.20199749484589, 35.72161579182589], [51.20199784749613, 35.72185012457036], [51.20196971218433, 35.72188455850054], [51.201003081972885, 35.72188794722718], [51.201003431718796, 35.72212228012784], [51.200975296107764, 35.7221567136801], [51.200008662300625, 35.72216009442084], [51.19999463065169, 35.7224214731132], [51.19934593667988, 35.72243168439317], [51.199346281587616, 35.72266601754962], [51.19932184095538, 35.7226991205424], [51.198683206547514, 35.72270327071796], [51.19867703965826, 35.72295593063496], [51.19864772114094, 35.72297358072241], [51.19835217502332, 35.72297430711363], [51.19833813810373, 35.72323568567081], [51.198021141256724, 35.72324534259365], [51.19800777265657, 35.72377721029293], [51.19769077349747, 35.72378686633754], [51.197691113589876, 35.72402119971052], [51.19766297698306, 35.72405563200693], [51.19702802650217, 35.724058443539406], [51.197029358243974, 35.7245993298976], [51.197360976155224, 35.72459878638655], [51.1973606370175, 35.7243644528805], [51.19738877363863, 35.72433002072751], [51.19802372647769, 35.724327207364446], [51.198023385405975, 35.724092873958], [51.19805532990588, 35.72405748048761], [51.198661856437845, 35.72405875296468], [51.198686415531185, 35.72409171908041], [51.19867543343701, 35.72431445164716], [51.198355527484686, 35.72432675295751], [51.19834935960883, 35.72457941281443], [51.19832004105824, 35.72459706279716], [51.19802448815647, 35.724597788403585], [51.19802482924284, 35.72483212168116], [51.19799669273727, 35.724866554107194], [51.19703002460395, 35.72486991100072], [51.19702385260178, 35.72512257089424], [51.19699453391954, 35.72514022044098], [51.19669897853012, 35.72514094279732], [51.19669931574833, 35.725375276274114], [51.1966748743282, 35.725408378366], [51.19570450367575, 35.7254130544514], [51.19569045835635, 35.72567443274022], [51.195373450856245, 35.725684082598235], [51.195362969723796, 35.72621330660767], [51.19504305515295, 35.72622559894186], [51.195043387547045, 35.72645993264797], [51.195018945633365, 35.7264930341744], [51.19471199673539, 35.726496625249936], [51.19470348614716, 35.72783731635175], [51.19372011786859, 35.72785067681189], [51.193721939628254, 35.72862206556056], [51.19368981043782, 35.72866138042342], [51.19342635840551, 35.728662381163424], [51.19339497708802, 35.72864149950635], [51.19338895629224, 35.72812169950062], [51.193057323696515, 35.728122232109214], [51.193051139361714, 35.72837489203629], [51.19302182028423, 35.72839254027945], [51.1927262507089, 35.72839325291407], [51.192712195944374, 35.72865463088961], [51.19239517547827, 35.72866427280277], [51.19238467496117, 35.72919349652135], [51.19206474736629, 35.72920578080136], [51.192058559955605, 35.729458440724095], [51.192029240779256, 35.72947608864205], [51.19173366653663, 35.729476798850705], [51.19173398931079, 35.72971113296303], [51.19171309370096, 35.729742547719695], [51.19140258346384, 35.7297478159838], [51.19140290527435, 35.72998215013932], [51.19138537445594, 35.730011539418115], [51.191071498147906, 35.73001883220063], [51.19107181899473, 35.73025316639933], [51.19105428808347, 35.730282555590335], [51.19074041058877, 35.73028984750115], [51.190737520911384, 35.73108011246399], [51.19070618961895, 35.731101132854214], [51.19041060840584, 35.73110183983117], [51.190410058168965, 35.731614361103716], [51.19037574035979, 35.73164263606123], [51.19008015684355, 35.73164334223262], [51.19007227293887, 35.73216965037312], [51.189749700820215, 35.73218484369145], [51.18975162538063, 35.73299621844192], [51.19006873556038, 35.73300483459904], [51.1900808605467, 35.73324151980227], [51.190043935266885, 35.73326629289579], [51.1894205213618, 35.73326732198938], [51.189421161582594, 35.73353771890042], [51.190387997350946, 35.733537959521435], [51.190416250384345, 35.73357224372951], [51.19041222264739, 35.73378552688567], [51.19037696894683, 35.73380674617348], [51.18975355062917, 35.73380777700577], [51.1897536379904, 35.73459078694302], [51.18971932004601, 35.73461906163665], [51.189423724076455, 35.73461976623043], [51.18942404019305, 35.73485410048908], [51.189392093030854, 35.73488949041271], [51.18876984942623, 35.73487662707821], [51.18877483421339, 35.73462982834335], [51.18909188022859, 35.73462019614355], [51.18909064981435, 35.7340802458715], [51.18875894428156, 35.73407983127018], [51.18875838361074, 35.73459235250997], [51.18872406546116, 35.73462062679097], [51.18842846930754, 35.734621328938736], [51.18842290786786, 35.73514447759246], [51.18839358832867, 35.73516212432241], [51.18809798987158, 35.7351628256644], [51.18809571061129, 35.736223579018606], [51.188064378971006, 35.736244598466364], [51.18776877596817, 35.736245299012054], [51.187769087271846, 35.73647963347351], [51.187744643195145, 35.7365127325297], [51.187437651501284, 35.7365163050561], [51.18743708248428, 35.737028826264435], [51.1874027640624, 35.73705710000428], [51.18710715757346, 35.73705779893345], [51.18710158764681, 35.737580947445636], [51.187072267975616, 35.73759859374442], [51.18677665918298, 35.73759929186766], [51.18676321730715, 35.73813115777348], [51.18644615632969, 35.7381407838587], [51.186446211636714, 35.7389237937363], [51.18641189301063, 35.738952067070436], [51.18611627848918, 35.73895276358643], [51.186102832330164, 35.73948462934005], [51.18578576560443, 35.73949425367163], [51.18578018718877, 35.74001740204205], [51.185750867385586, 35.740035047909586], [51.18545524825632, 35.74003574281347], [51.18545555286106, 35.740270077485974], [51.18543110809691, 35.740303175757674], [51.185124100285115, 35.740306742389954]], [[51.23784026622387, 35.741566481416996], [51.23788014105769, 35.741602444738184], [51.23786926610879, 35.74182518346969], [51.237560917258946, 35.741825820905234], [51.2375602114868, 35.74157876457307], [51.23784026622387, 35.741566481416996]], [[51.23721501695517, 35.74102678327612], [51.23689786575498, 35.74101829362994], [51.236891618335335, 35.740771526805], [51.2375370112695, 35.740770219730265], [51.23754832791718, 35.74152701824937], [51.237527264513254, 35.741562370749165], [51.23725270911918, 35.741567449128894], [51.23722132213843, 35.74154658334092], [51.23721501695517, 35.74102678327612]], [[51.23754431051072, 35.74017457982359], [51.23750831238511, 35.740214497964985], [51.237230392246396, 35.74020850619749], [51.23721253716406, 35.74017531403086], [51.23721865564395, 35.73996257087121], [51.23725189303843, 35.739944707418786], [51.23752588955586, 35.739950899752145], [51.23754354068501, 35.7399801741717], [51.23754431051072, 35.74017457982359]], [[51.23750670549629, 35.73967352250618], [51.23691532121364, 35.739674688951254], [51.23688393427567, 35.73965382303606], [51.2368777957689, 35.73917401631168], [51.2368988593383, 35.73913866406808], [51.23750125565596, 35.739132747436315], [51.237536561168895, 35.739153797769205], [51.237536020168655, 35.73965585956442], [51.23750670549629, 35.73967352250618]], [[51.23626368683601, 35.74238105543876], [51.236223812360905, 35.74234509131836], [51.236234691774335, 35.742122352933215], [51.23655466288217, 35.74210994847413], [51.236562242628096, 35.74158364265295], [51.236870308042164, 35.74157746355346], [51.23688653646988, 35.74210929560468], [51.237203692272445, 35.74211778517806], [51.237209940642494, 35.7423645519093], [51.23626368683601, 35.74238105543876]], [[51.236872824560656, 35.73751109592198], [51.23655568800985, 35.73750260530022], [51.236549441690826, 35.737255838283474], [51.237194805472555, 35.73725453321401], [51.23720611861106, 35.73801133229358], [51.23718505508438, 35.738046684672476], [51.23691051426896, 35.73805176220984], [51.2368791273309, 35.73803089628838], [51.236872824560656, 35.73751109592198]], [[51.23657546852269, 35.73561820867582], [51.236535593962664, 35.735582244679584], [51.23654647268165, 35.735359505950555], [51.2368547948493, 35.7353588713485], [51.23685549836536, 35.73560592797403], [51.23657546852269, 35.73561820867582]], [[51.23656739457699, 35.746397755670976], [51.236531396123624, 35.74643767338374], [51.23625345015675, 35.746431679419274], [51.23623559538328, 35.74639848699738], [51.23624171628891, 35.74618574422303], [51.236274953776665, 35.74616788110989], [51.23654897612926, 35.74617407560802], [51.236566626993856, 35.74620335027159], [51.23656739457699, 35.746397755670976]], [[51.23652515190024, 35.745626411367766], [51.236565026363806, 35.74566237531379], [51.23655414792419, 35.745885113641336], [51.23624578219583, 35.74588574762187], [51.236245080231825, 35.74563869144838], [51.23652515190024, 35.745626411367766]], [[51.23653299010072, 35.73476678384992], [51.23649699162239, 35.734806701497156], [51.23621909390078, 35.73480070727509], [51.236201239159776, 35.73476751480699], [51.236207360415605, 35.73455477153394], [51.236240597897314, 35.73453690846301], [51.23651457200788, 35.73454310321631], [51.23653222284635, 35.73457237792296], [51.23653299010072, 35.73476678384992]], [[51.236233197564395, 35.74558694527485], [51.236197198995576, 35.745626862828445], [51.235598076195444, 35.74562651020497], [51.235569809556715, 35.74559224327637], [51.235570734712105, 35.74538621430447], [51.23560896586416, 35.74535772003078], [51.2362041640589, 35.74535827317299], [51.236232430810574, 35.74539253982877], [51.236233197564395, 35.74558694527485]], [[51.235897483678485, 35.744275244204864], [51.235580319206804, 35.744266751076644], [51.2355740756166, 35.74401998428055], [51.23621394077092, 35.74401315679811], [51.236220985382715, 35.74453041108572], [51.235912907790464, 35.744536588507394], [51.235897483678485, 35.744275244204864]], [[51.23622121107879, 35.74152963143986], [51.236185212501276, 35.74156954897062], [51.235586123369515, 35.74156919616538], [51.2355578567387, 35.74153492921733], [51.23555878201432, 35.741328900065255], [51.235597013168096, 35.741300405811316], [51.23619217769578, 35.74130095913444], [51.23622044443951, 35.741335225809735], [51.23622121107879, 35.74152963143986]], [[51.23620523282426, 35.736119875389136], [51.23616923423515, 35.73615979288946], [51.23557018998409, 35.7361594398419], [51.23554192336383, 35.73612517286793], [51.2355428487997, 35.735919143475634], [51.23558107995578, 35.73589064924802], [51.23617619960451, 35.73589120281234], [51.23620446633767, 35.73592546951363], [51.23620523282426, 35.736119875389136]], [[51.235612871671364, 35.74671015764854], [51.235572997378355, 35.746674193228436], [51.23558387846643, 35.74645145514257], [51.235892246675945, 35.74645082292637], [51.23589294760297, 35.746697879069956], [51.235612871671364, 35.74671015764854]], [[51.235599324596656, 35.742111869029465], [51.23555945030974, 35.742075904583814], [51.23557033153987, 35.7418531663036], [51.23587868066923, 35.741852534204504], [51.23587938144402, 35.742099590555476], [51.235599324596656, 35.742111869029465]], [[51.23357860156205, 35.740501963922846], [51.235850316710994, 35.74048863405053], [51.23588568569077, 35.74052053483711], [51.23588685691871, 35.74072274303611], [51.23584711674198, 35.740758937245666], [51.23357374980747, 35.74074876490871], [51.23357860156205, 35.740501963922846]], [[51.23557781496078, 35.73480869750418], [51.235537940683535, 35.73477273301798], [51.23554882213918, 35.734549994429074], [51.23585714097367, 35.73454936251595], [51.23585784150676, 35.73479641919626], [51.23557781496078, 35.73480869750418]], [[51.23454017473903, 35.733999209877844], [51.23455119178972, 35.73374047445001], [51.234831214190834, 35.733728198599515], [51.23487108816911, 35.73376416342093], [51.234872014729675, 35.73399856269069], [51.235514358722426, 35.73400207035319], [51.23553558263115, 35.734037272038165], [51.23553226664105, 35.73451712900221], [51.23550094122037, 35.73453816557532], [51.235205353862085, 35.73453898268189], [51.23520580402179, 35.73477330910924], [51.23516606364732, 35.73480950296279], [51.23488601914483, 35.73479834815441], [51.23487351163817, 35.73453963079662], [51.23423116339509, 35.734536119626036], [51.23420993986732, 35.734500917482606], [51.234213263769895, 35.73402106063912], [51.234244589278354, 35.73400002452619], [51.23454017473903, 35.733999209877844]], [[51.23520751723957, 35.74887486264608], [51.23524739133175, 35.7489108272217], [51.235236509374985, 35.74913356517927], [51.23492813013295, 35.74913419568306], [51.23492743200533, 35.74888713963179], [51.23520751723957, 35.74887486264608]], [[51.23522325893514, 35.745619873312286], [51.234588915125286, 35.745621133780844], [51.23458267444347, 35.7453743669567], [51.23522810568649, 35.74537307244883], [51.23522325893514, 35.745619873312286]], [[51.23456253750124, 35.74321697200351], [51.2345696191431, 35.74400725950279], [51.23490131672613, 35.744006612220616], [51.234906575354636, 35.74348346733745], [51.23493981296102, 35.743465604716675], [51.23522253532239, 35.74347965944196], [51.23522007577068, 35.744537923143696], [51.23424839446827, 35.744534302332326], [51.23423552398398, 35.74323652816116], [51.23425658844593, 35.74320117674395], [51.23453115095063, 35.74319610524295], [51.23456253750124, 35.74321697200351]], [[51.23488241248209, 35.73755499149019], [51.23491841142007, 35.73751507460921], [51.23519632065364, 35.7375210718497], [51.23521417501909, 35.737554264547576], [51.23520805121725, 35.73776700760954], [51.23517481355696, 35.73778487029538], [51.234900826228916, 35.73777867250976], [51.23488317579095, 35.73774939733765], [51.23488241248209, 35.73755499149019]], [[51.23521314425467, 35.73720377696717], [51.23517714532681, 35.73724369400996], [51.234899237484356, 35.737237696729125], [51.23488138317148, 35.73720450389746], [51.23488750783764, 35.73699176088693], [51.23492074544067, 35.736973898289584], [51.23519472968302, 35.73698009605748], [51.235212380155644, 35.73700937111113], [51.23521314425467, 35.73720377696717]], [[51.23520996240781, 35.73612182528936], [51.235173963477635, 35.73616174232609], [51.23489606012226, 35.73615574502142], [51.234878205812386, 35.736122552185485], [51.234884330510944, 35.73590980912858], [51.2349175681134, 35.735891946535126], [51.235191547868986, 35.735898144326605], [51.2352091983392, 35.73592741938424], [51.23520996240781, 35.73612182528936]], [[51.234904423858666, 35.74504856914181], [51.23486842483383, 35.745088486073946], [51.234269306430065, 35.745088126803765], [51.234241040189325, 35.745053859365086], [51.23424196876706, 35.744847830397795], [51.23428020018163, 35.74481933672177], [51.23487539399183, 35.74481989646584], [51.23490366034551, 35.744854163631715], [51.234904423858666, 35.74504856914181]], [[51.234569467915414, 35.74236325024257], [51.23457710023712, 35.74158197848018], [51.234885185967435, 35.741586894046925], [51.2348964777086, 35.74234369305559], [51.23487541340314, 35.74237904471487], [51.234600854553086, 35.74238411698674], [51.234569467915414, 35.74236325024257]], [[51.234544691339124, 35.7491466456566], [51.2345845652438, 35.74918261055457], [51.234573681486445, 35.749405348384286], [51.23426530110027, 35.74940597711507], [51.23426460493577, 35.74915892106397], [51.234544691339124, 35.7491466456566]], [[51.23454231026634, 35.74833518348406], [51.23458238803563, 35.748375066038385], [51.23458276563506, 35.74856947743394], [51.23455464016842, 35.74860392387168], [51.23362759930727, 35.748607452271905], [51.23358927591117, 35.74857916850562], [51.23358714657617, 35.74837315782727], [51.233615272258206, 35.748338711788264], [51.23454231026634, 35.74833518348406]], [[51.23453913565068, 35.74725323374984], [51.23457900955286, 35.74728919865828], [51.234568125737255, 35.74751193656803], [51.23425975320928, 35.74751256525086], [51.23425905710702, 35.74726550911439], [51.23453913565068, 35.74725323374984]], [[51.233920355773755, 35.74891741166034], [51.23395635502867, 35.74887749517969], [51.23423431141056, 35.74888349450555], [51.23425216548124, 35.74891668743859], [51.23424603940584, 35.749129429894566], [51.234212801649626, 35.749147292259444], [51.23393876716673, 35.74914109241955], [51.233921116982, 35.74911181702202], [51.233920355773755, 35.74891741166034]], [[51.23420337015019, 35.74590144268031], [51.23424324395667, 35.74593740775813], [51.23423235919513, 35.74616014566685], [51.23392399226897, 35.746160773425636], [51.233923297197045, 35.745913717222145], [51.23420337015019, 35.74590144268031]], [[51.23422787028098, 35.74562181541184], [51.23359352640746, 35.74562307053939], [51.23358728867869, 35.74537630362512], [51.23423271998579, 35.74537501460249], [51.23422787028098, 35.74562181541184]], [[51.23421686449356, 35.74185314773187], [51.2342183617013, 35.74237596408972], [51.23391582754584, 35.742376574466846], [51.233908797757174, 35.74185931972488], [51.23421686449356, 35.74185314773187]], [[51.23323026234907, 35.73482236131668], [51.234186192410625, 35.7348144551793], [51.234210762061, 35.73484740902337], [51.23420851996146, 35.73505714028648], [51.23417160165918, 35.73508193205683], [51.233225409424655, 35.73506916253568], [51.23323026234907, 35.73482236131668]], [[51.23293632470649, 35.74780641628311], [51.23389241641006, 35.74779851188982], [51.23391698598892, 35.74783146579075], [51.23391474341197, 35.74804119646685], [51.23387782505777, 35.74806598815449], [51.23293147122169, 35.74805321690986], [51.23293632470649, 35.74780641628311]], [[51.23384862839011, 35.73805794458607], [51.23388850209237, 35.73809390986904], [51.233885380298595, 35.73857768402365], [51.233854054660156, 35.73859872001331], [51.23357951061611, 35.738594728787646], [51.23355828730182, 35.73855952644981], [51.23356161489075, 35.738079670010805], [51.23359294048639, 35.738058634121984], [51.23384862839011, 35.73805794458607]], [[51.23388372599565, 35.73639490031346], [51.233847726611316, 35.73643481673358], [51.23356982210915, 35.73642881632229], [51.23355196823345, 35.736395623114205], [51.23355809640739, 35.736182880227155], [51.23359133413004, 35.73616501811513], [51.23386531504395, 35.73617121896862], [51.23388296514344, 35.736200494381244], [51.23388372599565, 35.73639490031346]], [[51.23387818951024, 35.73450148431369], [51.2338421901219, 35.73454140072325], [51.233564293471645, 35.73453540027052], [51.23354643960117, 35.734502207055], [51.23355256783146, 35.73428946408673], [51.23358580555314, 35.73427160198149], [51.23385977861566, 35.73427780287604], [51.23387742871094, 35.73430707829561], [51.23387818951024, 35.73450148431369]], [[51.23287684321388, 35.732343505751885], [51.232875478892645, 35.731874687765725], [51.2328999094194, 35.73184157325728], [51.23350649864468, 35.73183811670688], [51.23353857196335, 35.7318733296799], [51.23353949457272, 35.73210772884697], [51.23385345190133, 35.73211389803821], [51.23387110199181, 35.732143173465694], [51.23387111601631, 35.73234539022356], [51.23383194059257, 35.73237769645033], [51.232908916430155, 35.73237871901325], [51.23287684321388, 35.732343505751885]], [[51.233244898956066, 35.74486138754539], [51.23328089844702, 35.744821471396556], [51.2335588380064, 35.744827472368236], [51.23357669184832, 35.744860665503964], [51.23357056390929, 35.74507340805478], [51.23353732609517, 35.74509127016377], [51.23326330842817, 35.74508506870123], [51.23324565843819, 35.74505579311076], [51.233244898956066, 35.74486138754539]], [[51.23355716641757, 35.74318871712786], [51.23292284270454, 35.74318996857819], [51.232916607023874, 35.74294320149198], [51.233562018171, 35.74294191624696], [51.23355716641757, 35.74318871712786]], [[51.225598232559875, 35.73942609832767], [51.225599107841305, 35.73863939331263], [51.225632104742225, 35.73861480535375], [51.225891713740964, 35.73861431776211], [51.225927666510245, 35.73865010190031], [51.22592856698933, 35.73888449974205], [51.22655209627563, 35.738883373155154], [51.22658908687942, 35.73890796988285], [51.22657815799092, 35.739144723369456], [51.22626110110426, 35.73915445624423], [51.226261866007114, 35.73942485225742], [51.227228778346976, 35.73942479623807], [51.22725704240794, 35.7394590663469], [51.22725794680197, 35.739693464336966], [51.229544260781104, 35.73968936237312], [51.22958021461764, 35.739725144848016], [51.229581125825504, 35.739959543145176], [51.231535674665956, 35.739956035927385], [51.231571629084144, 35.73999181749661], [51.23157254613389, 35.74022621605505], [51.23352710165117, 35.74022267645868], [51.23356247005806, 35.74025457826108], [51.23356363541785, 35.74045678655236], [51.233523894576855, 35.74049297962979], [51.23127755111692, 35.74049712632111], [51.23124159669249, 35.7404613445995], [51.23124068060565, 35.74022694620122], [51.228622577513484, 35.740231711263945], [51.228586623864466, 35.74019592833525], [51.228585715563874, 35.73996153028921], [51.226299394144434, 35.739965613973524], [51.22626344117398, 35.73992982998848], [51.22626253968726, 35.73969543224971], [51.22464368841993, 35.73969841975283], [51.224604403423385, 35.739666328977144], [51.22460326068667, 35.73946412033828], [51.22463519720697, 35.7394287157115], [51.225598232559875, 35.73942609832767]], [[51.23296949881899, 35.75050215087585], [51.232929625272426, 35.75046618518131], [51.23294051347965, 35.75024344772147], [51.23324889749127, 35.750242822528485], [51.23324959065514, 35.75048987854939], [51.23296949881899, 35.75050215087585]], [[51.233259659118175, 35.74992057161691], [51.2332236595351, 35.749960487803094], [51.23294569891408, 35.74995448613087], [51.232927845218605, 35.74992129278916], [51.232933974732745, 35.74970855056157], [51.232967212522354, 35.74969068864237], [51.23324124955724, 35.74969689073724], [51.233258899501024, 35.74972616627847], [51.233259659118175, 35.74992057161691]], [[51.23324624347014, 35.745322284735025], [51.23321024387733, 35.74536220089565], [51.232932302336685, 35.74535619912298], [51.23291444865387, 35.74532300576326], [51.232920578304565, 35.74511026333837], [51.232953816091815, 35.74509240143562], [51.233227834047575, 35.74509860362997], [51.23324548398117, 35.745127879188], [51.23324624347014, 35.745322284735025]], [[51.23291907910593, 35.73319093597083], [51.23287920558205, 35.73315497018124], [51.23288233372632, 35.732671195625045], [51.23291365940884, 35.73265015999639], [51.23318817906981, 35.73265415285651], [51.2332094021892, 35.732689355289104], [51.23320607223273, 35.733169212213134], [51.23317474650743, 35.73319024794259], [51.23291907910593, 35.73319093597083]], [[51.23318681967326, 35.72995360953355], [51.23319897531247, 35.730734818666946], [51.233167649587244, 35.73075585438714], [51.23289313805217, 35.73075186146225], [51.23287191498362, 35.73071665887862], [51.23287880222374, 35.72995977855933], [51.23318681967326, 35.72995360953355]], [[51.232640043436156, 35.751314254993055], [51.23260016998247, 35.751278289141034], [51.23261105906945, 35.75105555177379], [51.23291944645988, 35.75105492745034], [51.23292013866422, 35.75130198344064], [51.232640043436156, 35.751314254993055]], [[51.23258367314031, 35.74567413487924], [51.23261967285696, 35.74563421903512], [51.232897615795494, 35.7456402215459], [51.23291546942212, 35.74567341486515], [51.2329093397647, 35.7458861573019], [51.232876101890156, 35.74590401917251], [51.23260208083835, 35.74589781619301], [51.23258443103229, 35.7458685404274], [51.23258367314031, 35.74567413487924]], [[51.232225098355265, 35.73643819837619], [51.23221116994726, 35.73669957828045], [51.23190865929249, 35.73670018332903], [51.23190164254644, 35.736182927851544], [51.232555977745825, 35.73616697772466], [51.232569905065546, 35.73590559770668], [51.232877967210115, 35.73591051875156], [51.232874688455155, 35.736698295861984], [51.232572177821496, 35.73669890264051], [51.23255676459268, 35.73643755767592], [51.232225098355265, 35.73643819837619]], [[51.232882939065604, 35.73450341488991], [51.23284693933622, 35.73454333083591], [51.23256904266736, 35.73453732804891], [51.23255118912306, 35.73450413455352], [51.23255731996571, 35.73429139170401], [51.23259055777742, 35.73427352996055], [51.23286453086728, 35.734279733155844], [51.23288218068409, 35.734309008842374], [51.232882939065604, 35.73450341488991]], [[51.232289364260154, 35.74482319706391], [51.232249490908885, 35.7447872310144], [51.23226038109814, 35.744564493430794], [51.23256874155768, 35.74456387016037], [51.232569432564, 35.7448109264494], [51.232289364260154, 35.74482319706391]], [[51.232217315394564, 35.73377331064125], [51.232253315250034, 35.733733395017566], [51.23253120882945, 35.73373939856595], [51.23254906231461, 35.73377259202512], [51.23254293143313, 35.7339853349329], [51.2325096935347, 35.73400319664036], [51.23223572183684, 35.733996992636904], [51.23221807214991, 35.733967716738995], [51.232217315394564, 35.73377331064125]], [[51.232528074575086, 35.731577822903745], [51.232540223978184, 35.73235903194316], [51.23250889816586, 35.73238006742997], [51.23223437988241, 35.73237607300919], [51.232213157033925, 35.732340870220646], [51.232220050346356, 35.731583990192775], [51.232528074575086, 35.731577822903745]], [[51.232264216704415, 35.74992249779154], [51.23222821678017, 35.74996241351379], [51.23195025614054, 35.74995640950587], [51.23193240277143, 35.74992321588404], [51.23193853489989, 35.7497104737754], [51.2319717727795, 35.74969261221821], [51.232245809841714, 35.74969881661525], [51.232263459506875, 35.74972809242369], [51.232264216704415, 35.74992249779154]], [[51.23221258511587, 35.745905301701114], [51.232252458358786, 35.745941267750325], [51.2322493271116, 35.74642504111611], [51.23221800125529, 35.74644607653644], [51.2319434246216, 35.74644208165062], [51.23192220184747, 35.746406878816494], [51.23192553881529, 35.7459270231858], [51.231956864628785, 35.74590598786634], [51.23221258511587, 35.745905301701114]], [[51.230933773828056, 35.74375294050102], [51.23221409996493, 35.743742153394116], [51.23224617290979, 35.74377736686317], [51.23224618308448, 35.743979583099765], [51.232207007272045, 35.74401188860774], [51.23092891430438, 35.743999741198586], [51.230933773828056, 35.74375294050102]], [[51.23093143042706, 35.742941477387895], [51.232211743095704, 35.74293069035603], [51.23224381603915, 35.74296590382916], [51.23224382619049, 35.743168120102084], [51.23220465037737, 35.74320042560587], [51.23092657087713, 35.743188278121366], [51.23093143042706, 35.742941477387895]], [[51.232166245697144, 35.7299465142141], [51.23220611891925, 35.72998248035067], [51.23220669410698, 35.73018081026656], [51.23218226330259, 35.73021392456376], [51.231583488155216, 35.73021812698614], [51.23154649667523, 35.730193532352665], [51.231543041465144, 35.729983830606834], [51.231567472392506, 35.729950716562236], [51.232166245697144, 35.7299465142141]], [[51.230560658383936, 35.729417712061185], [51.23217247580925, 35.72940629022137], [51.232204548729094, 35.72944150376236], [51.232204558491304, 35.72964372064075], [51.232165382666714, 35.72967602607484], [51.230555797412904, 35.72966451337472], [51.230560658383936, 35.729417712061185]], [[51.23164615117696, 35.75185715057405], [51.231606278004385, 35.75182118423917], [51.231617169788585, 35.75159844706971], [51.23192555945643, 35.75159782540268], [51.23192624872006, 35.75184488138647], [51.23164615117696, 35.75185715057405]], [[51.23151765926195, 35.73508706791062], [51.23155753230294, 35.735123034342685], [51.23155844919008, 35.73535743310313], [51.231854114742845, 35.735357101989145], [51.23188347551129, 35.73537461006688], [51.23189082524454, 35.73558728945967], [51.23187312435518, 35.73562061321453], [51.231267392839996, 35.73562852832129], [51.23123411341547, 35.73561083521095], [51.23123065774937, 35.73510878748884], [51.23126198364956, 35.7350877524499], [51.23151765926195, 35.73508706791062]], [[51.231556953187585, 35.734856541606966], [51.23159295326811, 35.73481662628635], [51.2318708513464, 35.73482263136737], [51.23188870461708, 35.734855825008886], [51.231882572026045, 35.735068567791025], [51.231849334067036, 35.735086429261166], [51.23157535786469, 35.73508022374716], [51.23155770836104, 35.735050947675205], [51.231556953187585, 35.734856541606966]], [[51.23092632701342, 35.73373594909708], [51.23152904826993, 35.73373763911279], [51.23155361713039, 35.73377059387618], [51.23155453397237, 35.734004992692725], [51.23185019391098, 35.73400466160815], [51.231883266715116, 35.73402907128274], [51.23187235291426, 35.73426582576612], [51.231555317368006, 35.7342755727606], [51.23155575683447, 35.7345098998313], [51.23153132584077, 35.734543013919655], [51.23124896087797, 35.73454356435178], [51.23122439203871, 35.7345106094517], [51.23122347615033, 35.73427621080647], [51.23092781533068, 35.734276540264474], [51.23089474259792, 35.734252130217435], [51.23089701176392, 35.73375360985482], [51.23092632701342, 35.73373594909708]], [[51.23155303806642, 35.73350410106934], [51.2315890381498, 35.73346418575619], [51.231866930619915, 35.733470190866555], [51.23188478388689, 35.73350338451335], [51.23187865125589, 35.73371612735354], [51.23184541329757, 35.733733988818855], [51.23157144270314, 35.733727783275775], [51.231553793202465, 35.733698507198916], [51.23155303806642, 35.73350410106934]], [[51.229949990125, 35.74779400209447], [51.22993619454019, 35.74701634971477], [51.22996919071868, 35.746991760041], [51.23026483081878, 35.7469909557111], [51.230264394823806, 35.746756628914426], [51.230285279084036, 35.746725202373376], [51.231551340500644, 35.74671804339468], [51.23158664529269, 35.74673909605616], [51.23157741753065, 35.74697939186848], [51.23126032920791, 35.74698913827526], [51.23126076812672, 35.74722346478408], [51.23123633706029, 35.74725657881404], [51.23026570218571, 35.74726153514892], [51.23026709879882, 35.74776242570517], [51.230246032926395, 35.747797775910286], [51.229949990125, 35.74779400209447]], [[51.23125726934808, 35.74594718070212], [51.231293269518986, 35.745907265474955], [51.23157121360448, 35.74591327109361], [51.23158906679677, 35.74594646478523], [51.23158293366226, 35.74615920705179], [51.23154969566756, 35.74617706844076], [51.2312756734572, 35.746170862397975], [51.231258024022004, 35.74614158627717], [51.23125726934808, 35.74594718070212]], [[51.231546639634324, 35.74509511793732], [51.23158651268833, 35.74513108431475], [51.23157562066754, 35.745353821791745], [51.231267257023546, 35.74535444241174], [51.23126656986488, 35.74510738612393], [51.231546639634324, 35.74509511793732]], [[51.23151139511386, 35.73292316300598], [51.231551268152046, 35.73295912944985], [51.231551841780266, 35.73315745924276], [51.23152741078376, 35.7331905733252], [51.23092861092488, 35.733194772566456], [51.230891619548316, 35.7331701776651], [51.23088816597849, 35.732960476002816], [51.23091259709798, 35.73292736217302], [51.23151139511386, 35.73292316300598]], [[51.229965582631635, 35.74969951245766], [51.230936248119654, 35.749694558526606], [51.23095018025825, 35.74943317921798], [51.231242668127905, 35.749426568106855], [51.2312674406293, 35.74946344061058], [51.23126576997912, 35.74993974080064], [51.231228851205024, 35.749964531372974], [51.22998159393997, 35.74996692223716], [51.22994460271826, 35.74994232698755], [51.22994115124934, 35.74973262601855], [51.229965582631635, 35.74969951245766]], [[51.23096531727278, 35.745907702671985], [51.23092544429581, 35.74587173598081], [51.230936338069384, 35.74564899867614], [51.23124470306098, 35.74564837893774], [51.23124539015921, 35.745895435201746], [51.23096531727278, 35.745907702671985]], [[51.23059133368345, 35.7451369914993], [51.23062733408347, 35.74509707658583], [51.23090527481443, 35.745103083778915], [51.230923127786966, 35.745136277660386], [51.230916992886, 35.74534901988244], [51.23088375483171, 35.74536688102723], [51.23060973596992, 35.745360673432494], [51.23059208672224, 35.74533139713066], [51.23059133368345, 35.7451369914993]], [[51.23057775574504, 35.740769151229664], [51.2305926256421, 35.74050772370605], [51.23090070684018, 35.740512649970334], [51.23091274203122, 35.741539937815986], [51.230888129334254, 35.74157697534588], [51.23028925987341, 35.74158117164284], [51.23025226860015, 35.74155657649717], [51.23025008175655, 35.740794498190304], [51.23028307788135, 35.74076990841318], [51.23057775574504, 35.740769151229664]], [[51.23089556114907, 35.73558920364749], [51.230859560739916, 35.735629118672314], [51.2305816595475, 35.73562311124017], [51.2305638066526, 35.735589917189245], [51.2305699426882, 35.73537717462396], [51.23060318068052, 35.73535931360021], [51.230877158311074, 35.73536552137384], [51.23089480757329, 35.735394797590374], [51.23089556114907, 35.73558920364749]], [[51.23084322348641, 35.73130150849316], [51.23088309633467, 35.73133747526946], [51.230872202087724, 35.73156021321364], [51.23056389564699, 35.73156083171022], [51.230563210906276, 35.73131377478852], [51.23084322348641, 35.73130150849316]], [[51.230320420965775, 35.75240067370813], [51.23028054816826, 35.752364706728414], [51.23028369098863, 35.75188093402545], [51.2303150170199, 35.75185989928288], [51.23058961642694, 35.751863897858655], [51.23061083869984, 35.75189910105692], [51.230607494186074, 35.75237895609865], [51.23057616811196, 35.752399990942116], [51.230320420965775, 35.75240067370813]], [[51.22993354548686, 35.744001647575146], [51.229921704216686, 35.74297043627155], [51.22994613561298, 35.742937322740026], [51.23057595122339, 35.74294767631194], [51.23057343067098, 35.74400594012474], [51.22993354548686, 35.744001647575146]], [[51.230215772998584, 35.72995030767488], [51.22989866891152, 35.729941799073785], [51.22989244251568, 35.72969503110875], [51.23053218934683, 35.729688234988195], [51.23053919713186, 35.73020549120001], [51.2302311785786, 35.73021165314714], [51.230215772998584, 35.72995030767488]], [[51.22987636122742, 35.72724596597994], [51.23019900874356, 35.72726000260334], [51.23020963792451, 35.7277863086871], [51.23052673319475, 35.7277948164032], [51.23052742664922, 35.728047145771534], [51.22991080806194, 35.728056648151174], [51.229878735740996, 35.72802143361785], [51.229877823955306, 35.72778703488466], [51.22922345204491, 35.7277736296263], [51.229226767196806, 35.72698585137818], [51.22985088111448, 35.72697861174522], [51.22987544946885, 35.72701156710957], [51.22987636122742, 35.72724596597994]], [[51.230242174259, 35.739106818994316], [51.23020617362984, 35.739146733729356], [51.22992825784172, 35.739140724816764], [51.22991040515473, 35.73910753059284], [51.22991654282897, 35.73889478825783], [51.22994978088308, 35.738876927462854], [51.230223773114204, 35.738883136695314], [51.230241422198446, 35.73891241307716], [51.230242174259, 35.739106818994316]], [[51.23021602844331, 35.735098634306006], [51.23021749972318, 35.73562145142155], [51.22991499349312, 35.7356220512543], [51.229907989458525, 35.735104795460764], [51.23021602844331, 35.735098634306006]], [[51.230180527922975, 35.73157326776713], [51.230220604233715, 35.731613152577914], [51.230207378907885, 35.73210510555241], [51.22956759245764, 35.732100810626775], [51.22957168010214, 35.731583521221175], [51.230180527922975, 35.73157326776713]], [[51.229616148659716, 35.75217156984372], [51.229652149386176, 35.7521316553556], [51.229930119318716, 35.7521376647325], [51.229947971984046, 35.752170858866805], [51.229941834675536, 35.75238360066784], [51.22990859652766, 35.75240146147553], [51.22963454845687, 35.75239525172899], [51.22961689947243, 35.75236597518532], [51.229616148659716, 35.75217156984372]], [[51.22989155785121, 35.74645073744792], [51.22993143043732, 35.74648670462748], [51.22993200033522, 35.74668503383831], [51.229907568870836, 35.74671814740996], [51.229308656708106, 35.7467223389613], [51.229271665589984, 35.746697743416405], [51.229268215945226, 35.74648804224391], [51.22929264753264, 35.74645492892509], [51.22989155785121, 35.74645073744792]], [[51.22894459085726, 35.74429772055113], [51.22991071503044, 35.74429585680054], [51.22991771963476, 35.74481311175473], [51.22960964044692, 35.744819272286946], [51.22959423647062, 35.744557927405594], [51.228939725444455, 35.744544521115856], [51.22894459085726, 35.74429772055113]], [[51.22960193470274, 35.74722271908438], [51.22956593386312, 35.747262633554676], [51.22928798439887, 35.747256623260064], [51.22927013190739, 35.74722342888081], [51.22927627108644, 35.74701068697363], [51.22930950920466, 35.74699282639131], [51.22958353511552, 35.74699903698509], [51.22960118403177, 35.74702831351578], [51.22960193470274, 35.74722271908438]], [[51.22830244306389, 35.7429374045135], [51.22826236728109, 35.74289751876903], [51.2282620051601, 35.74270310710282], [51.22829394058045, 35.74266770093524], [51.229548884314326, 35.74266454357258], [51.22958817038834, 35.7426966320047], [51.22958932577123, 35.742898840321615], [51.22955739065531, 35.742934247055864], [51.22830244306389, 35.7429374045135]], [[51.228592061328776, 35.742165425235676], [51.228631985110745, 35.74212531096164], [51.229555131431496, 35.742124320802944], [51.22958720358413, 35.74215953539225], [51.22958720701364, 35.74236175170016], [51.22954803056208, 35.74239405595318], [51.22862488139915, 35.74239504607853], [51.228592809448116, 35.742359831060355], [51.228592061328776, 35.742165425235676]], [[51.229570871297526, 35.73640320726535], [51.229534870435366, 35.73644312167647], [51.22925696585347, 35.73643711114928], [51.22923911339131, 35.73640391672831], [51.22924525288653, 35.73619117435654], [51.229278490999285, 35.73617331381232], [51.22955247203073, 35.736179524636476], [51.229570120923384, 35.736208801206054], [51.229570871297526, 35.73640320726535]], [[51.22950696198631, 35.72805818672216], [51.229546834454766, 35.728094154163145], [51.229535936495395, 35.72831689201168], [51.2292276434715, 35.72831750687066], [51.2292269627759, 35.728070449779025], [51.22950696198631, 35.72805818672216]], [[51.22832406695661, 35.75051105735231], [51.2282841947252, 35.75047508939073], [51.228288122083654, 35.750261804082434], [51.22831944837597, 35.75024077006521], [51.228615102251844, 35.750239969744186], [51.22861467100931, 35.750005642819225], [51.22863555574771, 35.74997421677196], [51.229238042328475, 35.749968341396865], [51.22927334684008, 35.74998939496313], [51.22927944046575, 35.75046920174198], [51.22925837426164, 35.7505045516419], [51.22832406695661, 35.75051105735231]], [[51.22861125333303, 35.74375737603016], [51.22924558215069, 35.74375614769502], [51.22925180695218, 35.74400291507214], [51.22860638691848, 35.744004176600626], [51.22861125333303, 35.74375737603016]], [[51.226912405473804, 35.7347893074822], [51.22691030865726, 35.734050001308354], [51.226950051293905, 35.73401381148795], [51.228532711683144, 35.73401100830101], [51.228568665220465, 35.73404679125748], [51.22856957332466, 35.734281189654176], [51.228901230700494, 35.73428055906491], [51.228904518141945, 35.73376078697214], [51.228935844346715, 35.7337397527768], [51.22919931474207, 35.73373982600327], [51.22923159038498, 35.73377895849784], [51.22923371467277, 35.73478872186848], [51.22919453813516, 35.73482102592714], [51.226944476918504, 35.73482452323257], [51.226912405473804, 35.7347893074822]], [[51.228251701644865, 35.73049803147794], [51.2292075932137, 35.730502234902254], [51.22921381758971, 35.73074900288839], [51.22826770727684, 35.73076544241092], [51.22823071631435, 35.730740846375234], [51.228227269727064, 35.73053114438601], [51.228251701644865, 35.73049803147794]], [[51.2235805458019, 35.72973232105513], [51.223620471268006, 35.72969220933614], [51.22917988822861, 35.72968174928925], [51.22921917421326, 35.729713837943514], [51.22922050999562, 35.72991212324659], [51.22918058630238, 35.72995223778188], [51.22362115238547, 35.7299626979255], [51.22358186763323, 35.72993060663333], [51.2235805458019, 35.72973232105513]], [[51.22921508519001, 35.72801870457779], [51.229175161493266, 35.728058819102365], [51.228252190666296, 35.728059805734205], [51.228220118838564, 35.72802459050633], [51.22822011916034, 35.72782237356481], [51.228259295835564, 35.72779006999445], [51.22918226382222, 35.72778908332926], [51.22921433585147, 35.72782429812858], [51.22921508519001, 35.72801870457779]], [[51.228609750387044, 35.74670254817638], [51.228606789045, 35.745662885789145], [51.22863811529366, 35.745641851669205], [51.22891268893212, 35.745645854205655], [51.228933910626914, 35.74568105796067], [51.22893677958694, 35.74668300870423], [51.22891571325966, 35.746718358482575], [51.22864113625256, 35.74672341706294], [51.228609750387044, 35.74670254817638]], [[51.22328203670671, 35.74163441752378], [51.22332196226207, 35.741594305904805], [51.22590011968571, 35.74158968515304], [51.22593607245944, 35.74162546927599], [51.22593697303548, 35.74185986699401], [51.227899258202186, 35.74185793218424], [51.2279277260103, 35.741896119767894], [51.22792808730224, 35.74209053147924], [51.227903655233206, 35.74212364434715], [51.22726486542434, 35.74212794724412], [51.22726640256108, 35.74266883091421], [51.22757348344339, 35.742671337515766], [51.227598051140355, 35.742704293612476], [51.22759895661306, 35.74293869151318], [51.22789465309871, 35.74293837002596], [51.227930020117704, 35.74297027427889], [51.22793117132182, 35.74317248263992], [51.22791365080298, 35.74320188170896], [51.227599726879205, 35.74320927125364], [51.227600496422085, 35.74347966705907], [51.22826397948858, 35.74347840996136], [51.228263549440584, 35.743244082650136], [51.228303291685876, 35.74320789213439], [51.22890216896676, 35.74320979536861], [51.22892673705878, 35.7432427510055], [51.22892579480244, 35.743448779942696], [51.22889148493836, 35.74347707090568], [51.22859585931818, 35.74347787189793], [51.228596290346, 35.74371219903597], [51.22856047078799, 35.74374818941349], [51.22663420874347, 35.74375030596648], [51.22660594478785, 35.74371603560363], [51.22660504220522, 35.74348163797675], [51.225977556283006, 35.74348257986048], [51.22594139995409, 35.74344287797063], [51.22594400853712, 35.7426925346699], [51.225979257804205, 35.742671301304526], [51.22660274224238, 35.74267008262242], [51.22660120959395, 35.742129198927564], [51.22497450739751, 35.742131438090986], [51.22494243653244, 35.74209622154238], [51.224941538864066, 35.7418618240758], [51.22331872401304, 35.74186460885901], [51.22328335804022, 35.74183270257411], [51.22328203670671, 35.74163441752378]], [[51.22858292282386, 35.75294496534164], [51.228622795042554, 35.752980933133806], [51.22861189511832, 35.75320366975366], [51.22830349882293, 35.753204282559224], [51.22830282028538, 35.75295722657214], [51.22858292282386, 35.75294496534164]], [[51.228212267893134, 35.725355703441465], [51.228226209369105, 35.72509432317612], [51.22852867212831, 35.72509372791817], [51.228535666959964, 35.725610984765666], [51.22789039945585, 35.72561224174468], [51.2278952684263, 35.725365440396885], [51.228212267893134, 35.725355703441465]], [[51.22790306022359, 35.73324057946987], [51.227939061557855, 35.73320066585787], [51.22821695297299, 35.73320667953264], [51.228234805043265, 35.73323987420659], [51.228228662826105, 35.733452616622074], [51.22819542453783, 35.73347047675999], [51.22792145496637, 35.73346426277529], [51.22790380648738, 35.73343498571868], [51.22790306022359, 35.73324057946987]], [[51.2269193805678, 35.733190698045526], [51.226916404842186, 35.73213217633004], [51.22756807708609, 35.7321191704158], [51.22758202044413, 35.73185779049584], [51.227887424191316, 35.731859824538105], [51.227901450675205, 35.73265951899158], [51.228218565786555, 35.73266803282154], [51.22822215653252, 35.73291771744313], [51.227238734142254, 35.73293135404174], [51.22723916093772, 35.7331656819216], [51.22719941828534, 35.73320187189107], [51.2269193805678, 35.733190698045526]], [[51.22821760039845, 35.7272091309051], [51.22818159906255, 35.7272490446481], [51.2275826282873, 35.72724865149293], [51.227554364065064, 35.72721438143427], [51.22755531018525, 35.727008351818995], [51.22759354291844, 35.72697986120207], [51.228188589163906, 35.726980454603876], [51.22821685349906, 35.727014724389996], [51.22821760039845, 35.7272091309051]], [[51.22732553958958, 35.75078363010562], [51.22791701692759, 35.75078251049673], [51.22794840262009, 35.750803379627584], [51.22795448836689, 35.751283186518926], [51.22793342171297, 35.751318536], [51.227330924227466, 35.7513244048378], [51.22729561986135, 35.75130335051986], [51.227296223973376, 35.75080128971572], [51.22732553958958, 35.75078363010562]], [[51.22765889332724, 35.749971340152285], [51.22761902128441, 35.74993537186395], [51.227629923980004, 35.749712635314644], [51.22793830591495, 35.74971202437432], [51.227938983284446, 35.74995908051424], [51.22765889332724, 35.749971340152285]], [[51.22765427255195, 35.74834841512819], [51.22761440051121, 35.74831244683114], [51.22762530325525, 35.74808971021308], [51.22793367845443, 35.74808909931271], [51.22793435577201, 35.74833615552581], [51.22765427255195, 35.74834841512819]], [[51.22765196230284, 35.74753695245141], [51.227612090263136, 35.74750098415001], [51.2276229930314, 35.74727824749757], [51.2279313648629, 35.74727763661716], [51.227932042154514, 35.74752469286688], [51.22765196230284, 35.74753695245141]], [[51.223959832989024, 35.746732461148106], [51.22266871821357, 35.7467346193869], [51.22263276629885, 35.74669883377826], [51.222623748075236, 35.74352906232165], [51.222644816490295, 35.74349371459666], [51.223247249506905, 35.7434878695593], [51.223282553301445, 35.74350892551032], [51.2232917898682, 35.74511067625723], [51.22360895590462, 35.74511920225975], [51.223624340766506, 35.745380547744794], [51.22461963526892, 35.74537869350088], [51.224630683524346, 35.74511995879301], [51.2249107537504, 35.74510770644864], [51.22495062492572, 35.74514367606386], [51.22495152269918, 35.74537807349897], [51.22560339851458, 35.745388601116304], [51.225601164673954, 35.74563830196804], [51.225284080654724, 35.74564803232383], [51.22528560459136, 35.746188915750785], [51.22727630536668, 35.74618517139809], [51.22727399909469, 35.745373800369784], [51.22662503612836, 35.7453659095691], [51.2266107258627, 35.7448624454914], [51.22664503610851, 35.74483415547479], [51.22694066786844, 35.74483335934771], [51.22694024166306, 35.744599031873506], [51.22696467394876, 35.74456591936074], [51.22727169218176, 35.744562245308856], [51.22727126501346, 35.74432791787869], [51.22729569720051, 35.744294805253105], [51.227894589654134, 35.74429062381231], [51.22792989400761, 35.744311677925246], [51.227938372374894, 35.746700223775264], [51.22790537577186, 35.74672481265602], [51.22760973650487, 35.746725611270875], [51.22761016472398, 35.746959938422634], [51.22758573256572, 35.746993051197514], [51.22727870442603, 35.74699672617069], [51.22727707739216, 35.74751294212554], [51.227244080678545, 35.747537530751075], [51.22694843792058, 35.74753832775187], [51.22694886422248, 35.74777265497853], [51.22693134343335, 35.747802053798], [51.226285594719094, 35.74781006538071], [51.226286359948126, 35.74808046100349], [51.22660038250147, 35.748086649130705], [51.226618030584206, 35.748115926459], [51.2266170825061, 35.74832195512854], [51.22658277216583, 35.74835024515026], [51.226287125916826, 35.7483510405369], [51.226287550301336, 35.748585367838494], [51.226263117749575, 35.74861848016433], [51.22595608263281, 35.74862215176494], [51.22595650605416, 35.74885647911056], [51.22593562047073, 35.74888790437066], [51.225649648789506, 35.74889012864499], [51.22562508159543, 35.74885717186273], [51.225624181762484, 35.74862277458622], [51.22530144657075, 35.74860872561048], [51.22529084836142, 35.74808242125531], [51.224973669818986, 35.74807389972649], [51.22495828057446, 35.74781255455688], [51.224306384818775, 35.74780202336992], [51.22429315173597, 35.74727281834127], [51.22399743790518, 35.747273130942965], [51.223963035090634, 35.747245027931456], [51.223959832989024, 35.746732461148106]], [[51.227868379247234, 35.735094034334175], [51.22790825125518, 35.73513000254617], [51.227908815903476, 35.73532833230216], [51.227884383820594, 35.73536144514097], [51.227285565834855, 35.73536562625717], [51.22724857502752, 35.735341029819935], [51.22724513089883, 35.73513132796246], [51.227269563104684, 35.73509821537634], [51.227868379247234, 35.735094034334175]], [[51.22761958769845, 35.75020186515927], [51.22758358618274, 35.75024177871795], [51.22730562433558, 35.75023576381586], [51.22728777248878, 35.750202568887836], [51.227293916809565, 35.74998982734695], [51.22732715510925, 35.74997196747818], [51.22760119341969, 35.74997818261299], [51.227618841785144, 35.75000745966738], [51.22761958769845, 35.75020186515927]], [[51.22725647750035, 35.739192572366676], [51.227292479049645, 35.73915265903151], [51.22757039515523, 35.73915867413558], [51.22758824702405, 35.73919186897331], [51.227582103238, 35.739404611053786], [51.227548864886714, 35.73942247097131], [51.22727487062011, 35.739416255578405], [51.22725722231392, 35.73938697836501], [51.22725647750035, 35.739192572366676]], [[51.22753123952304, 35.73320124488218], [51.22757111143465, 35.73323721326614], [51.227560208207265, 35.7334599505472], [51.227251893809765, 35.73346056019739], [51.22725121886055, 35.73321350330236], [51.22753123952304, 35.73320124488218]], [[51.22751969778555, 35.729143920136956], [51.22755977321346, 35.729183806290116], [51.22756013335345, 35.7293782185724], [51.227532005749715, 35.72941266226494], [51.22660520336367, 35.72941613564317], [51.22656688133495, 35.72938784865879], [51.226564770431075, 35.72918183671391], [51.22659289825004, 35.729147393419716], [51.22751969778555, 35.729143920136956]], [[51.22693309695844, 35.7280630682862], [51.22689322513149, 35.72802709955682], [51.226892663149364, 35.72782876945596], [51.2269170954693, 35.72779565701504], [51.227531155290144, 35.72779449019749], [51.227555926477805, 35.72783136410604], [51.227554232703504, 35.72830766606912], [51.22752123604008, 35.728332254744856], [51.22725028443125, 35.7283299184217], [51.22722571678614, 35.728296962123096], [51.22722481276414, 35.72806256376443], [51.22693309695844, 35.7280630682862]], [[51.226957492704145, 35.75074409399647], [51.22692149096213, 35.750784007248775], [51.226322324863304, 35.75078360848821], [51.22629406099374, 35.75074933803089], [51.226295009847625, 35.750543309490496], [51.2263332428334, 35.75051481935811], [51.2269284844067, 35.75051541832533], [51.22695674838927, 35.75054968850977], [51.226957492704145, 35.75074409399647]], [[51.22629025560414, 35.749472982543956], [51.22632625747335, 35.74943306961709], [51.22659729691089, 35.74943540775044], [51.22662186432598, 35.74946836416125], [51.22662276710292, 35.7497027616443], [51.22694550716004, 35.749716806863255], [51.226941403854106, 35.75023409455616], [51.22664891258131, 35.75024069495706], [51.22662434508897, 35.75020773852381], [51.22662344229411, 35.74997334116679], [51.22630070128656, 35.74995929496705], [51.22629025560414, 35.749472982543956]], [[51.22556254049447, 35.72675323329083], [51.225598542637655, 35.72671332079533], [51.22622581749856, 35.7267119043303], [51.226231898285704, 35.72645924582865], [51.22626121399399, 35.726441586626756], [51.226556769593614, 35.726440791705706], [51.22657071632802, 35.72617941158415], [51.22685172239955, 35.72616998440045], [51.22688479438122, 35.726194396047354], [51.226889953164914, 35.726941151798236], [51.226865339048814, 35.72697818784366], [51.22559535197885, 35.72698285624596], [51.225563280942126, 35.72694763990155], [51.22556254049447, 35.72675323329083]], [[51.22662107426295, 35.74912179468693], [51.22658507240387, 35.74916170777582], [51.22630711502886, 35.74915569051501], [51.22628926351134, 35.74912249530276], [51.2262954104777, 35.74890975383477], [51.22632864886682, 35.74889189433178], [51.226602682714145, 35.74889811179155], [51.22662033079862, 35.748927389116965], [51.22662107426295, 35.74912179468693]], [[51.22654443303429, 35.736178492672764], [51.22658430466795, 35.736214461526224], [51.22658113878502, 35.73669823543702], [51.22654981218924, 35.73671926878384], [51.226275275787124, 35.736715260677016], [51.22625405494758, 35.73668005599946], [51.22625742627467, 35.73620019989986], [51.226288752827635, 35.73617916665383], [51.22654443303429, 35.736178492672764]], [[51.22623958591497, 35.73672911443377], [51.22624103186678, 35.73725193154812], [51.22593851878077, 35.73725252103984], [51.225931539902845, 35.73673526496094], [51.22623958591497, 35.73672911443377]], [[51.22625175927183, 35.73586851580531], [51.22621183459274, 35.73590862888299], [51.225288765865564, 35.7359095931147], [51.22525669491235, 35.73587437667482], [51.225256702545735, 35.73567216008687], [51.22529587993173, 35.73563985787879], [51.22621894581757, 35.735638893613505], [51.226251016972384, 35.73567410962466], [51.22625175927183, 35.73586851580531]], [[51.226209615192204, 35.73509716430247], [51.226249486730566, 35.735133133323515], [51.226238579944244, 35.73535587029092], [51.22593025765251, 35.735356476429914], [51.22592958658438, 35.73510941959701], [51.226209615192204, 35.73509716430247]], [[51.225251384619526, 35.73405704128659], [51.225287386861396, 35.734017128906395], [51.22556843798083, 35.73402547862538], [51.225583828820064, 35.73428682442092], [51.22590095030397, 35.734295344442266], [51.22591634221235, 35.73455669019482], [51.22621200366945, 35.73455637296524], [51.22624136388815, 35.73457388290668], [51.226239680522376, 35.734811977388496], [51.22526813934486, 35.73481937190638], [51.225252749498864, 35.73455802617508], [51.22495708832693, 35.73455834095651], [51.224920932354365, 35.73451863855366], [51.22492057852182, 35.734324226500284], [51.22493809984391, 35.734294828290714], [51.22525198741738, 35.73428744600095], [51.225251384619526, 35.73405704128659]], [[51.22591106196538, 35.73270335621995], [51.22594706398271, 35.73266344353797], [51.2262249531903, 35.73266946189249], [51.226242804606755, 35.732702657128165], [51.22623665714955, 35.73291539932852], [51.226203418681514, 35.73293325874104], [51.225929451300075, 35.73292704014364], [51.22591180337923, 35.73289776255126], [51.22591106196538, 35.73270335621995]], [[51.224942628106916, 35.73077247380935], [51.226222754613346, 35.73077837349207], [51.226228970145, 35.73102514173455], [51.22495112007241, 35.73104217821614], [51.224911835003894, 35.731010087553294], [51.224910691671205, 35.73080787853276], [51.224942628106916, 35.73077247380935]], [[51.22391850331947, 35.72672535593959], [51.225216127293066, 35.72672291342519], [51.225216804747625, 35.72697524293608], [51.224899798015066, 35.72698497197091], [51.22490055797592, 35.727255368557714], [51.225881090843345, 35.72726264695263], [51.22589648250759, 35.72752399301956], [51.22619211477691, 35.72752367593914], [51.22622651795638, 35.72755177808299], [51.2262213210986, 35.728320257660656], [51.225907755699595, 35.72832087968884], [51.22589715461694, 35.72779457355478], [51.22558006018145, 35.72778605333662], [51.22556466951944, 35.72752470732181], [51.224597905630176, 35.727524749336915], [51.224569642300246, 35.727490478138805], [51.22456874607715, 35.72725608011021], [51.224273115301095, 35.727256393106494], [51.22424375519417, 35.727238882508196], [51.22423626768803, 35.726986210158216], [51.22391362258874, 35.72697215700871], [51.22391850331947, 35.72672535593959]], [[51.22622269137175, 35.725589958205006], [51.22618668935067, 35.725629871012444], [51.22590882956773, 35.725623852474655], [51.22589097822184, 35.72559065707964], [51.22589712673717, 35.72537791464032], [51.22593036514459, 35.72536005533963], [51.22620430140904, 35.72536627406052], [51.22622194935006, 35.725395551558336], [51.22622269137175, 35.725589958205006]], [[51.22397044128117, 35.75051919554051], [51.22397577069039, 35.74999605050826], [51.224005086635394, 35.74997839199587], [51.224300740209884, 35.74997760228568], [51.2243032976859, 35.74918734362103], [51.22433462450034, 35.74916631104627], [51.2246092128526, 35.749170323464845], [51.22463022970789, 35.74920161080274], [51.22463112664044, 35.74943600802348], [51.224938235274514, 35.7494385212951], [51.224962802197034, 35.74947147827795], [51.22496370011096, 35.749705875533046], [51.22525942433945, 35.74970556043058], [51.225288784456694, 35.74972307065113], [51.2252970381341, 35.75024622960801], [51.225920661672866, 35.75024510596329], [51.22595596578505, 35.75026616083952], [51.22595965797345, 35.751576310020134], [51.22592440861039, 35.75159754338906], [51.22532915838763, 35.75159693948847], [51.22530089481435, 35.751562668654174], [51.22529999586604, 35.75132827153576], [51.2249682676724, 35.75132889245193], [51.2249649557026, 35.751848663235876], [51.224933628888756, 35.75186969603929], [51.22465902959589, 35.751865684418355], [51.224637809278136, 35.75183047927391], [51.22463635554472, 35.75132951258882], [51.22401272338589, 35.751330629509624], [51.223974401866954, 35.75130234143598], [51.22397229715263, 35.75109633034644], [51.22398981871887, 35.751066932343974], [51.22430377602732, 35.75105955230638], [51.22430301741968, 35.75078915678095], [51.22367938978979, 35.750790271957946], [51.22364408586284, 35.75076921619574], [51.223653336599206, 35.75052892151314], [51.22397044128117, 35.75051919554051]], [[51.22594598573286, 35.74506572868446], [51.225909983638054, 35.74510564144222], [51.22563204308653, 35.7450996225385], [51.22561419179741, 35.745066427124115], [51.22562034062328, 35.74485368556138], [51.22565357907037, 35.744835826313775], [51.2259275961011, 35.744842045393305], [51.22594524399111, 35.744871322911195], [51.22594598573286, 35.74506572868446]], [[51.225885502744596, 35.73780266864592], [51.225925374192464, 35.73783863781437], [51.2259144665824, 35.738061374608755], [51.22560613306082, 35.73806197992429], [51.22560546289244, 35.73781492320757], [51.225885502744596, 35.73780266864592]], [[51.22558008188005, 35.732974466835046], [51.22561608401049, 35.732934554306134], [51.22589397434551, 35.732940573432955], [51.22591182565397, 35.73297376876087], [51.225905677333834, 35.733186510909846], [51.22587243883565, 35.73320437020273], [51.22559847032392, 35.733198150844096], [51.22558082249533, 35.7331688731637], [51.22558008188005, 35.732974466835046]], [[51.224904267780374, 35.728607811184006], [51.22490384793165, 35.728373482578284], [51.22493578437155, 35.728338077866695], [51.22585876581887, 35.72833557947999], [51.22589805101397, 35.72836766970085], [51.22589919678554, 35.72856987879232], [51.22588167567445, 35.72859927727809], [51.2255678118869, 35.728606661226465], [51.22556823368562, 35.728840989602176], [51.225547347962724, 35.72887241468278], [51.22490512048853, 35.72887839155237], [51.224891168503426, 35.72913977138578], [51.2245952146539, 35.729144696587085], [51.224573994395435, 35.72910949134818], [51.22457737613182, 35.72862963469472], [51.22460870290212, 35.728608602075425], [51.224904267780374, 35.728607811184006]], [[51.22589174164304, 35.72586106999362], [51.22585573950888, 35.72590098264806], [51.22557787859889, 35.72589496333818], [51.225560027360984, 35.72586176785096], [51.22556617673895, 35.72564902546299], [51.22559941517651, 35.725631166281914], [51.22587335257084, 35.7256373857638], [51.22589100041963, 35.725666663349585], [51.22589174164304, 35.72586106999362]], [[51.225307016111785, 35.7538026497163], [51.22534301831326, 35.75376273723013], [51.225620995059636, 35.75376875669502], [51.22563884631488, 35.753801952037165], [51.22563269772301, 35.75401469325137], [51.22559945918442, 35.754032552495815], [51.22532540426225, 35.754026332806085], [51.2253077564819, 35.753997055110155], [51.225307016111785, 35.7538026497163]], [[51.224618252806515, 35.74480171952327], [51.22461599460538, 35.744066338131745], [51.22463706234125, 35.744030989771325], [51.22557128963331, 35.744024513069974], [51.22560659370728, 35.744045568101434], [51.225597348494254, 35.74428586331486], [51.22528027008315, 35.744295593639336], [51.22528163531174, 35.74479648548992], [51.225260567736704, 35.74483183409939], [51.22464281969695, 35.744834676665974], [51.224618252806515, 35.74480171952327]], [[51.225609612325044, 35.74344342485127], [51.22557361011323, 35.743483337445696], [51.22529567628902, 35.74347731772927], [51.225277825113004, 35.7434441222154], [51.225283974856715, 35.74323138062273], [51.22531721333299, 35.74321352150139], [51.22559122363975, 35.74321974138213], [51.22560887143341, 35.74324901899479], [51.225609612325044, 35.74344342485127]], [[51.225595113754096, 35.738304154509215], [51.225559111531766, 35.73834406707603], [51.22496004859816, 35.7383436611592], [51.224931785148854, 35.73830939013732], [51.22493273776209, 35.73810336107358], [51.22497097101513, 35.738074871594236], [51.225566109438724, 35.738075477670506], [51.225594373001, 35.73810974841968], [51.225595113754096, 35.738304154509215]], [[51.223931205943266, 35.736493911756526], [51.223967208634825, 35.73645399998145], [51.224594564587136, 35.736452591738754], [51.22459414545565, 35.73621826345709], [51.224626081981526, 35.736182858846036], [51.22524278355641, 35.736190005563174], [51.225257084931215, 35.7366934707242], [51.22522277430975, 35.73672176014365], [51.22492717602511, 35.7367225520219], [51.22492869704845, 35.737263436266396], [51.2255775926216, 35.73727133644406], [51.22558456935229, 35.73778859250782], [51.224612991061804, 35.73779598179661], [51.224596084070704, 35.73699365994275], [51.223947191039414, 35.73698575431664], [51.223931205943266, 35.736493911756526]], [[51.22525443151935, 35.7351389941171], [51.22529043375902, 35.7350990817311], [51.22556833307298, 35.73510510159026], [51.22558618427847, 35.735138297003246], [51.225580035149804, 35.735351039019484], [51.22554679662054, 35.73536889819927], [51.22527281912737, 35.73536267811903], [51.22525517138698, 35.73533340035729], [51.22525443151935, 35.7351389941171]], [[51.225578330520165, 35.73235341492663], [51.225542328285655, 35.732393327461466], [51.22528274539164, 35.73239381421446], [51.2252533851891, 35.73237630396119], [51.225245291307026, 35.731893135039996], [51.22526299433592, 35.731859813192656], [51.225536955830954, 35.731852550889954], [51.22557023466983, 35.731870246097564], [51.225578330520165, 35.73235341492663]], [[51.22364708655404, 35.75345917618216], [51.22364577528936, 35.752990359771104], [51.22367020855011, 35.752957248362726], [51.22430908909719, 35.75295296437282], [51.22430867040372, 35.752718636835795], [51.224333103466584, 35.75268552520049], [51.224935984354815, 35.75268154337012], [51.2249719368544, 35.75271732788862], [51.224972834873704, 35.75295172500871], [51.2252685725869, 35.752951409837664], [51.22529995793616, 35.75297227992028], [51.225305846174614, 35.753456010556256], [51.22526610297961, 35.75349219966459], [51.22368303876949, 35.753494961304206], [51.22364708655404, 35.75345917618216]], [[51.22493667299305, 35.725902896967845], [51.22489680173229, 35.72586692725648], [51.22490771237366, 35.72564419015418], [51.22521599453284, 35.725643586918764], [51.22521666325316, 35.72589064419069], [51.22493667299305, 35.725902896967845]], [[51.22464547756362, 35.754575361259555], [51.224328272159994, 35.75456683809957], [51.22432206171248, 35.75432007075774], [51.22496201338154, 35.75431330413732], [51.22496898707612, 35.75483055872151], [51.224660865981264, 35.75483670615763], [51.22464547756362, 35.754575361259555]], [[51.22464335524728, 35.75380389076938], [51.2246793576762, 35.75376397859259], [51.22495733443431, 35.75376999961484], [51.22497518547193, 35.75380319514377], [51.22496903513684, 35.7540159362783], [51.224935796538276, 35.75403379528136], [51.224661741598545, 35.75402757405657], [51.224644094003985, 35.75399829618248], [51.22464335524728, 35.75380389076938]], [[51.224669523087606, 35.7488950042454], [51.22462965189168, 35.74885903449402], [51.22464056275954, 35.748636298424806], [51.22494894029709, 35.748635695520235], [51.22494960875804, 35.74888275176122], [51.224669523087606, 35.7488950042454]], [[51.224921692747486, 35.734789051349814], [51.224885690290634, 35.734828963588676], [51.22428665648165, 35.734828554211504], [51.22425839323734, 35.73479428291996], [51.22425934765234, 35.73458825371477], [51.22429758103791, 35.73455976454915], [51.224892690343786, 35.734560374062724], [51.22492095370105, 35.73459464508162], [51.224921692747486, 35.734789051349814]], [[51.22428607530021, 35.73185508185114], [51.22489885687666, 35.731862814385806], [51.22490941150267, 35.73210304823785], [51.22487808468948, 35.732124080968795], [51.22458250539667, 35.732124871934786], [51.22458292439608, 35.73235920031077], [51.22455849131554, 35.73239231199776], [51.22427258513633, 35.73239117603683], [51.22425136498164, 35.73235597070547], [51.22425474848631, 35.73187611436254], [51.22428607530021, 35.73185508185114]], [[51.224336954184515, 35.748625135870086], [51.22429708308288, 35.748589165955366], [51.22430799486314, 35.74836642993317], [51.22461637128837, 35.74836582792507], [51.224617038754786, 35.748612884184006], [51.224336954184515, 35.748625135870086]], [[51.22432708956565, 35.745108796167735], [51.22428721846845, 35.74507282623441], [51.22429813035214, 35.74485009006311], [51.22460649218484, 35.744849488140304], [51.22460715954041, 35.7450965445578], [51.22432708956565, 35.745108796167735]], [[51.22393886106243, 35.73401038424274], [51.22392603763015, 35.73295868545729], [51.223957364487596, 35.732937653061704], [51.22423188552704, 35.73294166658078], [51.224252902252104, 35.73297295408357], [51.22425379768707, 35.73320735193384], [51.2245494533157, 35.73320703881118], [51.224583856160066, 35.733235141618216], [51.22457864405999, 35.73400362032975], [51.22393886106243, 35.73401038424274]], [[51.223635178469955, 35.744037217579056], [51.224269509839786, 35.744036015934675], [51.22427571988565, 35.7442827837472], [51.22363029729772, 35.74428401786381], [51.223635178469955, 35.744037217579056]], [[51.20205752047488, 35.745418702315135], [51.2020571671389, 35.74518437060274], [51.202081606861775, 35.745151266637215], [51.20268830788671, 35.74514796572018], [51.20272037204916, 35.7451831915556], [51.20272189048109, 35.74568807402671], [51.20338539296298, 35.745686954079886], [51.20338347680973, 35.74491556965387], [51.203401187022266, 35.74488225388677], [51.2043787103266, 35.7448738029225], [51.20437835020365, 35.74463947157999], [51.2044027892334, 35.74460636681852], [51.20500948563937, 35.74460305416366], [51.20504155049209, 35.744638279028386], [51.20504238990644, 35.744872673735365], [51.205338091305876, 35.74487240769597], [51.20537424053992, 35.74491211917959], [51.20537454707797, 35.74510653081842], [51.20535702021029, 35.7451359238663], [51.205043083883744, 35.745143253791994], [51.20504377720944, 35.74541364991343], [51.205667358080966, 35.74541263139694], [51.20570663847754, 35.74544473105393], [51.20570830978415, 35.74646610281313], [51.20567399513024, 35.74649438415704], [51.20537835278704, 35.746495128115846], [51.20537904728089, 35.74676552417069], [51.2057107569616, 35.74676495734336], [51.20571690133725, 35.7465122987869], [51.20574621909026, 35.74649464630773], [51.2060418615254, 35.746493901533746], [51.20604149649515, 35.74625957055272], [51.20607343857459, 35.746224173659044], [51.20635842422993, 35.74623198572806], [51.2063737539895, 35.7464933327574], [51.20703726300309, 35.7464921926466], [51.20703656290898, 35.746221796607706], [51.206740855830084, 35.746222066752274], [51.20670645653865, 35.74619395657051], [51.20670299768123, 35.7454469682291], [51.20673882358464, 35.74541098777189], [51.20703446134684, 35.745410240571836], [51.20703420419949, 35.74462723486517], [51.20706851848403, 35.744598952968005], [51.2073641528194, 35.74459820496806], [51.207369590603015, 35.74407505829664], [51.20739890819101, 35.74405740527733], [51.20769454022115, 35.744056656472274], [51.20769417040431, 35.743822325656964], [51.20771860844395, 35.743789219758696], [51.20802562686329, 35.74378559514078], [51.20802436977084, 35.743284699591904], [51.208042078456366, 35.74325138253019], [51.20868779341348, 35.74324346973027], [51.20870179681102, 35.74298209140637], [51.209018873321604, 35.742972405651344], [51.20902500745027, 35.742719747075824], [51.20905432487352, 35.74270209351322], [51.2093499509851, 35.74270134065665], [51.2093495763502, 35.742467010059464], [51.209370466730995, 35.742435589918216], [51.20968102640403, 35.742430274746255], [51.20968145283786, 35.741917757234276], [51.20971576657651, 35.74188947424752], [51.21001138919934, 35.741888719775794], [51.21002467803915, 35.74135685314401], [51.21067352658901, 35.74134658336366], [51.21067210174809, 35.74080569897401], [51.20934508640892, 35.740808015378846], [51.209345460994065, 35.74104234595169], [51.20930571323212, 35.74107852724033], [51.20870685289097, 35.741076526102816], [51.208682290736235, 35.741043563455406], [51.20868828148094, 35.740826905761814], [51.208717598936595, 35.7408092523144], [51.20901321726102, 35.74080850031048], [51.20901284365487, 35.740574169565036], [51.209048668881174, 35.74053818807801], [51.21067138883229, 35.740535118818656], [51.21067101037626, 35.74030078834371], [51.21070295107277, 35.74026538953554], [51.21232954895396, 35.74026171450007], [51.21232611065428, 35.73894935480778], [51.212354425166616, 35.738910993510665], [51.212621727824484, 35.73890898949412], [51.212656128234094, 35.738937097235016], [51.21266163171209, 35.73999068456208], [51.21365592427596, 35.739988876976206], [51.21365553709221, 35.739754546986035], [51.2136913609518, 35.73971856339773], [51.21531406266404, 35.73971543157461], [51.21531367063083, 35.73948110185551], [51.21534949400226, 35.7394451175167], [51.21730396060502, 35.739441364590675], [51.21730356275097, 35.73920703519973], [51.217339385536526, 35.7391710499601], [51.21962561455404, 35.73916665957586], [51.219639583104204, 35.738905280432], [51.21995664042266, 35.738895565403034], [51.21995456493838, 35.73812418366531], [51.21999056899061, 35.73808427373632], [51.22092864214723, 35.738087079768846], [51.220949657919306, 35.73811836826843], [51.220950543799916, 35.73835276544878], [51.221257605927796, 35.7383552883375], [51.221282171744825, 35.73838824662526], [51.22128305860613, 35.73862264383996], [51.22160575155304, 35.73863670395244], [51.221615575656465, 35.738892521292065], [51.22227902093303, 35.73889129733776], [51.22227860852327, 35.738656968775], [51.22230304220954, 35.73862385788295], [51.22290580646635, 35.73861988666361], [51.2229417583637, 35.73865567215807], [51.22294265009403, 35.73889006958967], [51.22323832913101, 35.73888975961069], [51.22326768905725, 35.73890727052341], [51.223275173836775, 35.739159942419064], [51.224230474814206, 35.73915821172341], [51.2242687962887, 35.739186499723296], [51.22427090151228, 35.73939251132659], [51.224235080677076, 35.739428499727126], [51.22165699179764, 35.73943346977406], [51.22161712145909, 35.739397498516], [51.221616233599555, 35.739163101392926], [51.22028924647366, 35.73916553841522], [51.22029073626788, 35.7397064226102], [51.22257313191295, 35.73970226791339], [51.22261241632847, 35.73973435963783], [51.222607801830335, 35.740225385964564], [51.222578485676785, 35.740243043982694], [51.222282828885334, 35.74024476598753], [51.22228362379859, 35.740514225449196], [51.22257930948787, 35.74051391706799], [51.2226146751953, 35.74054582365147], [51.22261656176059, 35.74156719548832], [51.222582250594506, 35.741595483828874], [51.22228663162598, 35.741596269285736], [51.22228704413023, 35.74183059760123], [51.222262610374536, 35.74186370853061], [51.22195560255964, 35.74186736975889], [51.22194239227193, 35.74239923675049], [51.22162532091669, 35.74240895724302], [51.22161922614433, 35.74266161514962], [51.22158990989141, 35.74267927284719], [51.22129428624905, 35.74268005587997], [51.221294695872864, 35.74291438431401], [51.22127380891865, 35.742945808132525], [51.22096324933684, 35.74295115360185], [51.22096474389717, 35.743492037431146], [51.22126044176912, 35.7434917322517], [51.22129580715226, 35.74352363940081], [51.2213006847456, 35.74507828712846], [51.221264863039345, 35.745114274204305], [51.220969229241454, 35.745115056472], [51.22096963797111, 35.745349384844914], [51.220945203825686, 35.745382495333104], [51.220638181185315, 35.74538615322938], [51.2206398628121, 35.74565659327871], [51.22130242869984, 35.74565533029841], [51.22131639172964, 35.74539395135435], [51.22160886336557, 35.74538736433042], [51.22163342929493, 35.74542032247435], [51.22163431735312, 35.74565471944186], [51.22194832913781, 35.74566091991309], [51.22196597591509, 35.745690198496575], [51.22196596018318, 35.74589241464026], [51.22192678190115, 35.745924715326574], [51.221303269694026, 35.745925909966374], [51.22130401802263, 35.746196305766176], [51.221618032006624, 35.746202507103064], [51.22163567869217, 35.7462317857737], [51.22163640998716, 35.74642619161029], [51.22160040641712, 35.746466102365225], [51.22130476707453, 35.746466885476636], [51.22130610751217, 35.74696777793275], [51.221285038587176, 35.747003125284614], [51.22098899910859, 35.746999328767046], [51.22097362262632, 35.74673798317899], [51.220642849749254, 35.7467385443453], [51.22064232119629, 35.746972920447], [51.22061788695489, 35.747006030827976], [51.21997905517929, 35.74701029506661], [51.219979799059765, 35.74728069084168], [51.22027551252944, 35.74728038803189], [51.22030991450181, 35.74730849256798], [51.220313682524, 35.748051555912284], [51.22029597784006, 35.748084876465036], [51.21967853441115, 35.74809103406401], [51.21965027253192, 35.748056761056624], [51.21964939023077, 35.74782236456831], [51.219317676461436, 35.74782296984919], [51.21931841812756, 35.74809336559964], [51.21963559589445, 35.748101902218465], [51.21965096813299, 35.74836324794011], [51.22027457533509, 35.748362153620185], [51.220313859205234, 35.74839424639465], [51.220314991299304, 35.74859645476706], [51.22029746864302, 35.74862585181625], [51.21998352073818, 35.748633221302676], [51.21998392666387, 35.74886754967599], [51.21996303933394, 35.74889897311193], [51.21932064459922, 35.74890492062361], [51.219321386304856, 35.74917531632526], [51.219617107552786, 35.74917501510864], [51.21965017833643, 35.74919942950867], [51.219639972952535, 35.74970666914813], [51.21932287080637, 35.749716383576285], [51.219316769022015, 35.74996904125435], [51.219287452536854, 35.74998669820881], [51.21899179817298, 35.74998747568279], [51.218992201225404, 35.7502218041615], [51.218964071061194, 35.750256244660996], [51.21799709155503, 35.75025977126974], [51.217997491699776, 35.7504940999063], [51.21797305667175, 35.75052720938975], [51.217334195148865, 35.75053145964267], [51.21733459335796, 35.750765788380065], [51.21730265457415, 35.75080119002126], [51.217017650044056, 35.7507934044964], [51.217002286160245, 35.7505320587089], [51.21633874403953, 35.750533253899015], [51.216340939761814, 35.75134462483117], [51.217304192265985, 35.75134370229643], [51.21733626078221, 35.75137892198582], [51.21733713638575, 35.75161331811062], [51.217979624567974, 35.75161691931244], [51.218000842571946, 35.75165212654237], [51.218002099740815, 35.75211310192349], [51.21797378714394, 35.752151465528726], [51.21700678382527, 35.75215498424979], [51.217007181113054, 35.752389312965455], [51.21696743554569, 35.75242549802754], [51.21637217791279, 35.7524248497488], [51.216343917018506, 35.752390575491695], [51.21634304430744, 35.752156179641794], [51.21601131247681, 35.75215677586687], [51.21600520040354, 35.752409433591566], [51.21597588358882, 35.75242708945859], [51.215680218501305, 35.752427858824], [51.21568061190885, 35.75266218775434], [51.215644788552204, 35.75269817231043], [51.215045605986106, 35.75269771732389], [51.21501734548849, 35.75266344256035], [51.21501647665992, 35.75242904690519], [51.214684743667604, 35.75242963947545], [51.21468513415863, 35.752663968576535], [51.21466424528402, 35.752695390404966], [51.214021817952386, 35.75270130959913], [51.21400783178946, 35.7529626877192], [51.21335888771686, 35.75297297607281], [51.21335927433581, 35.753207305375234], [51.21332345029577, 35.753243288880725], [51.21303940709026, 35.75323228197864], [51.21302603293265, 35.75297351993135], [51.21236340594345, 35.75297473753824], [51.212363789645785, 35.75320906701124], [51.212327965312525, 35.753245050065345], [51.20974161512251, 35.7532490123593], [51.20970954878004, 35.753213789466905], [51.20971786905019, 35.75299397221385], [51.21004052250348, 35.75297872369075], [51.210040145614, 35.75274439370411], [51.21006458294263, 35.75271128697249], [51.210371637956435, 35.752707656207484], [51.2103856357472, 35.75244627821705], [51.21103457623261, 35.75243600615646], [51.211034196442995, 35.75220167631402], [51.21106613702084, 35.752166277312995], [51.21233284771969, 35.75216499916902], [51.21236110733701, 35.752199274929886], [51.21236268698334, 35.752704157960764], [51.2126944211651, 35.75270357179098], [51.2126915426418, 35.7516217131896], [51.21070070454067, 35.751625216661566], [51.210692243360135, 35.75188103468176], [51.21036959467284, 35.75189628508031], [51.210363464961645, 35.75214894308828], [51.21033414758792, 35.752166597092724], [51.21003848255942, 35.7521673525831], [51.210038859431734, 35.752401682493065], [51.210003034413184, 35.75243766449003], [51.20939660741449, 35.75243419645273], [51.20937559492182, 35.75240290441683], [51.209374742637884, 35.7521685095316], [51.209079010534744, 35.75216878550528], [51.20904965192351, 35.75215126994821], [51.20904221128296, 35.751898598891096], [51.208046834574915, 35.751900324528414], [51.208047538232044, 35.75217072029413], [51.20836473106594, 35.752179287098976], [51.20837523808274, 35.75241952255913], [51.208339986568355, 35.75244074898526], [51.20774472830696, 35.75244005793853], [51.207716469994295, 35.75240578038199], [51.20771562257392, 35.75217138572701], [51.207419890689636, 35.75217165761955], [51.207390532240254, 35.75215414151471], [51.207383096786074, 35.75190147048171], [51.20674785392973, 35.751900797427986], [51.206719595915885, 35.75186651948849], [51.2067187514298, 35.75163212494907], [51.20642302192436, 35.75163239438246], [51.20639163893364, 35.75161151747642], [51.2063923730714, 35.75110945663317], [51.206421690759804, 35.751091803921305], [51.2067173521403, 35.75109105742688], [51.20671525410979, 35.75027968595583], [51.206383529862116, 35.75028025560146], [51.20636951922747, 35.750541633387016], [51.20605241084313, 35.75055131222864], [51.206038399156554, 35.750812689982446], [51.205721289578676, 35.750822367939655], [51.20570727684014, 35.751083745661695], [51.20541847732037, 35.7510916078148], [51.20539001723765, 35.75105341132722], [51.205385904407706, 35.74947049568667], [51.20439055770593, 35.749472190970366], [51.20439124893515, 35.74974258690777], [51.204686970468394, 35.74974232240692], [51.204721369258095, 35.74977043340997], [51.20472514105385, 35.75055348630894], [51.20502086600176, 35.75055322097632], [51.20505526485967, 35.75058133183827], [51.20505719701358, 35.751336018258066], [51.205022882225585, 35.75136429934649], [51.204727219566365, 35.75136504176747], [51.20472758085992, 35.751599372624035], [51.204703141866354, 35.751632477550494], [51.20439609043337, 35.75163609382015], [51.20438705301152, 35.75270629106288], [51.20373520425017, 35.752719170740534], [51.20372118520771, 35.752980548259515], [51.20342868128134, 35.75298709078689], [51.2034039183085, 35.752950208293385], [51.203406683933295, 35.75138503072339], [51.20343600191765, 35.75136737899632], [51.20373166497954, 35.751366639839226], [51.203731306609576, 35.75113230869685], [51.203763249377644, 35.75109691275256], [51.204726434537385, 35.75109446204767], [51.204725742140205, 35.75082406617684], [51.20377029820863, 35.750825642365584], [51.20373702123276, 35.7508079392917], [51.20372999680858, 35.749497981761394], [51.20376299736161, 35.74947340229214], [51.20405865250842, 35.749472662355394], [51.20405829322203, 35.74923833117825], [51.2040827323425, 35.74920522651306], [51.20472158563874, 35.749201046965105], [51.20473560157065, 35.74893966914509], [51.20505270361792, 35.748929993943406], [51.20505131640539, 35.74838911004402], [51.204755600602226, 35.748389375333964], [51.20472624241084, 35.74837185834151], [51.204722950957624, 35.747869810023516], [51.204758202823506, 35.74784858502414], [51.20571354084377, 35.74784690926426], [51.2057153067414, 35.74733069053913], [51.205748306962775, 35.74730611030211], [51.20604395276287, 35.74730536551246], [51.2060432560068, 35.747034969493264], [51.205711545212, 35.74703553724122], [51.20570540083034, 35.74728819569707], [51.20567608299751, 35.74730584815381], [51.205380437289364, 35.74730659212827], [51.20538080040707, 35.74754092306747], [51.20534885803681, 35.74757631970068], [51.20339030188149, 35.747580462328564], [51.203386849971835, 35.74810023555182], [51.20335552033087, 35.748121260550086], [51.20308448601604, 35.7481188696518], [51.20305992552344, 35.74808590508767], [51.203059091847855, 35.747851510897], [51.20274844300964, 35.74784727071856], [51.20272743245439, 35.74781597663157], [51.20272659975921, 35.74758158247573], [51.20241950192502, 35.74757901203203], [51.20239494163049, 35.74754604723707], [51.2023941099157, 35.747311653116085], [51.20209839895802, 35.74731191185665], [51.20206303821799, 35.7472799963201], [51.20206195221815, 35.74707778728305], [51.20207947995936, 35.747048395146344], [51.20239342484871, 35.747041073112555], [51.20240744827102, 35.746779695330915], [51.20272454184306, 35.74677002640475], [51.20272385632532, 35.74649963030537], [51.20240668809129, 35.746491048197335], [51.20239137100843, 35.74622970087481], [51.20110418508473, 35.74623181343382], [51.2010671983675, 35.74620720593961], [51.20106382222404, 35.745997502489786], [51.20109576579574, 35.74596210767758], [51.2020588876106, 35.745959678544395], [51.20205820436411, 35.74568928239738], [51.20143070298015, 35.74569009627646], [51.2013945549959, 35.74565038292511], [51.20139425812094, 35.74545597131111], [51.2014223935076, 35.74542153755549], [51.20205752047488, 35.745418702315135]], [[51.223605339380434, 35.73861844223047], [51.22328820040667, 35.73860991603259], [51.22328199341266, 35.738363147868384], [51.22424350354295, 35.738349760330216], [51.22426827361366, 35.73838663537698], [51.224266560833996, 35.73886293626417], [51.22422964095718, 35.73888772383951], [51.22363079963828, 35.73888579716076], [51.22360623305517, 35.73885283964975], [51.223605339380434, 35.73861844223047]], [[51.223934077353945, 35.73753587290423], [51.22328517991692, 35.737527963693196], [51.22327897295674, 35.73728119547931], [51.22424046962286, 35.737267808014934], [51.224265239690865, 35.737304683066576], [51.22426352684043, 35.73778098404997], [51.224230529625665, 35.737805571472435], [51.22395953864525, 35.737803227815384], [51.22393497196582, 35.73777027041413], [51.223934077353945, 35.73753587290423]], [[51.22420848167193, 35.731314054068484], [51.224248352641986, 35.73135002408039], [51.22423744032125, 35.7315727608579], [51.223929133672584, 35.73157336156868], [51.2239284686356, 35.73132630453043], [51.22420848167193, 35.731314054068484]], [[51.22398401784803, 35.75534797718238], [51.22394801509196, 35.75538788906733], [51.2236883367488, 35.755388372684514], [51.223658976714624, 35.755370861958255], [51.22365089128099, 35.75488769487441], [51.22366859479524, 35.75485437340479], [51.22394265176385, 35.75484711445907], [51.22397593044389, 35.7548648101907], [51.22398401784803, 35.75534797718238]], [[51.22364862071107, 35.754076232849975], [51.22368462348058, 35.754036321135786], [51.223962601378936, 35.754042344488425], [51.22398045209085, 35.754075540296505], [51.22397429914864, 35.75428828129982], [51.223941060459985, 35.75430613994174], [51.22366700437133, 35.754299916419995], [51.22364935705489, 35.754270638279614], [51.22364862071107, 35.754076232849975]], [[51.22386311801961, 35.726445878963965], [51.22390298888963, 35.72648184916334], [51.22389207552232, 35.72670458608884], [51.223583789051034, 35.72670518579269], [51.223583125151926, 35.72645812852918], [51.22386311801961, 35.726445878963965]], [[51.22335815120563, 35.754577712419525], [51.22331828037837, 35.75454174205041], [51.22332919469762, 35.75431900645608], [51.22363759585437, 35.75431840697397], [51.22363826054966, 35.75456546298179], [51.22335815120563, 35.754577712419525]], [[51.223355884042256, 35.75376625034465], [51.223316013216014, 35.75373027997125], [51.223326927559036, 35.753507544342526], [51.22363532534708, 35.75350694488001], [51.22363599001689, 35.75375400092441], [51.223355884042256, 35.75376625034465]], [[51.21696485155225, 35.736737081359436], [51.216978828662945, 35.7364757022581], [51.217295876466224, 35.73646599440111], [51.217293091995515, 35.73542412343073], [51.217329096962345, 35.73538421475226], [51.217588692740534, 35.735383745134904], [51.217621763192554, 35.73540816036583], [51.21762699109855, 35.73619490646182], [51.21795865665951, 35.73619430601177], [51.21797263060895, 35.7359329268283], [51.21828967595399, 35.735923216314504], [51.21828853709533, 35.73541839863184], [51.21832828219524, 35.735382213002886], [51.218927095132074, 35.7353841662684], [51.21895166025389, 35.73541712536882], [51.218952540216776, 35.73565152238779], [51.21991940496774, 35.735651525342895], [51.21994766683857, 35.735685798258814], [51.219948549725814, 35.73592019540357], [51.22058366154323, 35.73592079900131], [51.22061192361303, 35.73595507166243], [51.22061280845275, 35.73618946888722], [51.22094447392479, 35.73618886020546], [51.22094107680411, 35.73487257828302], [51.220976898521236, 35.73483659141114], [51.2212724898677, 35.73483580935703], [51.22126965377322, 35.73379393903712], [51.22129426975194, 35.73375690499959], [51.221893074955666, 35.73375275382934], [51.22192837859309, 35.73377381034176], [51.22193608542979, 35.73483458727962], [51.22259949702735, 35.734833361677765], [51.222613456186274, 35.73457198216543], [51.22293049491663, 35.734562259227914], [51.22292839109363, 35.73379087754828], [51.222949459421194, 35.73375552975782], [51.223235368602666, 35.733753312233155], [51.2232599350015, 35.73378626985432], [51.223260827547165, 35.73402066753413], [51.22355648641505, 35.7340203568414], [51.2235895578516, 35.73404476974954], [51.22359303518309, 35.73589235702075], [51.22355778553987, 35.735913589411965], [51.22260260046351, 35.73591540644746], [51.2226030137572, 35.73614973498172], [51.22256719242849, 35.736185722614124], [51.22160808108271, 35.736187731858564], [51.22161167132609, 35.73750008968298], [51.22158705539527, 35.73753712388593], [51.22097291480533, 35.737538260461555], [51.22094834901279, 35.73750530203019], [51.22094746315779, 35.73727090491956], [51.22030509385837, 35.737267319134666], [51.22028387503823, 35.73723211255182], [51.22028244933211, 35.73673114517403], [51.219965318738666, 35.73672261003283], [51.21994994578515, 35.73646126389281], [51.2196192155208, 35.7364618220946], [51.21961902153319, 35.73673226609354], [51.21991469115528, 35.736731964317414], [51.21994607581903, 35.736752836377825], [51.21995118714387, 35.73696608098935], [51.21993029978935, 35.73699750437996], [51.21895624293269, 35.73700405556166], [51.21895664557537, 35.73723838467017], [51.21891690055795, 35.737274570623846], [51.218318072315164, 35.73727261737271], [51.21829350731105, 35.73723965802562], [51.21829262924068, 35.737005261269225], [51.21762919943322, 35.73700646318562], [51.2176152244124, 35.737267842230395], [51.21729817342613, 35.73727755104037], [51.21728419735451, 35.73753893005365], [51.216999262112786, 35.73754776628469], [51.21696719362382, 35.73751254637843], [51.21696558566263, 35.73700766157468], [51.21666991546334, 35.73700795601344], [51.216633762305506, 35.73696824974913], [51.216633428559376, 35.73677383777994], [51.21665095221133, 35.736744441776814], [51.21696485155225, 35.736737081359436]], [[51.221931425843415, 35.73317174082261], [51.221927895640505, 35.73189929875005], [51.22195251139379, 35.731862264484676], [51.22322638764669, 35.73185857993736], [51.22325485381908, 35.73189676940514], [51.22325705281142, 35.732668226042975], [51.223571010933924, 35.73267442241813], [51.223588658147996, 35.73270370060186], [51.22358770197084, 35.73290972988992], [51.223553391004735, 35.73293801860493], [51.223257808098005, 35.732938806327034], [51.22325822323875, 35.733173134891764], [51.223226286215926, 35.73320853894489], [51.22195989164407, 35.73320993083547], [51.221931425843415, 35.73317174082261]], [[51.22258519677973, 35.72969417481452], [51.22228955615952, 35.729694482968846], [51.22225817110814, 35.72967361174168], [51.222252120470564, 35.729193802039106], [51.22227318903595, 35.72915845447846], [51.22288330356762, 35.72915336496179], [51.22291537372485, 35.729188582393824], [51.22291626515086, 35.72942298021945], [51.22353971555238, 35.72942186951781], [51.22357900019639, 35.7294539608251], [51.22358014014105, 35.72965616994571], [51.223562618378594, 35.72968556781539], [51.223248749637435, 35.72969294565033], [51.223234792383124, 35.72995432535183], [51.2229177728894, 35.72996404911889], [51.222918186963355, 35.73019837788512], [51.222886249836, 35.73023378178536], [51.22262279172399, 35.73023484661825], [51.222591406629746, 35.730213975512896], [51.22258519677973, 35.72969417481452]], [[51.223277281788974, 35.739931415122946], [51.22324127877424, 35.73997132661647], [51.22296335949606, 35.739965301377964], [51.22294550909071, 35.73993210519759], [51.22295166503249, 35.73971936373258], [51.22298490371699, 35.739701505467735], [51.22325889949902, 35.73970773079165], [51.22327654663517, 35.739737009039786], [51.223277281788974, 35.739931415122946]], [[51.2219559591126, 35.736737113624024], [51.22259022998678, 35.736735921213956], [51.22260561138077, 35.73699726716645], [51.22290128251387, 35.73699695804288], [51.22293064240829, 35.737014469071184], [51.22292894951294, 35.73725256338976], [51.22230291141447, 35.73726664188137], [51.22227464876104, 35.73723236984008], [51.22227375902666, 35.73699797253565], [51.221951072791164, 35.73698391414033], [51.2219559591126, 35.736737113624024]], [[51.221986438872065, 35.75292127420044], [51.221991642624154, 35.75243412813533], [51.22202095876721, 35.75241647027214], [51.22231662281577, 35.75241568540593], [51.222330582433734, 35.7521543067123], [51.22263871180362, 35.752159254926305], [51.222635334693294, 35.752947029675454], [51.22201100499048, 35.75295423222406], [51.221986438872065, 35.75292127420044]], [[51.2219721870353, 35.747858092563405], [51.22200819038593, 35.74781818165555], [51.22228614249401, 35.747824209031215], [51.22230399264551, 35.74785740532952], [51.222297835168845, 35.748070146400906], [51.22226459633333, 35.748088004418115], [51.22199056601925, 35.74808177693042], [51.22197291918045, 35.748052498323005], [51.2219721870353, 35.747858092563405]], [[51.22228493416772, 35.74269930514649], [51.22227718315963, 35.7434805757617], [51.22196908993406, 35.74347562642277], [51.22195791990348, 35.742718824615494], [51.221978988546574, 35.7426834771049], [51.22225354920397, 35.74267843394684], [51.22228493416772, 35.74269930514649]], [[51.22199224519256, 35.75508118093958], [51.221956241753624, 35.755121091894914], [51.221678259599145, 35.75511506385821], [51.221660409589134, 35.75508186736108], [51.22166656858694, 35.75486912670705], [51.22169980739883, 35.754851268873104], [51.221973866064815, 35.75485749695352], [51.22199151286148, 35.75488677550503], [51.22199224519256, 35.75508118093958]], [[51.22164331594261, 35.748900663806666], [51.22162935404502, 35.749162042539496], [51.221326791434905, 35.74916262019622], [51.221319841232216, 35.74864536469849], [51.2219653002479, 35.74864414317422], [51.22196041421802, 35.74889094316639], [51.22164331594261, 35.748900663806666]], [[51.22163738179089, 35.746776753456096], [51.22167338525739, 35.74673684270859], [51.22195133288172, 35.74674287088523], [51.22196918292158, 35.74677606728093], [51.22196302454296, 35.74698880835895], [51.22192978567799, 35.74700666625182], [51.221655759844566, 35.747000437974506], [51.22163811310092, 35.74697115927429], [51.22163738179089, 35.746776753456096]], [[51.22163288296558, 35.74515382688239], [51.221668886435346, 35.74511391614345], [51.22194682732591, 35.74511994435383], [51.22196467736151, 35.7451531407556], [51.221958518936944, 35.745365881903425], [51.22192528007278, 35.74538373979075], [51.22165126097284, 35.74537751148002], [51.22163361423262, 35.74534823277417], [51.22163288296558, 35.74515382688239]], [[51.22162913421923, 35.743801387735466], [51.221665137691716, 35.74376147700367], [51.221943072971214, 35.74376750524216], [51.22196092300327, 35.74380070164897], [51.22195476454044, 35.74401344285495], [51.22192152567694, 35.744031300737674], [51.22164751218783, 35.744025072399104], [51.22162986545045, 35.74399579368857], [51.22162913421923, 35.743801387735466]], [[51.22192617270693, 35.73127824783187], [51.22189016922008, 35.731318158661345], [51.221612285814125, 35.731312130129986], [51.221594435866486, 35.731278933544125], [51.22160059553676, 35.73106619186636], [51.22163383433702, 35.73104833411344], [51.22190779426073, 35.73105456268384], [51.221925441007215, 35.73108384131806], [51.22192617270693, 35.73127824783187]], [[51.221628515652114, 35.72915491492868], [51.22158864532639, 35.729118943616925], [51.22159956490789, 35.72889620723653], [51.22190786062638, 35.72889561281417], [51.22190851959848, 35.729142669997074], [51.221628515652114, 35.72915491492868]], [[51.22166416021269, 35.75643422948609], [51.22162815666276, 35.75647414029388], [51.221350168888364, 35.75646811150653], [51.221332318983634, 35.75643491492103], [51.22133847881493, 35.75622217436511], [51.22137171765746, 35.75620431664726], [51.2216457819459, 35.75621054546742], [51.22166342865251, 35.75623982410332], [51.22166416021269, 35.75643422948609]], [[51.22131381687543, 35.749752728525394], [51.221349820449646, 35.74971281791684], [51.221627780426324, 35.74971884681019], [51.221645630365195, 35.74975204328815], [51.221639471199325, 35.749964784198305], [51.22160623230291, 35.749982641980644], [51.22133219411475, 35.749976412997164], [51.22131454745773, 35.74994713421821], [51.22131381687543, 35.749752728525394]], [[51.22159805794108, 35.747007277739066], [51.22163792817931, 35.747043248963244], [51.22162700908488, 35.7472659846075], [51.221318637272745, 35.747266578579264], [51.22131797963014, 35.74701952220276], [51.22159805794108, 35.747007277739066]], [[51.22066253637744, 35.754582687359836], [51.220663064690704, 35.75434831152496], [51.22068749884168, 35.75431520113727], [51.22131185446159, 35.75432007502292], [51.22131252080251, 35.75457240335864], [51.22099539882045, 35.75458212234772], [51.220996097829435, 35.75485158241558], [51.22131335246226, 35.75486104977647], [51.22131955398497, 35.755107817359914], [51.22069336748912, 35.75512188788333], [51.22066510529922, 35.755087615288154], [51.2206642198566, 35.75485321895565], [51.220341459815835, 35.7548391564088], [51.22034635050666, 35.75459235677467], [51.22066253637744, 35.754582687359836]], [[51.220329541310754, 35.753735786481414], [51.22034262247336, 35.7532399196468], [51.220659739097876, 35.753230202514104], [51.22066359656306, 35.75216608253402], [51.22069683546356, 35.75214822507133], [51.22130270663018, 35.75215384552769], [51.22132055646662, 35.75218704208994], [51.22131814121705, 35.75375222007324], [51.22128490228879, 35.75377007774778], [51.22101776762849, 35.75376752758326], [51.22099320180407, 35.753734569219745], [51.22099231543174, 35.75350017278515], [51.220661514487546, 35.75350073410189], [51.220646613201886, 35.75376216031922], [51.2203578033989, 35.75377005920958], [51.220329541310754, 35.753735786481414]], [[51.220976769522224, 35.74785992491144], [51.22101277321393, 35.7478200144675], [51.22127242050881, 35.74781953673095], [51.22130178023836, 35.74783704827207], [51.221309851230316, 35.74832021636786], [51.221292146875264, 35.748353537200245], [51.22068630917022, 35.748361399035346], [51.22065303069308, 35.7483437021084], [51.22065239770737, 35.74810876867333], [51.22068171398085, 35.74809111126203], [51.22097736033279, 35.748090329748855], [51.220976769522224, 35.74785992491144]], [[51.220253402843866, 35.726182096088614], [51.21995777711658, 35.72618239846159], [51.219926392365345, 35.72616152638289], [51.21992035582302, 35.725681716033115], [51.219941425187784, 35.725646369224854], [51.22055531812585, 35.72564223741291], [51.220583580176864, 35.72567651012014], [51.22058446468965, 35.725910907773084], [51.2209044633957, 35.725922069324525], [51.220917673163434, 35.72645127658122], [51.221213300298665, 35.726450971755284], [51.22124770246185, 35.72647907596907], [51.22124170998936, 35.726977066753996], [51.22060198496978, 35.726983812306756], [51.22058661022661, 35.72672246579287], [51.22029098221155, 35.72672276899246], [51.22025791123128, 35.726698354776325], [51.220253402843866, 35.726182096088614]], [[51.22065242922633, 35.750565410203606], [51.220688433026304, 35.750525499900085], [51.22096639638196, 35.75053153033378], [51.220984246105346, 35.75056472699545], [51.220978085219464, 35.75077746779085], [51.22094484626268, 35.75079532533459], [51.22067080468989, 35.750789094832946], [51.22065315821694, 35.75075981587869], [51.22065242922633, 35.750565410203606]], [[51.22066615525514, 35.750245789671204], [51.220664744370694, 35.74972297352701], [51.220967309465976, 35.74972239758746], [51.22097425755615, 35.75023965302057], [51.22066615525514, 35.750245789671204]], [[51.22026606192283, 35.73078030985581], [51.22027704972525, 35.72943697627131], [51.22058508480318, 35.729441930364196], [51.22059788889373, 35.73077970207555], [51.2209149950051, 35.73078823552522], [51.22093021452482, 35.73100959096798], [51.22090914544553, 35.73104493814919], [51.219975079850265, 35.73105137797101], [51.219939776357386, 35.73103032069199], [51.219949038308975, 35.73079002559126], [51.22026606192283, 35.73078030985581]], [[51.22065370143102, 35.75102631150891], [51.220617697529114, 35.75106622182413], [51.220018528762175, 35.751065791611246], [51.21999026677825, 35.75103151874405], [51.21999123180913, 35.7508254903572], [51.22002946604034, 35.7507970030508], [51.220624710337006, 35.750797633257925], [51.220652972433975, 35.75083190585225], [51.22065370143102, 35.75102631150891]], [[51.22060712986819, 35.74863203328964], [51.22064699982658, 35.74866800499107], [51.220636078066015, 35.748890740390785], [51.22032769948805, 35.748891331731656], [51.22032704475303, 35.748644275411344], [51.22060712986819, 35.74863203328964]], [[51.22056906947628, 35.73483714687221], [51.22060893941756, 35.73487311864539], [51.220598017257956, 35.73509585463057], [51.22028969591453, 35.73509644564288], [51.22028904160596, 35.73484938870052], [51.22056906947628, 35.73483714687221]], [[51.21994415124872, 35.73433734842281], [51.21998015530851, 35.73429743851366], [51.22027574460146, 35.73429665891664], [51.22027533816668, 35.734062329788784], [51.22029977245707, 35.73402921959954], [51.220570750162906, 35.73402586718218], [51.22060382110705, 35.73405028125438], [51.22060817594149, 35.73452654846842], [51.22058355965792, 35.73456358230376], [51.21997314015342, 35.73456602779373], [51.21994487819958, 35.734531754852696], [51.21994415124872, 35.73433734842281]], [[51.220565339457266, 35.7334847053194], [51.220605209396886, 35.733520677099605], [51.22059428719818, 35.733743413142186], [51.22028597146388, 35.7337440041223], [51.2202853171971, 35.73349694711897], [51.220565339457266, 35.7334847053194]], [[51.22032447650393, 35.75727910409724], [51.21936826567228, 35.75728690025552], [51.21934370033368, 35.75725394133446], [51.21934598069255, 35.757044211773405], [51.219382901256374, 35.75701942620223], [51.22032936719812, 35.757032304568234], [51.22032447650393, 35.75727910409724]], [[51.22002715922953, 35.74998554041688], [51.219987289347614, 35.74994956840433], [51.2199982128464, 35.74972683320052], [51.220306595017014, 35.749726242728876], [51.2203072497075, 35.74997329900098], [51.22002715922953, 35.74998554041688]], [[51.219968078597866, 35.757559334838], [51.22000794837936, 35.75759530681694], [51.220008493903606, 35.75779363568968], [51.21998405948522, 35.75782674588763], [51.21938505477608, 35.75783088818962], [51.21934806521053, 35.75780628847417], [51.21934464119245, 35.757596587011214], [51.219369075733866, 35.757563477066256], [51.219968078597866, 35.757559334838]], [[51.219360422935736, 35.750257439815655], [51.21997335728133, 35.75026519713408], [51.219983898008515, 35.750505430895025], [51.2199525705421, 35.75052646189532], [51.21965691406029, 35.75052724101201], [51.219657319073946, 35.75076156935045], [51.219632884542456, 35.750794679405146], [51.21934690193692, 35.75079353180477], [51.219325683419136, 35.750758324958916], [51.21932909546867, 35.75027847059622], [51.219360422935736, 35.750257439815655]], [[51.219945418615104, 35.73479825155637], [51.21990941445342, 35.73483816147723], [51.21963151643299, 35.73483212835031], [51.21961366712859, 35.734798931217874], [51.21961983192436, 35.7345861899307], [51.219653070906304, 35.734568332889374], [51.219927045461006, 35.734574565989], [51.219944691657844, 35.734603845144875], [51.219945418615104, 35.73479825155637]], [[51.219624783782876, 35.724289768461595], [51.2195849140267, 35.72425379615411], [51.21959583916977, 35.72403105991801], [51.2199041147638, 35.724030470946396], [51.21990476767527, 35.7242775283828], [51.219624783782876, 35.724289768461595]], [[51.21900445965205, 35.754625754210586], [51.219044386624375, 35.75458564467615], [51.219658988389405, 35.75459913224942], [51.219655582458, 35.75538690661433], [51.219347439866645, 35.75538195044349], [51.21933688022321, 35.75485564645953], [51.21902283073292, 35.75484943913484], [51.219005184716, 35.75482015974919], [51.21900445965205, 35.754625754210586]], [[51.21966493407318, 35.753462521010825], [51.219628929835025, 35.7535024308748], [51.21935095437737, 35.753496397353594], [51.219333105133316, 35.75346320019672], [51.2193392702781, 35.75325045975257], [51.21937250929906, 35.753232602768975], [51.219646561289025, 35.753238836255335], [51.21966420743196, 35.75326811543601], [51.21966493407318, 35.753462521010825]], [[51.21760718630446, 35.72893180094957], [51.21764711376515, 35.72889169221678], [51.218933940138, 35.72888931181742], [51.218933537759, 35.72865498219946], [51.21896166787782, 35.72862054181425], [51.21956065387824, 35.72861791836621], [51.21959660479216, 35.72865370541747], [51.21959714871915, 35.728852035600326], [51.21957962583439, 35.72888143240448], [51.219265759650504, 35.72888879969906], [51.219251789655445, 35.72915017920853], [51.21893477265907, 35.7291598922844], [51.21893517505432, 35.729394221773326], [51.218899352640776, 35.72943020771854], [51.21763320799375, 35.72942965588335], [51.217608643201785, 35.72939669627533], [51.21760718630446, 35.72893180094957]], [[51.21929678160818, 35.72564281713964], [51.21925691194424, 35.725606844677415], [51.21926783795183, 35.72538410855724], [51.21957611916236, 35.725383520442605], [51.21957677113063, 35.72563057782366], [51.21929678160818, 35.72564281713964]], [[51.21891321871835, 35.721315718814836], [51.21859615230454, 35.72130717976751], [51.21858995961674, 35.72106041039286], [51.21922311039118, 35.72104933620609], [51.21924412564665, 35.72108062527885], [51.21924500612828, 35.721315022940935], [51.219562072756396, 35.72132356016297], [51.219574282126096, 35.72156024055553], [51.21953736151385, 35.721585026093166], [51.21893866340809, 35.721583075499964], [51.218914098237526, 35.721550116316585], [51.21891321871835, 35.721315718814836]], [[51.21606438862785, 35.757025432598326], [51.21602451986496, 35.75698945867858], [51.21603049064905, 35.75677280088829], [51.2160598073853, 35.75675514498286], [51.216355490516655, 35.75675437471437], [51.21635509503739, 35.75652004599169], [51.21638703401625, 35.75648464475092], [51.21731816677703, 35.7564829644086], [51.21735023530166, 35.75651818407384], [51.217351111066385, 35.756752579984266], [51.21768192558801, 35.756752027722186], [51.21768246257831, 35.75651765150285], [51.217706897617944, 35.75648454213268], [51.21834580863649, 35.756480289807236], [51.21834374732675, 35.75570891014706], [51.218372059713424, 35.755670546419395], [51.218967351472216, 35.7556677399009], [51.21900265474415, 35.755688797509926], [51.21899339058958, 35.755929091418885], [51.218676262491385, 35.755938804206586], [51.21867700220901, 35.75620919960294], [51.21900875080421, 35.7562085959669], [51.2190083475631, 35.755974267674006], [51.21903278220694, 35.75594115784984], [51.219303850872116, 35.755937808009364], [51.21933825264638, 35.755965912921326], [51.21933826365376, 35.75645381203631], [51.21930526561306, 35.756478397594464], [51.21900958432275, 35.75647917520185], [51.21900998758013, 35.756713503365646], [51.218981857427856, 35.75674794389404], [51.218014797093936, 35.756751470925416], [51.21801519744273, 35.75698579924715], [51.217979374776654, 35.75702178487785], [51.21606438862785, 35.757025432598326]], [[51.21634963331068, 35.754590567334354], [51.21603242921243, 35.7545820219094], [51.21602624338416, 35.754335253825055], [51.216659670508946, 35.75432419237932], [51.216680685060815, 35.75435548213968], [51.216681558812006, 35.75458987804868], [51.21697730218784, 35.7545895832511], [51.21700666149484, 35.75460709619494], [51.217014127096604, 35.754859767323005], [51.218009540079755, 35.75485796735622], [51.21802351340388, 35.75459658902149], [51.21831232697142, 35.75458869585616], [51.2183405883803, 35.754622969321936], [51.218341467004166, 35.75485736544879], [51.218996061772074, 35.75487082973935], [51.21900477115594, 35.75536876579816], [51.21897045924527, 35.75539705268514], [51.21869247591705, 35.755391017645394], [51.21867482999191, 35.75536173817252], [51.21867395037789, 35.75512734212595], [51.218342206264026, 35.755127944822846], [51.218328233970944, 35.75538932308174], [51.218011061816235, 35.75539898812906], [51.21769380827984, 35.75539049318875], [51.21767844212092, 35.755129147668306], [51.217346697977554, 35.75512974761938], [51.21733562683363, 35.75538848164707], [51.217055513693026, 35.75540071604593], [51.217015644650175, 35.75536474260381], [51.2170147699005, 35.75513034678635], [51.21569650126302, 35.755118063251906], [51.215687031510214, 35.75489831316133], [51.21571146714829, 35.75486520448216], [51.2163503651218, 35.754860962833284], [51.21634963331068, 35.754590567334354]], [[51.21900349911769, 35.75427519349759], [51.218967494653725, 35.75431510305644], [51.218689515816656, 35.754309067994505], [51.21867166678815, 35.754275870653856], [51.21867783365347, 35.754063130324624], [51.218711072734784, 35.75404527357968], [51.21898512810978, 35.75405150858456], [51.2190027740686, 35.7540807879406], [51.21900349911769, 35.75427519349759]], [[51.21861863065608, 35.73488074322097], [51.21865463516939, 35.73484083392714], [51.218932533475886, 35.73484686935401], [51.21895038250585, 35.73488006663367], [51.21894421595326, 35.7350928078644], [51.218910976824176, 35.73511066463136], [51.21863700028029, 35.735104429206565], [51.21861935439732, 35.73507514966425], [51.21861863065608, 35.73488074322097]], [[51.21861049897412, 35.731905371001076], [51.21864650349334, 35.731865461722734], [51.21892438946219, 35.73187149721059], [51.21894223848446, 35.7319046945012], [51.21893607184886, 35.73211743585995], [51.21890283272123, 35.73213529261691], [51.21862886851445, 35.73212905713172], [51.21861122263766, 35.73209977757923], [51.21861049897412, 35.731905371001076]], [[51.21834818110737, 35.75733183422585], [51.21838418568983, 35.757291924969785], [51.21866217715336, 35.757297960715114], [51.21868002613259, 35.757331158005464], [51.21867385933498, 35.75754389823005], [51.21864062016503, 35.75756175495179], [51.21836655046517, 35.7575555192153], [51.21834890462845, 35.75752623966074], [51.21834818110737, 35.75733183422585]], [[51.218000105113056, 35.751381712164964], [51.21803610982101, 35.75134180309453], [51.21864589700158, 35.75134723709824], [51.21866374596543, 35.75138043441049], [51.2186583189135, 35.7518636624438], [51.2186250797463, 35.751881519146465], [51.21835103362361, 35.75187528329477], [51.21833338779869, 35.75184600372079], [51.21833250926833, 35.75161160757339], [51.21801847340365, 35.7516053975431], [51.218000827672185, 35.751576117879125], [51.218000105113056, 35.751381712164964]], [[51.21859845442469, 35.727497481246985], [51.21856244979393, 35.72753739051168], [51.21830288688391, 35.72753786212929], [51.218273527359635, 35.72752034956203], [51.218265475623106, 35.72703717899958], [51.218283180960604, 35.727003859118575], [51.21855712249671, 35.72699661301985], [51.21859040072033, 35.72701431077627], [51.21859845442469, 35.727497481246985]], [[51.21829850243452, 35.75377553416878], [51.2183383717415, 35.75381150697713], [51.218338913050886, 35.75400983604691], [51.21831447812895, 35.754042945658895], [51.21771550479175, 35.75404707951453], [51.21767851548512, 35.75402247908029], [51.217675095897185, 35.7538127773098], [51.21769953094212, 35.75377966795075], [51.21829850243452, 35.75377553416878]], [[51.21761364993205, 35.725925452479196], [51.21824783133231, 35.72592428368956], [51.218254023107, 35.7261710528689], [51.217608750487805, 35.72617225323527], [51.21761364993205, 35.725925452479196]], [[51.2173763186881, 35.751342804280924], [51.217336449556235, 35.751306830979956], [51.217335910785145, 35.75110850177322], [51.21736034593457, 35.751075392539335], [51.21795929498346, 35.75107126052708], [51.21799628424165, 35.751095860857674], [51.217999704608005, 35.751305562708254], [51.21797526958157, 35.75133867219505], [51.2173763186881, 35.751342804280924]], [[51.217955645391186, 35.735072362333966], [51.21791964054814, 35.73511227132901], [51.217641741372645, 35.735106233539014], [51.21762389272003, 35.735073035847904], [51.21763006273305, 35.73486029481204], [51.21766330189507, 35.73484243849336], [51.21793727762222, 35.7348486761891], [51.21795492326255, 35.73487795587792], [51.217955645391186, 35.735072362333966]], [[51.21761653361871, 35.732368079069154], [51.217580528656676, 35.732407987895634], [51.21730264069192, 35.732401949272436], [51.21728479215499, 35.73236875147817], [51.21729096311372, 35.732156010365856], [51.21732420230444, 35.732138154176795], [51.21759816682446, 35.73214439269406], [51.217615812366354, 35.732173672481075], [51.21761653361871, 35.732368079069154]], [[51.21692978336746, 35.72371763108047], [51.216942886811026, 35.72322176227749], [51.217235266721595, 35.72321518648761], [51.2172598313275, 35.723248146209606], [51.21726070604947, 35.723482543507636], [51.21757778133997, 35.72349108601815], [51.217589985065004, 35.72372776667194], [51.21755306413802, 35.723752551376776], [51.216954347951535, 35.72375059094033], [51.21692978336746, 35.72371763108047]], [[51.21634646265935, 35.73863166766094], [51.21630639083852, 35.73859177591117], [51.21631896881552, 35.737829338216315], [51.21729056733081, 35.737833106250434], [51.2172871370579, 35.738620882825074], [51.216970080393374, 35.73863059077552], [51.21697047725818, 35.73886492014678], [51.21693073167396, 35.73890110513973], [51.216650670484846, 35.73888990687065], [51.216638220780304, 35.73863118866612], [51.21634646265935, 35.73863166766094]], [[51.21629840598044, 35.73565632282738], [51.21630177492606, 35.73513654962209], [51.216333102784176, 35.73511551997388], [51.216628696129135, 35.73511474932865], [51.216632062964536, 35.73459497610573], [51.21666339077913, 35.734573946339644], [51.216937918749814, 35.734577976664376], [51.21695913637385, 35.73461318428094], [51.21696054115639, 35.73511415151495], [51.2172745084854, 35.735120364505626], [51.217292153940605, 35.73514964437148], [51.21729212620024, 35.73535186098142], [51.21725686939453, 35.735383959521506], [51.21696127520776, 35.735384731803386], [51.21694803173389, 35.73591659918606], [51.216630986209715, 35.73592630618661], [51.21663302947159, 35.73669768884385], [51.216604716375066, 35.73673605185434], [51.216337423071955, 35.736738064721955], [51.21630435274587, 35.736713648993444], [51.21629913780679, 35.73592690310323], [51.21600347218564, 35.73592719588855], [51.2159690710033, 35.73589908952117], [51.21596698714942, 35.73569307728924], [51.21598451099042, 35.735663681466974], [51.21629840598044, 35.73565632282738]], [[51.21695840289712, 35.734342768659246], [51.21699440797973, 35.73430286014091], [51.21727230407051, 35.7343088994693], [51.21729015255536, 35.73434209721733], [51.21728398163375, 35.734554838271535], [51.21725074235497, 35.734572694433716], [51.21697676801217, 35.734566455163296], [51.21695912259455, 35.73453717517426], [51.21695840289712, 35.734342768659246]], [[51.217225837766414, 35.725376083283116], [51.217265706756805, 35.72541205672279], [51.21725477528924, 35.725634792524474], [51.216946493101936, 35.725635374420605], [51.216945848935, 35.72538831699538], [51.217225837766414, 35.725376083283116]], [[51.21493214152982, 35.72105231269839], [51.21493175104608, 35.720817982018566], [51.21495988237834, 35.72078354318408], [51.2158981864384, 35.7207818595628], [51.21592644709178, 35.72081613406558], [51.21592804768306, 35.72132102026138], [51.21623503847698, 35.72132355629189], [51.2162596027839, 35.72135651636434], [51.21626047453284, 35.72159091360429], [51.216556080864244, 35.721590620293256], [51.21658544014805, 35.72160813344994], [51.21659256724294, 35.72182473928153], [51.21656813176231, 35.72185784819161], [51.21592950772062, 35.72186209014419], [51.215931696980995, 35.72267346497328], [51.216238693384604, 35.72267600097529], [51.216263257694116, 35.72270896104221], [51.21626412948522, 35.72294335822573], [51.21655974142704, 35.722943064887254], [51.21658910071047, 35.72296057803971], [51.2165980285429, 35.723754228266856], [51.216915104850905, 35.72376277255045], [51.21693120109512, 35.72429460843355], [51.21722681873426, 35.72429431343688], [51.21725617808207, 35.72431182636627], [51.217264223647376, 35.72479499731264], [51.21724651791868, 35.72482831694473], [51.21662926723521, 35.7248344580915], [51.21660100629119, 35.72480018383971], [51.21660013346941, 35.724565786792944], [51.216280141242606, 35.72455461342752], [51.216266962008646, 35.724025405730316], [51.21597134577778, 35.724025698274325], [51.21593598162269, 35.723993788718914], [51.215934861071574, 35.723791579080256], [51.21595238493723, 35.723762183298085], [51.216266230611275, 35.72375482491774], [51.21626554837968, 35.72348536337675], [51.215969885933994, 35.72348472054897], [51.2159405266352, 35.72346720720301], [51.21593233525541, 35.72294404590597], [51.215308939758906, 35.72294511691163], [51.215275661739824, 35.7229274179699], [51.21527063527056, 35.72242892267985], [51.215303633892574, 35.72240433879041], [51.215599174756896, 35.72240357084791], [51.21559844635608, 35.722133173873296], [51.21528137709895, 35.72212462594926], [51.21526508389569, 35.72186323446712], [51.2149344132684, 35.72186387154795], [51.21493480378482, 35.72209820207261], [51.21490667236986, 35.722132640931044], [51.214311659145835, 35.72213542638958], [51.214278381214655, 35.722117727083535], [51.21428491069015, 35.721603583058794], [51.21493359447372, 35.721593290679415], [51.214932868343176, 35.72132289365646], [51.214637263506575, 35.72132318288457], [51.21460111105565, 35.72128347561012], [51.21460078254816, 35.72108906293245], [51.214618306792815, 35.72105966751349], [51.21493214152982, 35.72105231269839]], [[51.21635784180298, 35.75760591887239], [51.216393847067195, 35.75756601054324], [51.21699307036742, 35.75756645867209], [51.21702133138449, 35.75760073263241], [51.217020358865184, 35.75780676066414], [51.21698212394275, 35.7578352466421], [51.21638682139395, 35.757834598584964], [51.216358560489965, 35.757800324351685], [51.21635784180298, 35.75760591887239]], [[51.21634612682557, 35.75327811997864], [51.216382132098275, 35.75323821167181], [51.21698131946427, 35.75323865997876], [51.217009580473565, 35.7532729339582], [51.21700860783607, 35.753478962182356], [51.21697037291196, 35.75350744814091], [51.21637510629682, 35.75350679990648], [51.2163468454006, 35.75347252565414], [51.21634612682557, 35.75327811997864]], [[51.21696824285606, 35.75269598544263], [51.21700811178584, 35.752731958904306], [51.21699718019193, 35.75295469348681], [51.21668878466282, 35.752955275133694], [51.216688140650334, 35.75270821893472], [51.21696824285606, 35.75269598544263]], [[51.216952316692876, 35.73209878884106], [51.216916311503034, 35.7321386973571], [51.216638424648835, 35.73213265717236], [51.21662057633008, 35.732099459190586], [51.21662674903766, 35.73188671814658], [51.216659988288235, 35.73186886219958], [51.216933951703574, 35.731875102256], [51.21695159705923, 35.731904382221856], [51.216952316692876, 35.73209878884106]], [[51.21595877162324, 35.73272162839089], [51.215994777049964, 35.73268172034451], [51.216593793854464, 35.732682171152135], [51.216622054727594, 35.73271644534912], [51.21662108067796, 35.73292247447954], [51.21658284568035, 35.73295096019724], [51.215987749621114, 35.73295030947728], [51.21595948886099, 35.7329160350077], [51.21595877162324, 35.73272162839089]], [[51.21657046735276, 35.72835265487407], [51.21661033615893, 35.72838862862201], [51.21659940296898, 35.72861136418014], [51.21629110842616, 35.72861194436766], [51.21629046613881, 35.72836488706545], [51.21657046735276, 35.72835265487407]], [[51.216277289678395, 35.72781224829957], [51.21626331011267, 35.728073627685724], [51.215960834864205, 35.728074191020134], [51.215953919773156, 35.72755693303256], [51.216599204070754, 35.72755574173736], [51.2165943016465, 35.72780254236883], [51.216277289678395, 35.72781224829957]], [[51.216347374329914, 35.75373902261325], [51.21631136895525, 35.75377893093177], [51.215712177449674, 35.75377847930183], [51.215683916751544, 35.75374420479686], [51.21568489278279, 35.75353817662879], [51.21572312786503, 35.75350969124479], [51.21631839493737, 35.7535103427241], [51.21634665574857, 35.75354461695617], [51.216347374329914, 35.75373902261325]], [[51.21630200134647, 35.736968774032555], [51.21626599593891, 35.737008682264644], [51.215988088883734, 35.73700264062244], [51.21597024077002, 35.736969442471825], [51.21597641508496, 35.73675670171743], [51.21600965439784, 35.736738845995454], [51.21628363801872, 35.736745087487904], [51.2163012831987, 35.7367743676152], [51.21630200134647, 35.736968774032555]], [[51.21592446083978, 35.72000865722569], [51.215960466291435, 35.71996874924466], [51.21623830297165, 35.719974791197515], [51.216256151093624, 35.720007989277484], [51.216249977164665, 35.72022073082888], [51.21621673780276, 35.7202385865817], [51.21594282285931, 35.72023234472305], [51.21592517774967, 35.720203064418676], [51.21592446083978, 35.72000865722569]], [[51.21568888521964, 35.75567370892136], [51.215371676731316, 35.75566516173916], [51.21536549283993, 35.75541839364532], [51.215980074743015, 35.75540265173719], [51.2160153776555, 35.75542371052741], [51.21602285447135, 35.756444493464464], [51.21599823663002, 35.75648152574071], [51.215399242973184, 35.756485648093324], [51.21536225402892, 35.75646104668482], [51.21537321473818, 35.756224295639846], [51.21569034478776, 35.756214591794446], [51.21568888521964, 35.75567370892136]], [[51.21565827701527, 35.73889432309454], [51.215656898707905, 35.73837150575217], [51.21595941681279, 35.73837094304992], [51.215966332541534, 35.73888820005111], [51.21565827701527, 35.73889432309454]], [[51.21560655508187, 35.725108551433934], [51.215592573307866, 35.725369930904606], [51.21529010925383, 35.72537049244888], [51.21528319855127, 35.724853234144355], [51.215928460460646, 35.72485204662749], [51.21592355598731, 35.725098847341755], [51.21560655508187, 35.725108551433934]], [[51.2153912261719, 35.75351028597394], [51.21535135760123, 35.753474311712395], [51.21536229366346, 35.75325157747917], [51.21567069056968, 35.75325099938487], [51.21567133156197, 35.75349805557666], [51.2153912261719, 35.75351028597394]], [[51.21560372918397, 35.73890349040275], [51.21564359772114, 35.73893946458232], [51.21564413205828, 35.7391377943645], [51.215619696313865, 35.739170903003505], [51.21502084634362, 35.73917502298829], [51.214983857451514, 35.73915042136852], [51.214980445189916, 35.738940718700306], [51.21500488105726, 35.73890761031406], [51.21560372918397, 35.73890349040275]], [[51.21533441345758, 35.73241222132555], [51.21529454491249, 35.73237624695691], [51.21530548157038, 35.73215351182693], [51.21561379093812, 35.732152934223784], [51.21561443129195, 35.732399991366925], [51.21533441345758, 35.73241222132555]], [[51.21532495041124, 35.72889587000178], [51.215285081870405, 35.728859895615294], [51.21529601862751, 35.72863716033586], [51.21560431341435, 35.728636582814545], [51.21560495366182, 35.728883640116216], [51.21532495041124, 35.72889587000178]], [[51.21559255467617, 35.719929179911084], [51.215556549007985, 35.71996908774658], [51.2149576379389, 35.71996863142193], [51.214929377499615, 35.71993435651528], [51.21493035614879, 35.71972832685935], [51.214968591375204, 35.71969984192316], [51.21556357802707, 35.71970049806837], [51.21559183857932, 35.719734772702594], [51.21559255467617, 35.719929179911084]], [[51.21502827280136, 35.75679683666661], [51.215064278522, 35.7567569289605], [51.21534226779478, 35.75676297250474], [51.21536011568428, 35.75679617073108], [51.21535394015426, 35.757008910578406], [51.21532070068483, 35.757026766091265], [51.21504663314648, 35.7570205226676], [51.21502898824006, 35.756991242220295], [51.21502827280136, 35.75679683666661]], [[51.21500194475425, 35.73214232605547], [51.21496207630342, 35.732106351523676], [51.214973013872644, 35.731883616440825], [51.21528132212853, 35.73188303973329], [51.215281961488955, 35.73213009689415], [51.21500194475425, 35.73214232605547]], [[51.21328592335571, 35.72565357511153], [51.2132999124876, 35.72539219571763], [51.21361691512465, 35.72538249788952], [51.213626554584316, 35.7245827847797], [51.21427816758419, 35.724569851851065], [51.21427744358873, 35.72429945495057], [51.21398182649569, 35.72429974260789], [51.21394742572645, 35.72427163536494], [51.21395040775903, 35.72350631617977], [51.213979724684016, 35.72348866103456], [51.21427527027924, 35.72348789633005], [51.21427397504256, 35.722987000147256], [51.2142950463331, 35.722951655141976], [51.21491953280536, 35.72295254674562], [51.214937380500125, 35.7229857451876], [51.21493877204454, 35.72348671316363], [51.21523438605741, 35.72348642307553], [51.21526974994803, 35.72351833292536], [51.21526654527421, 35.72455033786632], [51.21523722840099, 35.72456799342756], [51.21494167866558, 35.72456876059927], [51.21494206926574, 35.724803090992935], [51.21491763329531, 35.72483619934585], [51.21461069475498, 35.724839841474534], [51.21461108439265, 35.725074171911864], [51.214590195462414, 35.72510559363779], [51.21427970860178, 35.72511092143494], [51.214281003979806, 35.72561181730429], [51.214263297269554, 35.72564513610452], [51.213617729567446, 35.725653078611145], [51.21361902082853, 35.72615397456335], [51.213597949253206, 35.72618931940524], [51.21299565974516, 35.72619511539943], [51.21296035709017, 35.72617405535176], [51.21296105158602, 35.725671992238105], [51.21299036861026, 35.725654337414355], [51.21328592335571, 35.72565357511153]], [[51.20938111907861, 35.75460280636086], [51.20938725180032, 35.754350148343555], [51.20941656919362, 35.75433249463625], [51.209712243476886, 35.75433174073558], [51.209711867518706, 35.75409741075756], [51.20974380849146, 35.75406201230285], [51.21137069287288, 35.7540583492798], [51.21137031206164, 35.75382401957271], [51.211406136585104, 35.75378803696957], [51.21300806715151, 35.75378973616888], [51.213029080641576, 35.753821027050655], [51.213029943675046, 35.75405542247738], [51.21332568432482, 35.75405513667], [51.21336104775415, 35.75408704724961], [51.21336216241051, 35.75428925559516], [51.213344637803665, 35.75431865080135], [51.21303062139582, 35.754326938533744], [51.21303282737858, 35.755137372577764], [51.213346877253, 35.75514359566665], [51.21336452163456, 35.755172876533365], [51.213363539676685, 35.75537890458921], [51.213329226602205, 35.75540718913585], [51.21303354867196, 35.755407952033835], [51.213033934393486, 35.75564228127523], [51.212994187692175, 35.75567846441412], [51.212070871791326, 35.75567932799924], [51.21203880475382, 35.75564410609154], [51.21203794458881, 35.755409710974035], [51.21170619915788, 35.75541029537131], [51.21170691528402, 35.7556806909154], [51.212002662502634, 35.75568040834089], [51.212038025606084, 35.755712319493206], [51.2120423418953, 35.75703254376428], [51.213037782267364, 35.75703078484799], [51.213039500534265, 35.756514567882995], [51.21307249953516, 35.756489984766155], [51.213368182108, 35.75648922184703], [51.213367795388386, 35.75625489259894], [51.21338531993444, 35.75622549741698], [51.21432698314766, 35.756217267016126], [51.21436293255077, 35.756253056343056], [51.21436452504093, 35.75675793926209], [51.214681737977216, 35.75676648904592], [51.214697094594435, 35.75702783484067], [51.215014308707026, 35.75703638372786], [51.2150248351646, 35.757276617940335], [51.21499350704544, 35.757297647166205], [51.214697821573246, 35.757298414182124], [51.21469821221498, 35.75753274304732], [51.21466238857216, 35.757568727175745], [51.21303931661704, 35.75757185155132], [51.21304042344972, 35.758076668059644], [51.21300848338443, 35.758112067931236], [51.21104966698677, 35.7581163361699], [51.21105004695667, 35.758350665621535], [51.211014222239776, 35.75838664809837], [51.208084797504654, 35.75838722610366], [51.208063785386194, 35.75835593368225], [51.20806308685726, 35.758161527994524], [51.20808770738199, 35.758124498581054], [51.209390331331136, 35.758119143980544], [51.2093899562309, 35.757884814128865], [51.209421897297084, 35.757849415795775], [51.209706931244526, 35.75785721960192], [51.20972227198294, 35.75811856580649], [51.210053092355466, 35.75811803450707], [51.210053651655656, 35.75788365710553], [51.210085592522844, 35.7578482584949], [51.21138070789602, 35.75784517418251], [51.2113792774052, 35.75730429130431], [51.211072138023894, 35.757301743225106], [51.21104757514912, 35.75726878144289], [51.21104671785331, 35.757034386531174], [51.210729504481655, 35.75702582690942], [51.21071416054759, 35.756764480818916], [51.21041840916436, 35.75676476014836], [51.210389050424894, 35.75674724504348], [51.21038160548801, 35.7564945741675], [51.2097463241505, 35.756493917102475], [51.20971806523499, 35.75645964032466], [51.20971721185554, 35.756225245563094], [51.20942146285137, 35.75622552243279], [51.20939210420885, 35.75620800699755], [51.2093832451793, 35.755414361032976], [51.2090874995906, 35.7554146370704], [51.20905134899278, 35.75537492733342], [51.20905244394503, 35.75462814100844], [51.209085443610924, 35.754603559450885], [51.20938111907861, 35.75460280636086]], [[51.21469200878348, 35.755134514800545], [51.214678024822156, 35.755395892848405], [51.214375436179175, 35.75539645247072], [51.214368529817406, 35.75487919679199], [51.215014040898986, 35.75487801338522], [51.215009134379144, 35.755124812714335], [51.21469200878348, 35.755134514800545]], [[51.21439501263, 35.75324157672398], [51.21435514434158, 35.75320560197524], [51.214354612924026, 35.75300727280723], [51.21437904896258, 35.752974164591954], [51.214978013865526, 35.752970047418785], [51.21501500265781, 35.75299464900692], [51.21501841529326, 35.753204351009096], [51.214993979377695, 35.75323745947732], [51.21439501263, 35.75324157672398]], [[51.21463900629156, 35.7205119012398], [51.21459913794874, 35.72047592648742], [51.21461007674877, 35.72025319096886], [51.21491833679561, 35.720252615420414], [51.21491897482021, 35.72049967311112], [51.21463900629156, 35.7205119012398]], [[51.21464909262148, 35.75405259013622], [51.214688960895074, 35.75408856472463], [51.214678023006975, 35.75431129883865], [51.214369621794326, 35.754311874286486], [51.21436898464443, 35.75406481810982], [51.21464909262148, 35.75405259013622]], [[51.21435513198439, 35.73836474234431], [51.21431526371392, 35.738328767520386], [51.214326202915785, 35.738106032819346], [51.21463453699416, 35.7381054577463], [51.21463517457148, 35.73835251463766], [51.21435513198439, 35.73836474234431]], [[51.21398458999493, 35.73917687049586], [51.21399951291537, 35.738915443983636], [51.21430203331322, 35.73891488559452], [51.214308938547, 35.73943214272359], [51.21366355576119, 35.739433321768324], [51.213668466611885, 35.739186521821225], [51.21398458999493, 35.73917687049586]], [[51.21330194102781, 35.73164440781663], [51.21334186992318, 35.73160430122313], [51.214264886559626, 35.73160342887945], [51.21429695415553, 35.7316386499119], [51.2142969187886, 35.73184086667454], [51.2142577386625, 35.73187316370923], [51.21333471918525, 35.73187403601848], [51.21330265179101, 35.73183881455742], [51.21330194102781, 35.73164440781663]], [[51.213641013870564, 35.728907961074064], [51.21427522017702, 35.72890681350183], [51.21428140023954, 35.72915358289939], [51.21363610271232, 35.729154761476366], [51.213641013870564, 35.728907961074064]], [[51.2113367848439, 35.73567427532961], [51.21328799412296, 35.73566478430181], [51.213312557571, 35.73569774534443], [51.21331342101956, 35.735932141574075], [51.21363054730891, 35.73594069448645], [51.2136459000592, 35.73620204130458], [51.21396302752367, 35.73621059332107], [51.21397522115307, 35.73644727404156], [51.213942222221135, 35.736471857452734], [51.21364662292496, 35.736472621603], [51.21364791489865, 35.73697351654085], [51.21363020799872, 35.73700683519623], [51.21298454595563, 35.73701477460935], [51.212970556097225, 35.737276153384904], [51.21267811783467, 35.737282718754585], [51.21265335169419, 35.7372458395182], [51.21265197378355, 35.73674487315609], [51.21235630527155, 35.73674515698462], [51.2123219048338, 35.736717049105614], [51.212318777783445, 35.73620448233965], [51.21136351507873, 35.73620611823267], [51.211326526756245, 35.736181515055385], [51.2113367848439, 35.73567427532961]], [[51.20398896584024, 35.722153321169394], [51.20400298474094, 35.72189194215931], [51.204651673275734, 35.721881705673745], [51.204651312858935, 35.721647373278074], [51.204679447286885, 35.72161293835641], [51.20564607351244, 35.721609520163376], [51.20564571019149, 35.72137518792413], [51.20568153642146, 35.72133920803037], [51.20664046694827, 35.72133732644624], [51.206654477402246, 35.72107594724324], [51.20730315856757, 35.72106569636455], [51.20730279040926, 35.72083136438184], [51.20732722859093, 35.720798258687545], [51.20829753955009, 35.7207934889716], [51.20829716848786, 35.72055915714551], [51.20833299393773, 35.72052317605372], [51.20929191373105, 35.720521273372555], [51.209291539765, 35.720286941703144], [51.20932348089134, 35.7202515435399], [51.21028628111022, 35.720249049567656], [51.210285904240415, 35.720014718055005], [51.210314036972854, 35.71998028099255], [51.2119440225137, 35.71997565106362], [51.21194364079898, 35.7197413198211], [51.211971773032374, 35.71970688212819], [51.21327006323821, 35.719702818019364], [51.213269677649336, 35.71946848699048], [51.21329411404984, 35.71943537925241], [51.213892800734044, 35.71943126841644], [51.213931120193344, 35.7194595611193], [51.21393319849748, 35.71966557418915], [51.213915674006486, 35.71969496945706], [51.21360184478375, 35.719702321647084], [51.213602231350755, 35.71993665250342], [51.213574099532245, 35.71997109084714], [51.21227580521646, 35.719975158342685], [51.21227618790927, 35.72020948941268], [51.212240363528764, 35.720245472307994], [51.210949756537495, 35.720247980445315], [51.210950135355986, 35.72048231172885], [51.21092569818799, 35.720515418698135], [51.209955391455615, 35.72052020972429], [51.20995576737036, 35.72075454116463], [51.209919942307, 35.72079052301099], [51.2089610195717, 35.720792430797545], [51.2089613925826, 35.72102676239461], [51.20892945126418, 35.72106216043388], [51.20796664088603, 35.7210646436648], [51.20796701099301, 35.721298975418534], [51.207938877478476, 35.72133341162052], [51.206972255398824, 35.721336848325834], [51.206972622601796, 35.72157118023617], [51.20695173143519, 35.72160259962149], [51.20597786311037, 35.721609044780394], [51.20597822740927, 35.721843376847254], [51.20594628519753, 35.72187877364361], [51.20498346402095, 35.72188123302823], [51.204969448249635, 35.72214261202656], [51.204320757723956, 35.722152850347044], [51.204321117185174, 35.722387182670296], [51.204292982573584, 35.7224216174871], [51.203366266001076, 35.72242491138654], [51.2033292789218, 35.72240030478433], [51.2033258973428, 35.72219060042262], [51.203350336711075, 35.722157496089345], [51.20398896584024, 35.722153321169394]], [[51.213655043648366, 35.754595337377026], [51.213694911640665, 35.75463131244856], [51.21368397105372, 35.7548540463633], [51.2133755675658, 35.75485461915329], [51.21337493335846, 35.75460756298457], [51.213655043648366, 35.754595337377026]], [[51.21328952892003, 35.72700611104339], [51.21297243983285, 35.7269975569994], [51.21296626369058, 35.726750787383075], [51.213605987602705, 35.72674408336152], [51.21361288782692, 35.72726134166874], [51.213304880365676, 35.72726745822036], [51.21328952892003, 35.72700611104339]], [[51.2136125324941, 35.72379565674515], [51.213613783592024, 35.72426447612596], [51.213589347224094, 35.72429758402123], [51.212975316087174, 35.72429867914858], [51.21295054986328, 35.724261799975324], [51.212952330538414, 35.7237854982964], [51.212989252100556, 35.72376071552953], [51.21358796897015, 35.72376269576876], [51.2136125324941, 35.72379565674515]], [[51.21274450884224, 35.75649037245119], [51.21270464101984, 35.75645439690903], [51.21271558423612, 35.75623166327244], [51.213023993573245, 35.75623109223025], [51.21302462676483, 35.75647814833184], [51.21274450884224, 35.75649037245119]], [[51.2127051578829, 35.7567208949563], [51.2126691512633, 35.75676080158831], [51.21239116221715, 35.75675475177943], [51.21237331525022, 35.75672155267321], [51.21237949861033, 35.75650881321044], [51.212412738262294, 35.756490958750696], [51.21268680390113, 35.756497208290654], [51.212704448099586, 35.756526489331016], [51.2127051578829, 35.7567208949563]], [[51.21230600687118, 35.7313756791589], [51.21234201355047, 35.73133577281915], [51.21261989737924, 35.73134182309997], [51.21263774433414, 35.731375022164436], [51.21263156114097, 35.73158776278635], [51.21259832144375, 35.73160561725053], [51.21232435932174, 35.73159936718441], [51.212306715210026, 35.731570085939886], [51.21230600687118, 35.7313756791589]], [[51.21201986178774, 35.73350006649973], [51.21197999418075, 35.733464090518716], [51.211990939845734, 35.73324135602159], [51.21229925379818, 35.7332407872868], [51.212299884331934, 35.73348784443602], [51.21201986178774, 35.73350006649973]], [[51.211312071295474, 35.73187841879228], [51.210994962321855, 35.731869859515875], [51.210988791936735, 35.73162308994615], [51.212266654164964, 35.731606202795994], [51.21230593612919, 35.731638299396245], [51.21230704768156, 35.73184050879317], [51.21228261093163, 35.73187361626334], [51.21164390301594, 35.73187783568464], [51.21164428413025, 35.73211216629222], [51.211612343624985, 35.7321475654901], [51.211327416542815, 35.7321397659349], [51.211312071295474, 35.73187841879228]], [[51.21201412760789, 35.73133615816062], [51.21197426000349, 35.7313001821688], [51.2119775141255, 35.730816408648735], [51.21200884254894, 35.73079538057284], [51.2122833549419, 35.7307994216873], [51.21230457098481, 35.730834630802065], [51.21230111605288, 35.73131448641972], [51.21226978758659, 35.731335514596296], [51.21201412760789, 35.73133615816062]], [[51.211680958952094, 35.73079576499905], [51.21164109144228, 35.73075978884276], [51.21165203808605, 35.73053705428928], [51.21196034083126, 35.73053648650574], [51.211960970299316, 35.73078354378234], [51.211680958952094, 35.73079576499905]], [[51.211623928770436, 35.72434414017607], [51.21165993569049, 35.72430423418079], [51.21193779037584, 35.72431028615715], [51.211955637095635, 35.72434348543318], [51.21194945197124, 35.72455622627795], [51.21191621221735, 35.72457408047809], [51.211642279231754, 35.7245678287401], [51.21162463531988, 35.72453854729439], [51.211623928770436, 35.72434414017607]], [[51.211289925689506, 35.723493175027464], [51.21129094269432, 35.72270646576401], [51.21132394198066, 35.72268188342319], [51.21159487086537, 35.722684255962974], [51.211619636551866, 35.72272113558448], [51.211623717006525, 35.72426406953519], [51.211599097590955, 35.72430110013715], [51.21132816033182, 35.72430443205719], [51.211296776696116, 35.72428355685647], [51.21129064025057, 35.72376375593974], [51.210995025792855, 35.7237640362481], [51.21096195634543, 35.7237396184004], [51.21097293039458, 35.723502866589705], [51.211289925689506, 35.723493175027464]], [[51.21160057546529, 35.721049173375], [51.21096643438407, 35.72105030637205], [51.21096026431848, 35.720803536306036], [51.21160549284475, 35.72080237272212], [51.21160057546529, 35.721049173375]], [[51.21127429620234, 35.73268990859128], [51.21131416351075, 35.73272588490564], [51.21130321598383, 35.73294861934107], [51.210994903338594, 35.73294918540029], [51.21099427668399, 35.73270212820556], [51.21127429620234, 35.73268990859128]], [[51.210955396090924, 35.73755928252295], [51.21099526331116, 35.737595258974885], [51.21098431501515, 35.737817993144375], [51.21067598216635, 35.73781855842513], [51.210675356353114, 35.73757150144451], [51.210955396090924, 35.73755928252295]], [[51.21097498856619, 35.73538624173955], [51.210340728568944, 35.735387371798865], [51.210334560047706, 35.73514060233159], [51.21097990748887, 35.73513944175887], [51.21097498856619, 35.73538624173955]], [[51.21095245685159, 35.721289855581055], [51.21091644959569, 35.72132976126139], [51.21063860749517, 35.721323706858676], [51.2106207611607, 35.721290507159985], [51.21062694983082, 35.7210777663707], [51.21066018961616, 35.72105991262911], [51.21093410833288, 35.72106616670044], [51.21095175199568, 35.72109544830325], [51.21095245685159, 35.721289855581055]], [[51.21036468570287, 35.73485542032781], [51.21032481856402, 35.73481944354458], [51.210335768710515, 35.73459670939875], [51.21064408832029, 35.73459614507999], [51.2106447139676, 35.734843202195336], [51.21036468570287, 35.73485542032781]], [[51.206346439779836, 35.735944291325254], [51.2063460740914, 35.73570995989135], [51.20636696535819, 35.73567854068615], [51.20700925315902, 35.735672663115956], [51.20700888553589, 35.73543833178221], [51.20704082733406, 35.73540293452082], [51.207672062022624, 35.735401031258185], [51.207686068850904, 35.735139652636], [51.208003113056655, 35.735129969717846], [51.208002742535605, 35.73489563852784], [51.20802718049278, 35.73486253255064], [51.20833416184694, 35.734858907261966], [51.20833591150531, 35.734342687665695], [51.20836891128699, 35.73431810644331], [51.208664502766794, 35.73431735538181], [51.208666250325365, 35.73380113577676], [51.20869925005181, 35.73377655442721], [51.208994839227536, 35.73377580256098], [51.20899527047706, 35.73326328414625], [51.20902958435764, 35.73323500147041], [51.20932517122933, 35.733234248799505], [51.20932390650531, 35.73273335252882], [51.20934161477974, 35.732700035132666], [51.20964095974266, 35.73270183526896], [51.20965629967014, 35.73296318259881], [51.21061152211723, 35.7329615602972], [51.210644799631744, 35.732979260928076], [51.21063967243506, 35.734034380693075], [51.21001919521528, 35.734042834227665], [51.209990936239556, 35.73400855748083], [51.20999008256737, 35.73377416173434], [51.20965842687111, 35.73377474018158], [51.209652294508, 35.734027399066406], [51.20962297707313, 35.73404505279685], [51.209327387054984, 35.73404580629948], [51.209313385442776, 35.734307184997526], [51.20899634499524, 35.734316871501925], [51.20899705140717, 35.7345872680435], [51.20963215096638, 35.734587929589836], [51.20966040975881, 35.73462220644092], [51.20966126248343, 35.73485660221104], [51.20995692294356, 35.7348563249447], [51.20998628157628, 35.73487384024933], [51.20999499413386, 35.735627499899124], [51.20997728602784, 35.73566081752867], [51.20899987883219, 35.73566931389526], [51.20900025229092, 35.73590364477325], [51.20896050442802, 35.73593982587506], [51.208680455653514, 35.73592860854115], [51.20866803133079, 35.73566988976513], [51.20833636774387, 35.735670464593994], [51.208336739259835, 35.735904795585306], [51.20831230132793, 35.735937901704474], [51.207673558926004, 35.73594210009866], [51.20765955207581, 35.7362034786136], [51.20734250342254, 35.73621316071045], [51.20734515836093, 35.737255033769785], [51.20730914988556, 35.73729493783006], [51.20702517300533, 35.73728391614312], [51.20701275390693, 35.73702519733612], [51.206377634588975, 35.73702452192098], [51.20634937669989, 35.73699024379212], [51.206348533629345, 35.736755848675784], [51.20605286594674, 35.736756117005136], [51.206023507622795, 35.736738600416174], [51.20601784097003, 35.73596961703493], [51.20605084113883, 35.73594503671098], [51.206346439779836, 35.735944291325254]], [[51.210001596160616, 35.73814196546143], [51.210037603622375, 35.738102060169496], [51.21031551552996, 35.73810811576314], [51.210333361740474, 35.73814131545645], [51.21032717263396, 35.73835405550609], [51.2102939327237, 35.73837190914807], [51.21001994250367, 35.73836565384594], [51.21000229902837, 35.73833637200096], [51.210001596160616, 35.73814196546143]], [[51.20999520435491, 35.73570757006778], [51.21003121182131, 35.735667664788025], [51.21030911363263, 35.7356737204296], [51.21032695983709, 35.73570692013153], [51.21032077066531, 35.73591966028611], [51.21028753075619, 35.73593751392022], [51.21001355063202, 35.7359312585706], [51.20999590716158, 35.73590197671762], [51.20999520435491, 35.73570757006778]], [[51.21001518339682, 35.72809378439552], [51.20997531635992, 35.72805780741703], [51.20998626759634, 35.72783507304217], [51.21029455917436, 35.7278345097663], [51.21029518363683, 35.72808156719192], [51.21001518339682, 35.72809378439552]], [[51.20965919463101, 35.734085217717684], [51.20969520221413, 35.734045312600585], [51.20997309730044, 35.73405136905218], [51.20999094339211, 35.73408456885311], [51.209984753306074, 35.7342973090375], [51.20995151336772, 35.73431516254579], [51.209677539965384, 35.73430890639761], [51.209659896591035, 35.73427962445033], [51.20965919463101, 35.734085217717684]], [[51.20838420669808, 35.75406365170371], [51.20808846685992, 35.754063925265704], [51.208055397898065, 35.75403950636854], [51.20805041268713, 35.75329275185265], [51.20807503322333, 35.75325572245948], [51.2093454583565, 35.753251237884065], [51.20937752450624, 35.75328646090246], [51.20937837682263, 35.75352085584595], [51.209674114744686, 35.75352057902838], [51.20970718388745, 35.75354499729486], [51.20970245217238, 35.7540466753535], [51.20904796239637, 35.75406250016738], [51.20904833640923, 35.754296830156086], [51.20902389871015, 35.75432993657576], [51.208409618201586, 35.75433100908108], [51.20838505612081, 35.754298046371574], [51.20838420669808, 35.75406365170371]], [[51.20900135089881, 35.73625027968425], [51.209037358705075, 35.73621037486546], [51.209315262775384, 35.73621643283082], [51.209333108654896, 35.73624963281067], [51.209326916885054, 35.736462372821435], [51.209293676885736, 35.73648022609549], [51.20901969449394, 35.73647396845545], [51.209002051301006, 35.73644468633732], [51.20900135089881, 35.73625027968425]], [[51.208724665324105, 35.7573489159103], [51.20876067320404, 35.75730901114116], [51.209038664823225, 35.75731506947172], [51.2090565106461, 35.75734826947065], [51.20905031856763, 35.75756100853138], [51.20901707852855, 35.757578861752556], [51.2087430085885, 35.75757260375454], [51.208725365446554, 35.75754332161636], [51.208724665324105, 35.7573489159103]], [[51.208967932076156, 35.72345724049804], [51.20893192414282, 35.7234971452625], [51.208654073043384, 35.72349108623601], [51.2086362273558, 35.72345788598575], [51.20864242118973, 35.7232451455305], [51.20867566115601, 35.72322729250513], [51.20894958888853, 35.72323355113364], [51.20896723199875, 35.72326283326278], [51.208967932076156, 35.72345724049804]], [[51.20843056457349, 35.75649792457845], [51.208390697972966, 35.756461946930756], [51.20840165295114, 35.75623921405928], [51.20871006241363, 35.75623865458942], [51.20871068278266, 35.7564857107613], [51.20843056457349, 35.75649792457845]], [[51.207646935547665, 35.7257035185204], [51.20768294382835, 35.72566361437201], [51.20828914913979, 35.725667091816526], [51.20831016122526, 35.725698384224586], [51.2083110097943, 35.7259327801844], [51.20862809376745, 35.725941346660335], [51.208638600992494, 35.72618158329346], [51.208607272047956, 35.726202610135026], [51.2083117143436, 35.72620336103845], [51.20829770930134, 35.72646474003478], [51.20798070114476, 35.72647442370296], [51.20796669505186, 35.72673580266759], [51.207670750362844, 35.72674068500332], [51.20764953583485, 35.72670547435326], [51.207646935547665, 35.7257035185204]], [[51.20772405774101, 35.75541723756994], [51.207406851639234, 35.75540866900683], [51.20740069139151, 35.755161900193116], [51.208055190806604, 35.75514608455101], [51.208069195943814, 35.75488470680691], [51.20837178274322, 35.754884163642195], [51.208380061568924, 35.75594239506648], [51.20740825538407, 35.7559496441547], [51.20740763086958, 35.75569731564898], [51.20772476039725, 35.75568763318271], [51.20772405774101, 35.75541723756994]], [[51.20827311164889, 35.72674436196734], [51.20831297810479, 35.72678033976692], [51.20830202228179, 35.72700307392672], [51.20799373422515, 35.72700363184806], [51.20799311661147, 35.7267565743367], [51.20827311164889, 35.72674436196734]], [[51.20772822858073, 35.74162224004855], [51.20768836218559, 35.74158626200407], [51.20769931937853, 35.7413635286167], [51.20800766711555, 35.74136297126135], [51.20800828507747, 35.74161002811476], [51.20772822858073, 35.74162224004855]], [[51.20795825834331, 35.723489935377586], [51.20732409687278, 35.72349104891297], [51.20731793755196, 35.723244278635455], [51.20796318646867, 35.72324313503765], [51.20795825834331, 35.723489935377586]], [[51.20473212537704, 35.7532984444232], [51.204768134628836, 35.753258541530606], [51.205063805295865, 35.75325779907376], [51.2050634429814, 35.75302346824934], [51.20509538534862, 35.75298807174177], [51.20605859376606, 35.75298561028923], [51.206058228542986, 35.752751279621776], [51.206094054631656, 35.75271529943127], [51.20702125709055, 35.75271428229558], [51.207053322548255, 35.752749506289916], [51.2070541680391, 35.752983900933614], [51.20768173086929, 35.75298305742913], [51.20771767832905, 35.75301884978772], [51.20771819329258, 35.7532171790577], [51.20769005973376, 35.753251615268006], [51.20705486903434, 35.75325448059052], [51.20704872899567, 35.75350713869343], [51.2070194112928, 35.75352479160678], [51.2067237400312, 35.75352553896477], [51.20672410722209, 35.75375986937677], [51.206688281228146, 35.753795849875466], [51.20642860913124, 35.753796296179196], [51.20639722614061, 35.753775419280444], [51.20639111996104, 35.753255621108366], [51.20605938335333, 35.75325618990082], [51.206059748591684, 35.75349052043927], [51.20601999989655, 35.75352670017291], [51.204764880579674, 35.753528075400695], [51.204732815717946, 35.75349285042341], [51.20473212537704, 35.7532984444232]], [[51.20700645299563, 35.734590709089446], [51.20701422619337, 35.73406440159588], [51.207336801824525, 35.73404916080391], [51.2073364332785, 35.73381482944839], [51.20736087143596, 35.7337817237033], [51.20765330902817, 35.733787241163036], [51.20766750101346, 35.73429071051062], [51.207633186763125, 35.73431899263023], [51.20733759525073, 35.734319741246324], [51.20733215679992, 35.73484288873503], [51.207302839134634, 35.73486054170192], [51.20700724531814, 35.73486128951322], [51.20700761292436, 35.73509562077028], [51.206983174594384, 35.73512872643051], [51.20669725680018, 35.73512754803078], [51.2066760425888, 35.7350923370951], [51.20667953096455, 35.734612482251954], [51.20671086008392, 35.73459145607967], [51.20700645299563, 35.734590709089446]], [[51.20709969301581, 35.75514777932099], [51.20705982679285, 35.755111801018856], [51.207070785426794, 35.75488906832544], [51.207379189312334, 35.754888512446584], [51.20737980569656, 35.7551355687008], [51.20709969301581, 35.75514777932099]], [[51.20709829157344, 35.75460680408968], [51.20705842535111, 35.754570825784896], [51.207061708014464, 35.75408705462876], [51.20709303709093, 35.754066028270884], [51.20736764611716, 35.75407008042142], [51.20738886053215, 35.75410529103573], [51.20738537728841, 35.75458514423095], [51.20735404816903, 35.7546061706896], [51.20709829157344, 35.75460680408968]], [[51.20665738184563, 35.72786914255701], [51.20669339046305, 35.72782923886141], [51.20697125980112, 35.72783530243628], [51.20698910489877, 35.727868503098236], [51.20698290681174, 35.728081243189266], [51.20694966660642, 35.72809909559246], [51.206675718925126, 35.728092832422554], [51.20665807639872, 35.728063549654486], [51.20665738184563, 35.72786914255701]], [[51.20534358377907, 35.72728130685389], [51.20532789491784, 35.7267855349491], [51.20535233368308, 35.726752429914846], [51.2059910005046, 35.726748244213795], [51.20599063606049, 35.72651391227922], [51.206015074628006, 35.72648080701825], [51.2066254280343, 35.72647843290805], [51.20665368591959, 35.72651271093425], [51.206654529655566, 35.7267471066304], [51.20695015604697, 35.7267468368627], [51.20698455529819, 35.726774946995135], [51.20698650393002, 35.7275296365369], [51.20695218953893, 35.72755791835378], [51.2066776907394, 35.72755386490864], [51.20665667906606, 35.727522571969565], [51.20665583530565, 35.72728817641085], [51.20636020686961, 35.72728844537252], [51.20633084851081, 35.72727092886482], [51.20632341694967, 35.72701825676201], [51.20599178919062, 35.72701882500845], [51.20599248526041, 35.727289221930285], [51.20630957447534, 35.72729779460493], [51.20632174595228, 35.727534477133034], [51.2062887457447, 35.72755905753878], [51.205993182002786, 35.72755980276295], [51.20599354647821, 35.72779413454248], [51.20596910783732, 35.72782723983249], [51.20569046659646, 35.7278290440613], [51.205662208921595, 35.72779476564039], [51.20566067277845, 35.72728988135419], [51.20534358377907, 35.72728130685389]], [[51.20640384224736, 35.75816438623015], [51.20643985092165, 35.75812448254012], [51.20671784594542, 35.75813054630661], [51.20673569100834, 35.758163746956455], [51.20672949284899, 35.75837648570023], [51.206696252599805, 35.75839433807901], [51.20642217923489, 35.75838807472304], [51.20640453674187, 35.758358791963886], [51.20640384224736, 35.75816438623015]], [[51.206399650879305, 35.75654146111908], [51.206435659556625, 35.75650155743703], [51.20671364784275, 35.75650762123493], [51.2067314929017, 35.756540821890425], [51.206725294699574, 35.75675356070424], [51.20669205445113, 35.756771413077864], [51.2064179878236, 35.75676514969078], [51.20640034533376, 35.756735866926384], [51.206399650879305, 35.75654146111908]], [[51.20635608970776, 35.75514905721744], [51.206395955632956, 35.755185035849244], [51.20639679925082, 35.75541943029882], [51.20669254464553, 35.755419160790964], [51.206725613296065, 35.75544358021544], [51.20672988668202, 35.75591984700959], [51.20670526561485, 35.75595687597143], [51.20610627604826, 35.755960951886195], [51.20606928855391, 35.75593634653832], [51.206067330361776, 35.75517426890469], [51.20610033052586, 35.75514968850912], [51.20635608970776, 35.75514905721744]], [[51.20639545984633, 35.754918535568784], [51.20643146852669, 35.75487863189472], [51.206709450075714, 35.754884695724044], [51.2067272951307, 35.75491789638519], [51.20672109688577, 35.755130635269026], [51.20668785663808, 35.7551484876375], [51.20641379674739, 35.755142224219284], [51.206396154260744, 35.755112941449646], [51.20639545984633, 35.754918535568784]], [[51.20639336445549, 35.75410707262893], [51.20642937313737, 35.75406716895886], [51.20670735131803, 35.7540732328039], [51.20672519637104, 35.75410643346786], [51.20671899810473, 35.754319172386715], [51.20668575785741, 35.75433702475261], [51.20641170133493, 35.75433076131884], [51.20639405884988, 35.75430147854657], [51.20639336445549, 35.75410707262893]], [[51.206364735840616, 35.743017068113524], [51.20640074454327, 35.74297716449799], [51.20667867670326, 35.74298322855766], [51.20669652172917, 35.7430164292602], [51.206690323170584, 35.74322916865752], [51.20665708292835, 35.74324702098822], [51.20638307242473, 35.74324075734186], [51.20636542996144, 35.74321147453376], [51.206364735840616, 35.743017068113524]], [[51.20568928873087, 35.73270867462737], [51.206645195221796, 35.73270098910698], [51.206669756694424, 35.732733952447404], [51.20666744280715, 35.73294368249277], [51.20663052014931, 35.73296846260362], [51.2056843540724, 35.73295547441414], [51.20568928873087, 35.73270867462737]], [[51.20610767084576, 35.75650192702933], [51.20606780490322, 35.75646594824791], [51.20607876621471, 35.756243215788984], [51.20638717574364, 35.75624266255039], [51.206387789208186, 35.75648971875953], [51.20610767084576, 35.75650192702933]], [[51.20607559990552, 35.74405948639089], [51.206035733977416, 35.744023507549], [51.20604669562515, 35.743800774559816], [51.206355053510066, 35.743800221598484], [51.20635566661418, 35.74404727836868], [51.20607559990552, 35.74405948639089]], [[51.20501609496944, 35.73463419729098], [51.2050560266277, 35.73459409482451], [51.20631833613297, 35.73459497848225], [51.206343100017335, 35.73463185995079], [51.206341280600434, 35.73510816039862], [51.206304357890225, 35.73513294037758], [51.205373793370434, 35.7351314908072], [51.20534923221175, 35.73509852699329], [51.2053483921132, 35.73486413193577], [51.20503442773509, 35.73485788731887], [51.2050167856597, 35.73482860412783], [51.20501609496944, 35.73463419729098]], [[51.20599517932868, 35.72837126936559], [51.20567808578776, 35.72836269577779], [51.205671931243444, 35.72811592557695], [51.206311667101865, 35.72810926116462], [51.206318521103256, 35.728626520121786], [51.2060105075104, 35.728632617153], [51.20599517932868, 35.72837126936559]], [[51.205771651304424, 35.75487956953681], [51.205731785457765, 35.75484359058556], [51.20573507610412, 35.75435981953343], [51.205766405354524, 35.75433879365424], [51.20604101553781, 35.7543428488637], [51.20606222950401, 35.75437805990123], [51.20605873834082, 35.75485791297536], [51.20602740904749, 35.75487893895531], [51.205771651304424, 35.75487956953681]], [[51.20574311369811, 35.743789566117094], [51.20570324786429, 35.74375358711204], [51.20570653918464, 35.74326981507425], [51.205737868434724, 35.743248789232304], [51.20601243259622, 35.74325284465186], [51.20603364653588, 35.74328805573171], [51.20603015470291, 35.74376790978881], [51.205998825409935, 35.74378893573146], [51.20574311369811, 35.743789566117094]], [[51.20566916560076, 35.73057573535279], [51.20570517455394, 35.73053583210743], [51.20598305512088, 35.730541897963825], [51.20600089989891, 35.73057509889608], [51.205994699271365, 35.73078783874974], [51.20596145897486, 35.73080569079982], [51.20568750005643, 35.73079942538136], [51.205669857803244, 35.7307701423552], [51.20566916560076, 35.73057573535279]], [[51.2054082953696, 35.75816609018586], [51.205444304384955, 35.75812618696004], [51.20572229942381, 35.75813225306299], [51.205740144160174, 35.75816545399303], [51.205733943385475, 35.75837819261585], [51.20570070304641, 35.758396044632484], [51.205426629657666, 35.75838977897352], [51.20540898744345, 35.7583604959471], [51.2054082953696, 35.75816609018586]], [[51.20544746276515, 35.75785550004849], [51.20540759700904, 35.75781952094971], [51.205410889474706, 35.757335750182065], [51.20544221876869, 35.757314724412815], [51.20571684131209, 35.757318780332], [51.20573805517304, 35.75735399146425], [51.20573456220534, 35.757833844250314], [51.20570323286844, 35.757854870120354], [51.20544746276515, 35.75785550004849]], [[51.20535270741708, 35.736527051245595], [51.205388716472775, 35.736487148125654], [51.20566662172048, 35.736493214645435], [51.20568446640422, 35.73652641565037], [51.20567826506201, 35.73673915520699], [51.20564502473283, 35.736757007155276], [51.2053710411317, 35.7367507410835], [51.205353398959744, 35.73672145798751], [51.20535270741708, 35.736527051245595]], [[51.20502441557699, 35.73216882963355], [51.20565864929547, 35.73216772818397], [51.205664803877994, 35.73241449819726], [51.205019478935206, 35.732415629406766], [51.20502441557699, 35.73216882963355]], [[51.205072976024034, 35.756814218665795], [51.205108985155604, 35.75677431560132], [51.205386974584705, 35.756780382509135], [51.20540481920893, 35.756813583537244], [51.20539861752701, 35.75702632217808], [51.20536537715861, 35.75704417406973], [51.20509130937648, 35.75703790761734], [51.20507366725784, 35.75700862449749], [51.205072976024034, 35.756814218665795]], [[51.20473766813116, 35.75546234586932], [51.204773677378924, 35.75542244296617], [51.2053834988363, 35.7554279445624], [51.20540134345723, 35.755461145595184], [51.205395836878786, 35.75594437189552], [51.205362596510874, 35.75596222378376], [51.2050885332201, 35.75595595731076], [51.205070891103574, 35.755926674187435], [51.205070051360856, 35.7556922800486], [51.2047560005481, 35.75568603498473], [51.20473835852503, 35.75565675177147], [51.20473766813116, 35.75546234586932]], [[51.203711677023925, 35.74352248761733], [51.203725696315026, 35.743261109597704], [51.204042775019445, 35.74325143718508], [51.20404016251163, 35.74220956433049], [51.20406123725487, 35.74217422252096], [51.20435725681525, 35.74217806196191], [51.204372580085085, 35.74243940935502], [51.205011440715914, 35.742441409863446], [51.2050360017138, 35.74247437373753], [51.205036841064135, 35.74270876853518], [51.205332533477744, 35.74270850253745], [51.20536391625313, 35.74272937985286], [51.205369866642656, 35.74320919062729], [51.20534154962001, 35.743247549224286], [51.205052768469095, 35.743240695976525], [51.205037443005544, 35.74297934875141], [51.20437396306186, 35.74298047773653], [51.204373502718916, 35.74349299584946], [51.20433918778958, 35.74352127663089], [51.204043557534895, 35.74352201726996], [51.204044789705065, 35.74402291348065], [51.204023714899165, 35.74405825533202], [51.203737762647485, 35.74406042656134], [51.20371320196515, 35.74402746221033], [51.20371236646378, 35.743793067757274], [51.20341666993328, 35.743793329694974], [51.2033852873285, 35.74377245168324], [51.20339459712653, 35.743532159145715], [51.203711677023925, 35.74352248761733]], [[51.2033633798103, 35.737031328874316], [51.2033630228327, 35.73679699698355], [51.20339115763436, 35.736762562504694], [51.203679912089704, 35.736769419918], [51.203695233069816, 35.73703076761382], [51.204026902395704, 35.737030205561815], [51.20402654347521, 35.736795873784125], [51.20404743541866, 35.7367644552841], [51.20468973269664, 35.73675859012358], [51.204703749020005, 35.7364972117381], [51.20499618463596, 35.73649066626509], [51.20502074562301, 35.73652363016225], [51.205021584797386, 35.7367580252092], [51.20531725250487, 35.73675775932604], [51.20535165142293, 35.73678587010618], [51.20535370806292, 35.73699188285212], [51.20533618117927, 35.73702127587397], [51.20502223486964, 35.73702954216047], [51.20502297154593, 35.737299002119165], [51.205318641499126, 35.73729873622558], [51.20535170992661, 35.73732315623526], [51.205352965553814, 35.73781474790883], [51.20531996518266, 35.73783932796524], [51.205038898595454, 35.73783093004653], [51.20502357330239, 35.73756958257938], [51.20405298978932, 35.73756814502191], [51.20402842902023, 35.737535180760204], [51.20402759273758, 35.73730078598895], [51.203041384349724, 35.73728779882208], [51.20304632675632, 35.73704099937748], [51.2033633798103, 35.737031328874316]], [[51.20528903223156, 35.727290469967684], [51.205328897842605, 35.72732644922022], [51.20531793390286, 35.727549182827474], [51.20500964351833, 35.72754973275863], [51.20500903475393, 35.727302675224], [51.20528903223156, 35.727290469967684]], [[51.204700678498526, 35.72539804143283], [51.20466081296786, 35.725362061853474], [51.20466845559111, 35.72487175510547], [51.204990993715235, 35.72485652090882], [51.20499063223988, 35.724622188713255], [51.20501507110821, 35.72458908380127], [51.205307470559205, 35.72459460723738], [51.20531501211716, 35.725382355598704], [51.204700678498526, 35.72539804143283]], [[51.20474251852572, 35.757355758994194], [51.204778527769975, 35.7573158560818], [51.205056519449926, 35.757321923758006], [51.20507436396661, 35.757355124877634], [51.2050681614271, 35.75756786345477], [51.20503492102849, 35.75758571522742], [51.204760850992706, 35.75757944801769], [51.204743208965944, 35.757550164810496], [51.20474251852572, 35.757355758994194]], [[51.204780995717, 35.756774681580644], [51.20474113015015, 35.75673870215268], [51.2047520950734, 35.75651596994122], [51.20506050576302, 35.756515420257365], [51.20506111528995, 35.75676247647541], [51.204780995717, 35.756774681580644]], [[51.204775452612, 35.75461078063345], [51.20473558704764, 35.75457480119504], [51.204746552029, 35.754352068891315], [51.20505495373465, 35.75435151925537], [51.20505556319929, 35.75459857557099], [51.204775452612, 35.75461078063345]], [[51.2047235147289, 35.7343241712833], [51.204683649187935, 35.73428819174698], [51.20469461471384, 35.734065458578456], [51.205002932241385, 35.73406490939154], [51.20500354112228, 35.734311966621846], [51.2047235147289, 35.7343241712833]], [[51.20474369930794, 35.7578166655104], [51.204707689961666, 35.75785656843439], [51.20442969630048, 35.757850499955424], [51.20441185194319, 35.7578172986116], [51.20441805619631, 35.75760456016185], [51.204451296567875, 35.75758670859563], [51.20472536689145, 35.757592976537666], [51.20474300886178, 35.75762225971253], [51.20474369930794, 35.7578166655104]], [[51.20469829294771, 35.755692867246644], [51.204738158403536, 35.7557288466856], [51.204738666030856, 35.755927175878156], [51.20471422704525, 35.75596028082136], [51.20411523739548, 35.755964346789916], [51.204078250211886, 35.75593974059837], [51.20407486603439, 35.75573003783241], [51.204099305142954, 35.75569693314219], [51.20469829294771, 35.755692867246644]], [[51.20407606453786, 35.756274936363425], [51.20411207401149, 35.756235033765755], [51.2043900612097, 35.756241103020294], [51.20440790550607, 35.756274304330425], [51.20440170119487, 35.756487042873566], [51.20436846073683, 35.7565048944014], [51.20409439517676, 35.75649862563586], [51.20407675333797, 35.756469342247044], [51.20407606453786, 35.756274936363425]], [[51.20405465841238, 35.74788981469923], [51.204090667901546, 35.74784991214234], [51.20436862029752, 35.74785598155737], [51.20438646457362, 35.74788918289634], [51.204380260043884, 35.74810192180147], [51.20434701958966, 35.74811977330299], [51.20407298883046, 35.74811350437849], [51.20405534700794, 35.74808422096288], [51.20405465841238, 35.74788981469923]], [[51.203416511640235, 35.75782290413118], [51.20342969628948, 35.75732704098025], [51.20372221842189, 35.75732049839471], [51.203746779052594, 35.75735346266881], [51.20374761495125, 35.75758785665847], [51.20406482957167, 35.75759643492666], [51.20407699523204, 35.757833116453035], [51.20404007215552, 35.757857895537384], [51.20344107224899, 35.75785586854345], [51.203416511640235, 35.75782290413118]], [[51.20175454189543, 35.75681982958009], [51.20179055216385, 35.75677992806288], [51.20208623797729, 35.75677919288256], [51.20208588431037, 35.756544861718204], [51.202121711566505, 35.75650888331598], [51.20403668735564, 35.756505457604256], [51.2040765526244, 35.75654143736321], [51.204077749309626, 35.75701025410324], [51.20404192253835, 35.75704623341315], [51.203114666423055, 35.75704722774315], [51.203082602049705, 35.75701200208594], [51.203081768112554, 35.756777608269566], [51.20275095314441, 35.756778120374655], [51.20275037243276, 35.757012498917156], [51.20272223738054, 35.75704693324484], [51.20179117088333, 35.75705003056146], [51.20175581021625, 35.757018114921856], [51.20175454189543, 35.75681982958009]], [[51.20370553952206, 35.72539973012963], [51.20366567427323, 35.72536375006512], [51.203676642748775, 35.725141016692774], [51.20398492329261, 35.72514047037053], [51.20398552896213, 35.72538752801899], [51.20370553952206, 35.72539973012963]], [[51.203009798359965, 35.728416331080496], [51.20304973069269, 35.7283762296395], [51.203633181812165, 35.728375243698444], [51.20367016884332, 35.72839985016195], [51.2036714137835, 35.72889144269383], [51.2036384131334, 35.72891602207119], [51.20334284329218, 35.72891676080037], [51.20334320003919, 35.72915109296677], [51.20331876060789, 35.72918419735083], [51.203047802969834, 35.729187510547845], [51.20301473483475, 35.72916308961745], [51.203009798359965, 35.728416331080496]], [[51.2030640486404, 35.74978491450744], [51.203100058467044, 35.74974501240536], [51.20337801873508, 35.74975108411986], [51.20339586268929, 35.74978428573235], [51.20338965559459, 35.74999702443469], [51.20335641504962, 35.750014875580135], [51.203082376409945, 35.75000860438929], [51.203064734862494, 35.74997932071261], [51.2030640486404, 35.74978491450744]], [[51.20306267451088, 35.749243938651084], [51.20309868433853, 35.749204036551625], [51.20337664236155, 35.74921010827642], [51.20339448631445, 35.74924330989077], [51.203388279205726, 35.74945604861645], [51.203355038661, 35.749473899760204], [51.20308100226626, 35.74946762855917], [51.203063360719845, 35.749438344880765], [51.20306267451088, 35.749243938651084]], [[51.20307094398152, 35.736761379119336], [51.20303107890759, 35.736725398785744], [51.20304204888767, 35.73650266601569], [51.20335037655879, 35.73650212122227], [51.203350980582535, 35.73674917836903], [51.20307094398152, 35.736761379119336]], [[51.20233183555195, 35.72269709938126], [51.202331481906555, 35.72246276662954], [51.20236342511684, 35.72242737136534], [51.20328633418502, 35.72242504643941], [51.20332561401271, 35.722457147292786], [51.203326702738956, 35.722659357397546], [51.2033022632958, 35.722692461756694], [51.202663629721144, 35.7226966331197], [51.20266398434442, 35.72293096569915], [51.20263584923425, 35.72296539988646], [51.20170912582433, 35.72296868103072], [51.20167213900402, 35.722944073728584], [51.201668761728826, 35.72273436926099], [51.201693201591574, 35.722701265494955], [51.20233183555195, 35.72269709938126]], [[51.20277209886573, 35.74974537281402], [51.20273223387094, 35.74970939238066], [51.20274320440981, 35.74948666022336], [51.20305158596102, 35.74948611603484], [51.203052189369274, 35.749733172601395], [51.20277209886573, 35.74974537281402]], [[51.203060410016484, 35.74835240684033], [51.20302440008434, 35.74839230894484], [51.20242525264741, 35.74839179085949], [51.20239699593043, 35.748357511255925], [51.202398006177084, 35.748151483158935], [51.202436243882545, 35.74812300375065], [51.20303146700438, 35.74812372123706], [51.20305972383448, 35.74815800056782], [51.203060410016484, 35.74835240684033]], [[51.20271783144811, 35.744105225040045], [51.20275384139887, 35.744065323120076], [51.203031778102016, 35.744071395721136], [51.203049621933765, 35.74410459744638], [51.2030434138206, 35.74431733635361], [51.20301017324823, 35.744335187360676], [51.2027361581696, 35.74432891529546], [51.20271851672601, 35.7442996315117], [51.20271783144811, 35.744105225040045]], [[51.203040490128465, 35.74050825043161], [51.20300448018189, 35.740548152498164], [51.202726558335684, 35.74054207979596], [51.20270871456418, 35.740508877926146], [51.20271492362357, 35.740296138930766], [51.202748164137155, 35.74027828802201], [51.20302216266458, 35.740284560128295], [51.20303980413682, 35.74031384380363], [51.203040490128465, 35.74050825043161]], [[51.20273849833759, 35.73649145008151], [51.20269863335793, 35.73645546958481], [51.20270960424909, 35.736232736862206], [51.203017930807555, 35.73623219296419], [51.20301853383817, 35.73647925012833], [51.20273849833759, 35.73649145008151]], [[51.20209752649834, 35.75543586495842], [51.20273195342782, 35.755434778557486], [51.20273809981712, 35.755681547767686], [51.20209258166016, 35.75568266353102], [51.20209752649834, 35.75543586495842]], [[51.20206678184535, 35.7332467030488], [51.20202691705733, 35.73321072221305], [51.20203788984222, 35.732987989469926], [51.20234620295707, 35.73298744742172], [51.20234680392469, 35.7332345047426], [51.20206678184535, 35.7332467030488]], [[51.20208413111528, 35.75592774205319], [51.202048120856034, 35.75596764373018], [51.201770135016076, 35.75596156898482], [51.201752291534156, 35.755928366887446], [51.201758502810094, 35.75571562867909], [51.20179174342045, 35.75569777808443], [51.20206580594658, 35.755704052203114], [51.202083447169784, 35.75573333609663], [51.20208413111528, 35.75592774205319]], [[51.198763768592826, 35.755161795726806], [51.19876256899216, 35.75466089938284], [51.19878719274921, 35.75462387329615], [51.200753429469906, 35.75461751401722], [51.200767457960154, 35.754356136677686], [51.20108458330537, 35.75434647204539], [51.2010957061048, 35.75408773824666], [51.20137973385337, 35.75407572781668], [51.20141588174986, 35.75411544111643], [51.20141603005808, 35.75485852630192], [51.201381714519265, 35.754886805890244], [51.20108603659108, 35.754887539403335], [51.20108671678011, 35.755157935152084], [51.20205001539547, 35.755157134677695], [51.20208207937566, 35.75519236074742], [51.20208258040769, 35.755390690003416], [51.20204283057707, 35.75542686780638], [51.200755559926606, 35.75542906906539], [51.20075507701315, 35.75594158656638], [51.200720761338076, 35.75596986588366], [51.20042507879733, 35.75597059778518], [51.20042610589714, 35.75647541681502], [51.20039797014406, 35.756509850254446], [51.198467501771226, 35.756514007220595], [51.19843543878139, 35.75647877961375], [51.19844145662465, 35.75626212370717], [51.19847077510324, 35.7562444736088], [51.19876645929208, 35.75624374659871], [51.1987661153646, 35.75600941484268], [51.1987905560597, 35.7559763119766], [51.19908308564759, 35.75598185050074], [51.19909839237695, 35.756243197760995], [51.199429205202286, 35.75624269570635], [51.19944417421174, 35.7559812709408], [51.1997613065757, 35.75597160983632], [51.19975995481037, 35.75543072639454], [51.19942820903614, 35.7554312769264], [51.19941417628837, 35.755692654067865], [51.19912535728826, 35.75570050082396], [51.199097101552226, 35.755666219981336], [51.19909627932908, 35.75543182666331], [51.19847261632235, 35.755432811277146], [51.198439339819394, 35.75541510628622], [51.19844663938216, 35.75517145414379], [51.198763768592826, 35.755161795726806]], [[51.20140755629568, 35.75082957530893], [51.20142158278175, 35.750568197758106], [51.201724151801905, 35.75056767199671], [51.20173097772108, 35.751084929399845], [51.201085497686925, 35.75108603947869], [51.20109044560954, 35.750839240758864], [51.20140755629568, 35.75082957530893]], [[51.199078763531894, 35.74839904973511], [51.199078418857205, 35.74816471765759], [51.19910655493905, 35.74813028477654], [51.20007351224119, 35.74812691035215], [51.2000728356542, 35.74785651426981], [51.1994376272042, 35.74785580243826], [51.19940937138181, 35.74782152169071], [51.19940854841151, 35.74758712799702], [51.1990913762152, 35.747578537008025], [51.19909077691497, 35.7473262079935], [51.19940787344322, 35.747316547956316], [51.19940719912727, 35.74704615182648], [51.19876830106764, 35.747044121503436], [51.198743741858074, 35.74701115544834], [51.19874306619187, 35.746816748990746], [51.198771385439095, 35.746778393017784], [51.19971001394363, 35.74677683489898], [51.199738269778514, 35.74681111550389], [51.199739093697666, 35.747045509381394], [51.2000348033798, 35.74704525635734], [51.20006416103796, 35.74706277491089], [51.20007157350119, 35.74731544612347], [51.20103477433985, 35.74731465409231], [51.201066838011904, 35.747349880613385], [51.201067665836526, 35.747584274653086], [51.20169126422253, 35.74758327669113], [51.201729581294366, 35.74761157478075], [51.20172580212776, 35.74810640231453], [51.201696483900214, 35.74812405345973], [51.20140083408204, 35.74812478766095], [51.20139535767303, 35.748647934267076], [51.20136603941248, 35.74866558530436], [51.201070387288816, 35.74866631870004], [51.201064908755065, 35.749189465277645], [51.2010355904615, 35.74920711620701], [51.20073993603231, 35.74920784879712], [51.20074028559751, 35.749442180437114], [51.2007158454099, 35.74947528398685], [51.20040880222577, 35.74947888998693], [51.200409150826744, 35.749713221670405], [51.200388257774755, 35.749744639129204], [51.2000776661739, 35.74974993026031], [51.200078690791315, 35.7502547499327], [51.2000505549278, 35.75028918322025], [51.19976174463086, 35.75028231707272], [51.199746435914726, 35.75002096967756], [51.199450714074935, 35.75002122194022], [51.19941933198554, 35.75000034250969], [51.19941259647997, 35.74921005621591], [51.199105492330546, 35.74920747727929], [51.1990809330186, 35.74917451134671], [51.199080110981946, 35.74894011775609], [51.19878439372455, 35.74894036836625], [51.19875301172096, 35.74891948869231], [51.198753793498504, 35.748417427600224], [51.19878311194234, 35.74839977741489], [51.199078763531894, 35.74839904973511]], [[51.201669740377625, 35.723199203485386], [51.20163372994486, 35.7232391048504], [51.20103479109386, 35.72323857917982], [51.20100653481602, 35.723204298965925], [51.201007549105476, 35.722998269781534], [51.201045787082094, 35.7229697910729], [51.201640801636884, 35.72297051609537], [51.20166905802777, 35.72300479603681], [51.201669740377625, 35.723199203485386]], [[51.20075895705904, 35.75678150740018], [51.20074492859611, 35.757042884558665], [51.20044233281857, 35.75704340785848], [51.20043551488418, 35.75652615085584], [51.20138194977452, 35.75650993120622], [51.201418936443645, 35.75653453854529], [51.201422313711014, 35.756744241465555], [51.201397873734955, 35.756777345271146], [51.20075895705904, 35.75678150740018]], [[51.20071924561771, 35.73515147594024], [51.20135350425465, 35.73515039750053], [51.20135964613232, 35.73539716775766], [51.200714296269204, 35.73539827533674], [51.20071924561771, 35.73515147594024]], [[51.20103099958847, 35.733017981938474], [51.20106701012768, 35.73297808084475], [51.201344900856725, 35.732984157546866], [51.201362744118065, 35.733017359776234], [51.201356531364326, 35.73323009896056], [51.20132329064708, 35.73324794933013], [51.201049321526234, 35.73324167322167], [51.201031680568335, 35.73321238895797], [51.20103099958847, 35.733017981938474]], [[51.20102760082181, 35.73166553825938], [51.20106361136349, 35.73162563717214], [51.201341496484716, 35.73163171389974], [51.20135933974283, 35.73166491613369], [51.201353126954395, 35.731877655376415], [51.201319886237755, 35.731895505741804], [51.201045922724504, 35.731889229608086], [51.20102828176918, 35.731859945340126], [51.20102760082181, 35.73166553825938]], [[51.20008840686102, 35.754077736192606], [51.199771207595845, 35.75406914711751], [51.19976507003679, 35.75382237756843], [51.20104330234895, 35.753805609241034], [51.20108258164673, 35.753837711045776], [51.20108366529931, 35.754039919801954], [51.201059225219176, 35.75407302348318], [51.20042033092625, 35.754077183736555], [51.200420679660084, 35.75431151519831], [51.20038873580827, 35.75434690978035], [51.20010371676256, 35.75433908337595], [51.20008840686102, 35.754077736192606]], [[51.20103377661056, 35.75001877932705], [51.20107364102592, 35.750054760574436], [51.20107413946384, 35.75025309007663], [51.201049699376874, 35.75028619374348], [51.20045075674159, 35.75029024126009], [51.20041377012787, 35.750265633500206], [51.20041039560992, 35.75005593018475], [51.200434835819806, 35.75002282677083], [51.20103377661056, 35.75001877932705]], [[51.20070875400171, 35.752724212169696], [51.200748618326124, 35.75276019356619], [51.200737642406466, 35.7529829252634], [51.20042924640939, 35.7529834632973], [51.20042865072013, 35.75273640683626], [51.20070875400171, 35.752724212169696]], [[51.20007027410522, 35.746814549371], [51.20010628496021, 35.74677464867517], [51.20070541946383, 35.74677517838036], [51.2007336755966, 35.74680945860471], [51.20073266105059, 35.74701548673556], [51.20069442291311, 35.74704396537473], [51.20009920901682, 35.74704323628969], [51.20007095299718, 35.747008955792566], [51.20007027410522, 35.746814549371]], [[51.20066393897125, 35.734871989488894], [51.20070380327553, 35.734907970969864], [51.200692826886026, 35.73513070342894], [51.200384504965115, 35.735131241076026], [51.20038390977791, 35.73488418381006], [51.20066393897125, 35.734871989488894]], [[51.20039856918391, 35.72946263415895], [51.20035870487, 35.72942665249644], [51.20036202901942, 35.72894287950653], [51.20039335896479, 35.72892185562893], [51.20066786380609, 35.72892592356394], [51.2006890759152, 35.72896113639292], [51.200685551512926, 35.72944099133023], [51.20065422152468, 35.72946201530844], [51.20039856918391, 35.72946263415895]], [[51.200343124842995, 35.72328148682134], [51.20037913562713, 35.723241586083155], [51.20065698599769, 35.72324766452429], [51.200674829018396, 35.723280866973], [51.20066861427427, 35.723493606497165], [51.200635373501406, 35.723511456595574], [51.200361444731676, 35.72350517877214], [51.20034380397805, 35.72347589430002], [51.200343124842995, 35.72328148682134]], [[51.199751607698566, 35.74622499651432], [51.19973595223624, 35.74572922489417], [51.19976039265223, 35.74569612172465], [51.20035929754442, 35.74569207776046], [51.200396284057966, 35.74571668556254], [51.200385280097095, 35.74595343483587], [51.20006818950029, 35.74596309756065], [51.20006853702779, 35.74619742947015], [51.20004409663602, 35.74623053277955], [51.199751607698566, 35.74622499651432]], [[51.20035455207047, 35.743798660463916], [51.20039441629083, 35.74383464206451], [51.200383439231985, 35.74405737408362], [51.200075080271965, 35.74405791103433], [51.20007448581956, 35.74381085416568], [51.20035455207047, 35.743798660463916]], [[51.200032383494786, 35.73166719666339], [51.200068394377276, 35.73162729603974], [51.200346279512765, 35.731633375101374], [51.200364122444604, 35.731666577615044], [51.200357907044186, 35.73187931673665], [51.200324666237634, 35.731897166740296], [51.2000507027014, 35.73189088830602], [51.20003306202465, 35.73186160377123], [51.200032383494786, 35.73166719666339]], [[51.199770905962865, 35.74379963100497], [51.19973104182074, 35.743763649086446], [51.19974202065562, 35.743540917206644], [51.20005037759467, 35.743540381156095], [51.20005097196148, 35.743787438037494], [51.199770905962865, 35.74379963100497]], [[51.19999617230014, 35.73162703046886], [51.19940485313566, 35.731628012260835], [51.199371785602196, 35.73160358991687], [51.19936688290531, 35.730856831257384], [51.19939150648579, 35.730819805029206], [51.19999028795615, 35.730815763287914], [51.20002727441759, 35.73084037128701], [51.20002917355847, 35.73160245250269], [51.19999617230014, 35.73162703046886]], [[51.19997541069731, 35.724865006321934], [51.20001527480238, 35.72490098817365], [51.20000429634289, 35.7251237209418], [51.19969601590274, 35.725124256594], [51.1996954229666, 35.72487719886663], [51.19997541069731, 35.724865006321934]], [[51.1999720301103, 35.72351256073375], [51.20001189421385, 35.72354854259184], [51.2000009157189, 35.7237712754177], [51.19969264088517, 35.723771811040706], [51.19969204798691, 35.72352475325237], [51.1999720301103, 35.72351256073375]], [[51.19940054520737, 35.74434127018156], [51.199386512119645, 35.74460264782696], [51.19908396795182, 35.74460316740533], [51.19907715920925, 35.744085909132714], [51.19972258134553, 35.74408481032335], [51.199717629216195, 35.744331609269956], [51.19940054520737, 35.74434127018156]], [[51.19940496905277, 35.740274805042446], [51.19940369456328, 35.739751987282986], [51.199706218740964, 35.739751466939644], [51.19971303135314, 35.74026872553467], [51.19940496905277, 35.740274805042446]], [[51.19942333885163, 35.753497783211365], [51.19938732767857, 35.75353768363902], [51.198788137356274, 35.75353714753374], [51.198759881723134, 35.75350286655545], [51.19876090121014, 35.753296838775135], [51.198799139634424, 35.75326836098247], [51.199394405672194, 35.75326909636673], [51.1994226614185, 35.753303377072136], [51.19942333885163, 35.753497783211365]], [[51.19868594620883, 35.72382521460621], [51.198721957559876, 35.7237853146378], [51.19932090143089, 35.72378585183498], [51.199349157128495, 35.723820132659995], [51.199348138599404, 35.72402616178187], [51.1993099001917, 35.72405463973121], [51.19871487691375, 35.7240539032029], [51.19868662132921, 35.72401962210542], [51.19868594620883, 35.72382521460621]], [[51.19877638401616, 35.75434128392548], [51.198775112908045, 35.75381846741339], [51.19907769547484, 35.75381794850834], [51.19908450473343, 35.75433520589359], [51.19877638401616, 35.75434128392548]], [[51.19839448553827, 35.74005508962471], [51.198430496973664, 35.74001518973411], [51.198726113857575, 35.74001446302623], [51.19872577039506, 35.73978013048821], [51.198750211119155, 35.73974702768306], [51.19902121289291, 35.73974372409496], [51.1990542802808, 35.7397681465536], [51.19905850739952, 35.740244415608025], [51.19903388364863, 35.74028144178641], [51.198423415749716, 35.74028377755637], [51.1983951602377, 35.740249496397674], [51.19839448553827, 35.74005508962471]], [[51.19847060173674, 35.75462134801675], [51.198430737958475, 35.75458536550142], [51.19844172012863, 35.75436263432004], [51.198750122009685, 35.75436210159624], [51.198750712735254, 35.75460915801023], [51.19847060173674, 35.75462134801675]], [[51.19809071042727, 35.75137606075204], [51.1980903685836, 35.75114172864842], [51.19811480948573, 35.75110862602872], [51.198744691915586, 35.75111914884121], [51.19874175466132, 35.75217741110345], [51.19812112597283, 35.75218580310149], [51.19809287054055, 35.75215152186395], [51.19809205133651, 35.751917128537166], [51.1977693082056, 35.75190300372931], [51.19776572776866, 35.75139443590512], [51.197795046311825, 35.75137678603976], [51.19809071042727, 35.75137606075204]], [[51.19869896600697, 35.74515385282591], [51.198738829758895, 35.74518983522946], [51.198735496558385, 35.74567360669779], [51.19870416630879, 35.745694630010014], [51.19842959213871, 35.74569055776576], [51.19840838071026, 35.7456553442203], [51.19841191802412, 35.745175490923884], [51.198443248230795, 35.74515446771235], [51.19869896600697, 35.74515385282591]], [[51.19871963931357, 35.74326946360741], [51.198720909680866, 35.743792281071265], [51.1984183688621, 35.743792798902305], [51.19841156438229, 35.743275540486785], [51.19871963931357, 35.74326946360741]], [[51.198686709162075, 35.730015523292614], [51.19868797871964, 35.73053834195165], [51.19838549287819, 35.730538859508165], [51.19837868920467, 35.730021599887635], [51.198686709162075, 35.730015523292614]], [[51.19809688871981, 35.753850530625805], [51.19813290024403, 35.7538106308247], [51.198410877423434, 35.75381671414237], [51.19842871975474, 35.753849917141466], [51.19842249969128, 35.75406265506202], [51.198389258695144, 35.75408050440975], [51.19811520310102, 35.75407422178241], [51.19809756293966, 35.75404493678271], [51.19809688871981, 35.753850530625805]], [[51.19742975248037, 35.74651747755142], [51.19838583160736, 35.74650985761455], [51.1984103906418, 35.74654282376027], [51.198408055499755, 35.746752552789914], [51.19837113153126, 35.746777329443596], [51.197424793605904, 35.74676427625477], [51.19742975248037, 35.74651747755142]], [[51.19543564187114, 35.745168286930316], [51.19608452537753, 35.74515809640724], [51.196098569003205, 35.74489671891291], [51.19641565607529, 35.744887066934986], [51.19641465482875, 35.74438224597379], [51.196450483762256, 35.74434627018432], [51.196734489869634, 35.744357317373726], [51.19674687649046, 35.74461603648676], [51.198045643770726, 35.744615672018156], [51.19807389910556, 35.744649953266055], [51.198074718100635, 35.744884347003094], [51.1983704185754, 35.74488409809959], [51.198406363309815, 35.744919894716794], [51.198406855043345, 35.745118224489026], [51.19838932621411, 35.74514761567506], [51.19807538849584, 35.74515492717529], [51.19807658335782, 35.74565582442616], [51.19805550652297, 35.74569116438343], [51.1970813365599, 35.745697538277156], [51.1970820029777, 35.74596793450586], [51.197396012354154, 35.74597419992422], [51.197413652257985, 35.746003485094825], [51.1974143246786, 35.74619789161889], [51.19737831281049, 35.74623779108395], [51.19708267003958, 35.746238514645455], [51.19708367558858, 35.74674333520286], [51.19704784675148, 35.74677931130625], [51.19678820358817, 35.74677973669798], [51.19675682184207, 35.74675885629741], [51.196750778443345, 35.74623905779126], [51.19645507272958, 35.74623930263869], [51.19641971338233, 35.74620738463343], [51.19642080431414, 35.74572328798139], [51.1964538060859, 35.74569871137031], [51.19674944689124, 35.7456979894507], [51.196748781604555, 35.74542759320441], [51.195430677052414, 35.745415085579566], [51.19543564187114, 35.745168286930316]], [[51.19741439357557, 35.74029624677266], [51.19837039526076, 35.74028862720647], [51.19839495428423, 35.74032159337555], [51.19839261898496, 35.74053132267997], [51.19835569501624, 35.74055609931022], [51.197409434529064, 35.7405430457519], [51.19741439357557, 35.74029624677266]], [[51.19809937181783, 35.754852415470566], [51.19805943775687, 35.754892514555166], [51.197803683372946, 35.754892742967], [51.19777061610812, 35.754868320059686], [51.19776572675964, 35.75412156436765], [51.1977903508633, 35.75408453863798], [51.198061412159255, 35.75408123705214], [51.198094479386015, 35.754105659847504], [51.19809937181783, 35.754852415470566]], [[51.19809333857364, 35.75241802509588], [51.19805732694398, 35.752457924899595], [51.197779355643114, 35.752451840743866], [51.197761513475655, 35.752418637514296], [51.19776773530041, 35.752205899639605], [51.19780097626865, 35.75218805050404], [51.198075024291555, 35.75219433389839], [51.19809266439292, 35.75222361887166], [51.19809333857364, 35.75241802509588]], [[51.19707738886478, 35.744114595831526], [51.19711732316487, 35.74407449729615], [51.198040496217246, 35.74407374899922], [51.198072558995776, 35.74410897678543], [51.19807248292702, 35.74431119295316], [51.198033298906566, 35.74434348241028], [51.197110123011775, 35.744344230671594], [51.19707806043508, 35.74430900245654], [51.19707738886478, 35.744114595831526]], [[51.19747777132529, 35.755704937398534], [51.19743790782786, 35.755668954402424], [51.197448892684, 35.75544622344474], [51.19775729908413, 35.75544569336819], [51.19775788688094, 35.75569274974865], [51.19747777132529, 35.755704937398534]], [[51.19744704437725, 35.7432624884899], [51.19740718089366, 35.74322650543587], [51.19741816607195, 35.74300377394668], [51.19772652082998, 35.743003244135764], [51.19772710828144, 35.74325030107724], [51.19744704437725, 35.7432624884899]], [[51.19710792454053, 35.74028766044157], [51.19706806115424, 35.74025167721186], [51.19707904731358, 35.74002894565469], [51.197387389736136, 35.74002841679688], [51.197387976119444, 35.740275473877574], [51.19710792454053, 35.74028766044157]], [[51.196040908023676, 35.72734592484456], [51.19607692027704, 35.727306026095526], [51.19635478752564, 35.727312114572804], [51.19637242711591, 35.72734140006782], [51.196373240759, 35.72757579430086], [51.197015526936774, 35.72757950862182], [51.197036535749476, 35.72761080447747], [51.19703252538246, 35.72782408841226], [51.196997272494436, 35.72784531029897], [51.19606324814708, 35.727842117469734], [51.19604203754569, 35.72780690311752], [51.196040908023676, 35.72734592484456]], [[51.19642510387545, 35.74871397990954], [51.196461115977144, 35.74867408090604], [51.19673907185002, 35.7486801682119], [51.19675691362513, 35.74871337169482], [51.19675068907475, 35.748926109634986], [51.1967174479311, 35.74894395836373], [51.19644341362814, 35.74893767180491], [51.196425773941044, 35.74890838634412], [51.19642510387545, 35.74871397990954]], [[51.19643308279902, 35.735690440260235], [51.196393219605795, 35.735654456685594], [51.196404207691614, 35.73543172505023], [51.196712531057855, 35.73543119806927], [51.19671311534304, 35.735678255367375], [51.19643308279902, 35.735690440260235]], [[51.196387118761166, 35.72729625697478], [51.196385864140645, 35.72677343795018], [51.19668833455421, 35.72677292565888], [51.196695127427, 35.72729018574494], [51.196387118761166, 35.72729625697478]], [[51.19476591082881, 35.74867669048254], [51.1944701952704, 35.748676930478226], [51.194438813824924, 35.74865604924412], [51.19444749170257, 35.748145269890415], [51.19539608752645, 35.7481354120646], [51.19542814952102, 35.748170640945666], [51.19542896083649, 35.748405034164385], [51.1960834977145, 35.74841862499152], [51.1960930107913, 35.748912753135336], [51.1960577487132, 35.74894484247597], [51.195786710802885, 35.748942435022265], [51.19576215247697, 35.74890946794488], [51.195761340173455, 35.748675074806044], [51.195429622362624, 35.74867561422097], [51.19542611894946, 35.74919538809734], [51.19539478826504, 35.749216410222225], [51.19513125307396, 35.749216262990295], [51.19509919108256, 35.74918103396176], [51.195098380716495, 35.74894664092705], [51.19480266399027, 35.74894688174379], [51.19477330677048, 35.74892936146685], [51.19476591082881, 35.74867669048254]], [[51.19546623747527, 35.74732306269394], [51.19542637455118, 35.7472870786875], [51.195437365050545, 35.747064347726635], [51.19574573669888, 35.747063823168226], [51.195746318347375, 35.747310879957034], [51.19546623747527, 35.74732306269394]], [[51.19568963683895, 35.73569165169126], [51.19572949973449, 35.7357276355953], [51.19571850980846, 35.735950367133555], [51.195410184386006, 35.73595089145641], [51.19540960395697, 35.735703834150925], [51.19568963683895, 35.73569165169126]], [[51.19566647519505, 35.72622454078863], [51.19570633808016, 35.72626052473634], [51.19570298579443, 35.72674429770428], [51.19567165515414, 35.72676531987735], [51.195397159436524, 35.72676124040064], [51.19537594906213, 35.72672602583273], [51.19537950530759, 35.726246171079815], [51.195410835904994, 35.72622514900731], [51.19566647519505, 35.72622454078863]], [[51.194430955081216, 35.74736477299491], [51.194466967867164, 35.74732487492572], [51.195073353374895, 35.7473284187388], [51.19509436164517, 35.747359715137215], [51.195095171965285, 35.74759410834367], [51.195412343632874, 35.74760270997047], [51.195422812897824, 35.74784294762455], [51.19538755980247, 35.74786416892394], [51.19478509261419, 35.74786042755988], [51.19476408437335, 35.74782913103179], [51.19476327501783, 35.74759473798658], [51.19444925940336, 35.74758846554335], [51.19443162027629, 35.74755917954426], [51.194430955081216, 35.74736477299491]], [[51.19475682943962, 35.744929842401035], [51.19479284211623, 35.744889944188465], [51.19539196122505, 35.74489050045568], [51.19542021576594, 35.744924782717206], [51.19541918754683, 35.74513081080343], [51.19538094836055, 35.74515928705438], [51.19478574981223, 35.745158531586036], [51.19475749538449, 35.74512424905176], [51.19475682943962, 35.744929842401035]], [[51.19510474010271, 35.73515162201835], [51.19506487728601, 35.73511563779405], [51.195075869001045, 35.73489290637212], [51.19538419015935, 35.73489238296032], [51.19538477048816, 35.735139440302916], [51.19510474010271, 35.73515162201835]], [[51.194463021196874, 35.74570194571302], [51.195075918086594, 35.74570983118362], [51.19508638633588, 35.74595006897642], [51.19505505560809, 35.74597109097109], [51.19475941352667, 35.74597180881781], [51.19475974550386, 35.74620614163013], [51.194735303525626, 35.74623924311529], [51.194449339470125, 35.746238035254464], [51.19442812938854, 35.74620282043897], [51.194431690468534, 35.74572296748803], [51.194463021196874, 35.74570194571302]], [[51.19503362355448, 35.72838040051569], [51.194399421005095, 35.72838144487076], [51.19439329990191, 35.728134673678774], [51.19503858990174, 35.7281336011271], [51.19503362355448, 35.72838040051569]], [[51.19476717708036, 35.74917758800579], [51.19473116430839, 35.74921748624746], [51.19445320643279, 35.74921139424598], [51.19443536536125, 35.74917819007228], [51.194441595981765, 35.74896545246268], [51.19447483724811, 35.748947604543645], [51.194748871875646, 35.74895389567144], [51.19476651104171, 35.7489831815451], [51.19476717708036, 35.74917758800579]], [[51.1937621021497, 35.74520193773367], [51.19380203755528, 35.745161840851104], [51.19472522438581, 35.74516111796597], [51.19475728617852, 35.745196347137615], [51.19475720176194, 35.74539856324683], [51.19471801694569, 35.74543085115004], [51.1937948272726, 35.74543157399933], [51.193762765681754, 35.74539634439881], [51.1937621021497, 35.74520193773367]], [[51.19445569796114, 35.741103444843425], [51.19441583532588, 35.741067460322824], [51.19441919476085, 35.74058368873461], [51.19445052548905, 35.74056266697591], [51.19472507871062, 35.74056674847721], [51.1947462888251, 35.74060196317044], [51.1947427294193, 35.74108181663176], [51.19471139864818, 35.74110283849111], [51.19445569796114, 35.741103444843425]], [[51.19443799672825, 35.75026007702128], [51.19440198384454, 35.750299975113286], [51.19412402147432, 35.75029388235295], [51.19410618050913, 35.75026067808945], [51.19411241197425, 35.75004794056722], [51.19414565327101, 35.750030092765634], [51.19441969239584, 35.750036384641305], [51.194437331470986, 35.75006567060071], [51.19443799672825, 35.75026007702128]], [[51.19377127986805, 35.748988772387605], [51.193807292878425, 35.74894887462023], [51.194066945410974, 35.748948455642484], [51.19409630248572, 35.74896597616221], [51.19410421006151, 35.74944914875851], [51.19408649674012, 35.74948246197719], [51.193812461567326, 35.749489651772976], [51.19377918547377, 35.749471945074376], [51.19377127986805, 35.748988772387605]], [[51.19376669079487, 35.7470953553595], [51.193802703808565, 35.747055457600865], [51.19406234848298, 35.747055038654935], [51.19409170555819, 35.747072559179976], [51.19409961302589, 35.74755573195046], [51.19408189970012, 35.74758904516297], [51.19380787238708, 35.74759623492467], [51.193774596292684, 35.747578528220444], [51.19376669079487, 35.7470953553595]], [[51.19315210230503, 35.75084315936876], [51.19311203815662, 35.75080325604877], [51.19310971489905, 35.74952300612775], [51.19314497761971, 35.7494909180831], [51.19340851429665, 35.74949106967821], [51.19344057570067, 35.74952629938778], [51.19344203573787, 35.75003118033714], [51.19373775693691, 35.75003094276416], [51.19377215349039, 35.750059058314086], [51.19377426916683, 35.750539445392164], [51.19373900651217, 35.750571533726415], [51.19344334511393, 35.750572248393894], [51.193432197923215, 35.75083098211159], [51.19315210230503, 35.75084315936876]], [[51.19343750532382, 35.748177841937355], [51.19347351844926, 35.748137944328406], [51.19375147211796, 35.74814403865091], [51.193769312912345, 35.74817724297558], [51.19376308050619, 35.748389980574096], [51.19372983909321, 35.74840782821524], [51.1934558069681, 35.74840153474027], [51.193438168118284, 35.74837224847657], [51.19343750532382, 35.748177841937355]], [[51.19243557150828, 35.74547455596968], [51.1924755073563, 35.74543445974908], [51.193730494082416, 35.74543321320588], [51.19376255557928, 35.74546844279342], [51.19376246865687, 35.745670658887335], [51.193723283601855, 35.7457029463241], [51.19246829301728, 35.74570419281344], [51.19243623182104, 35.74566896265802], [51.19243557150828, 35.74547455596968]], [[51.192769833993616, 35.746515899723754], [51.1927838881816, 35.74625452248863], [51.19307636490527, 35.74624800660463], [51.19310112423832, 35.74628489277165], [51.193102380109444, 35.74678585577233], [51.1933980877828, 35.74678561907437], [51.193429469012585, 35.74680650069392], [51.193436657145696, 35.74782728906276], [51.19341557873477, 35.747862627549736], [51.19314099616907, 35.747867604204956], [51.1931096148953, 35.74784672248851], [51.19310359506861, 35.74732692419075], [51.19277188280066, 35.74732745625889], [51.192772208984024, 35.747561789344175], [51.19274776641324, 35.747594890150154], [51.19247673223592, 35.747598179582866], [51.192445351048015, 35.74757729762569], [51.19244248875166, 35.74708216337751], [51.19247549118728, 35.747057588313126], [51.19277113834103, 35.747056876157195], [51.19277053466585, 35.74678741533375], [51.19245647451982, 35.74678020218239], [51.19243883595174, 35.74675091564673], [51.192439871789155, 35.74654488771966], [51.192474189083256, 35.746516611869914], [51.192769833993616, 35.746515899723754]], [[51.19310047111908, 35.74601446933843], [51.19313648436195, 35.745974571894095], [51.193414429055984, 35.745980667034324], [51.19343226973659, 35.746013871459354], [51.19342603640571, 35.746226609110884], [51.193392794963714, 35.746244456624936], [51.193118771810035, 35.7462381623438], [51.19310113305711, 35.74620887598454], [51.19310047111908, 35.74601446933843]], [[51.19309035930675, 35.747876948511454], [51.193102128521964, 35.74865816278244], [51.193070797533274, 35.74867918406648], [51.19279621087949, 35.748675098857134], [51.192775001354185, 35.74863988352033], [51.19278226489995, 35.747883010369634], [51.19309035930675, 35.747876948511454]], [[51.19304081271884, 35.73785984824592], [51.19308067486486, 35.73789583343445], [51.19306967776275, 35.738118564406754], [51.192761343293405, 35.73811908165908], [51.192760770689034, 35.737872024411324], [51.19304081271884, 35.73785984824592]], [[51.19301861541074, 35.72866322830802], [51.19305847754678, 35.7286992135384], [51.19304748021194, 35.72892194490396], [51.192739183883326, 35.72892246196466], [51.19273861152763, 35.72867540430233], [51.19301861541074, 35.72866322830802]], [[51.19244729107751, 35.750343343102585], [51.192483304540076, 35.75030344594772], [51.19276126720216, 35.75030954256673], [51.19277910767498, 35.75034274716436], [51.192772872707934, 35.7505554845474], [51.192739631204184, 35.75057333183295], [51.19246559007728, 35.75056703609458], [51.19244795150226, 35.75053774957033], [51.19244729107751, 35.750343343102585]], [[51.19078161968249, 35.734077364480264], [51.192399105016584, 35.734088629871934], [51.19240948761083, 35.7346149367508], [51.192726604953016, 35.73462354575707], [51.19272718483549, 35.73487587544103], [51.19209292832275, 35.73487690759815], [51.192076994920285, 35.73434507003796], [51.19079000717506, 35.734347071641906], [51.19075073022958, 35.734314964926824], [51.19074967301072, 35.73411275494404], [51.19078161968249, 35.734077364480264]], [[51.19211092422965, 35.74845045661572], [51.19214693780917, 35.748410559624205], [51.19242489261806, 35.748416657055934], [51.192442732977725, 35.74844986175303], [51.19243649709278, 35.74866259917739], [51.19240325555989, 35.74868044633668], [51.192129222283, 35.74867414979709], [51.19211158380437, 35.748644863178114], [51.19211092422965, 35.74845045661572]], [[51.19175900483294, 35.74006584713728], [51.19179501854068, 35.740025950338755], [51.19207293856473, 35.74003204869984], [51.19209077879652, 35.74006525351735], [51.192084541834866, 35.74027799126397], [51.19205130027561, 35.74029583827786], [51.19177730177937, 35.74028954082152], [51.19175966340896, 35.74026025408834], [51.19175900483294, 35.74006584713728]], [[51.1914452212289, 35.74759997191726], [51.19145927962629, 35.74733859481062], [51.19176183544283, 35.74733809507811], [51.19176859795023, 35.74785535381031], [51.191123144323036, 35.74785640889203], [51.19112812187476, 35.747609610599035], [51.1914452212289, 35.74759997191726]], [[51.19141039942297, 35.733033669154004], [51.191446413256536, 35.732993772542144], [51.19172430411796, 35.73299987180773], [51.19174214422501, 35.733033076741194], [51.1917359062205, 35.733245814751534], [51.191702664634285, 35.73326366162411], [51.19142869529671, 35.73325736327564], [51.191411057032, 35.733228076432425], [51.19141039942297, 35.733033669154004]], [[51.191405221739686, 35.730869757879134], [51.19144123557701, 35.73082986127714], [51.191719117466, 35.730835960581544], [51.19173695756815, 35.73086916552199], [51.19173071951078, 35.731081903625984], [51.19169747792547, 35.731099750492184], [51.191423517560004, 35.731093452105235], [51.19140587929923, 35.73106416525553], [51.191405221739686, 35.730869757879134]], [[51.19140392740511, 35.73032877993845], [51.191439941243374, 35.73028888333892], [51.19171782088941, 35.73029498265304], [51.19173566099033, 35.73032818759523], [51.191729422919735, 35.73054092572264], [51.191696181334656, 35.73055877258725], [51.191422223212065, 35.73055247419069], [51.19140458495229, 35.730523187339365], [51.19140392740511, 35.73032877993845]], [[51.19141862271987, 35.736469959325035], [51.191382608789446, 35.73650985596196], [51.19110470361083, 35.73650375594709], [51.191086863656395, 35.73647055079924], [51.19109310330048, 35.73625781304555], [51.19112634486093, 35.7362399663705], [51.1914003268236, 35.73624626539782], [51.19141796503731, 35.736275552199864], [51.19141862271987, 35.736469959325035]], [[51.19074542873915, 35.7324137451116], [51.19074386803804, 35.73167835505066], [51.19076831115519, 35.73164525501022], [51.19138240442334, 35.73164427372285], [51.19140716315273, 35.73168116053931], [51.191405254911615, 35.73215746056735], [51.19137225221448, 35.73218203517625], [51.19107666664074, 35.73218274380305], [51.19107698754713, 35.73241707789778], [51.1910525444546, 35.732450178078935], [51.190770187317625, 35.73245063219475], [51.19074542873915, 35.7324137451116]], [[51.1910637962888, 35.743543284389055], [51.19110365787697, 35.743579270522844], [51.19110027860806, 35.74406304166248], [51.191068947358715, 35.74408406221295], [51.19079437973761, 35.7440799723277], [51.19077317089665, 35.74404475633859], [51.190776753912075, 35.743564903470535], [51.19080808511849, 35.7435438830207], [51.1910637962888, 35.743543284389055]], [[51.1910926799447, 35.738904884578176], [51.191056665904895, 35.738944781071595], [51.190778750625114, 35.73893868032213], [51.19076091077397, 35.73890547508883], [51.190767151229714, 35.738692737481145], [51.19080039282115, 35.73867489091957], [51.19107438488735, 35.73868119067073], [51.191092023012594, 35.73871047755447], [51.1910926799447, 35.738904884578176]], [[51.19043834972963, 35.74277283970736], [51.190474363887134, 35.74273294351498], [51.190752295149345, 35.742739044940826], [51.190770134952025, 35.742772250122776], [51.1907638945721, 35.742984987589786], [51.19073065289189, 35.74300283412911], [51.19045664314625, 35.74299653365216], [51.19043900514253, 35.742967246571126], [51.19043834972963, 35.74277283970736]], [[51.1897469143474, 35.74787319771624], [51.189786775564166, 35.74790918447806], [51.18977576967157, 35.74813191442941], [51.18946739358901, 35.74813242299142], [51.189466830573586, 35.74788536614586], [51.1897469143474, 35.74787319771624]], [[51.18881418824011, 35.74057145149845], [51.188774327203426, 35.74053546422432], [51.18878533595715, 35.740312734159446], [51.189093679722625, 35.74031222753616], [51.18909424147308, 35.740559284728526], [51.18881418824011, 35.74057145149845]], [[51.18905707397272, 35.73678421504839], [51.18909693498965, 35.73682020218342], [51.18908592701335, 35.73704293249084], [51.18877759692727, 35.737043439046694], [51.18877703617758, 35.73679638169146], [51.18905707397272, 35.73678421504839]], [[51.18779665610779, 35.741916420888145], [51.18779545574462, 35.741393602915814], [51.18809798696348, 35.741393112818926], [51.18810472595013, 35.74191037246704], [51.18779665610779, 35.741916420888145]]]}}, {"type": "Feature", "properties": {"cls": 0}, "geometry": {"type": "Polygon", "coordinates": [[[51.22723719737665, 35.732390377531814], [51.227237965388355, 35.73266077383146], [51.22756961607464, 35.73266014693772], [51.227568846942056, 35.73238975064426], [51.22723719737665, 35.732390377531814]]]}}, {"type": "Feature", "properties": {"cls": 0}, "geometry": {"type": "Polygon", "coordinates": [[[51.22528865367575, 35.74727095834256], [51.22529017773423, 35.74781184162312], [51.225621891322184, 35.74781121987183], [51.22562036501944, 35.747270336603584], [51.22528865367575, 35.74727095834256]]]}}, {"type": "Feature", "properties": {"cls": 0}, "geometry": {"type": "Polygon", "coordinates": [[[51.22462428708351, 35.747001711560046], [51.224625046671974, 35.74727210725019], [51.22495675803512, 35.74727148734122], [51.22495599732496, 35.74700109165721], [51.22462428708351, 35.747001711560046]]]}}, {"type": "Feature", "properties": {"cls": 0}, "geometry": {"type": "Polygon", "coordinates": [[[51.22329330101792, 35.745651743729304], [51.223294056068085, 35.74592213950489], [51.22358976435196, 35.745921828562636], [51.223622835791424, 35.74594624142263], [51.22362736691661, 35.7464624986441], [51.224290874920634, 35.74646126337015], [51.22429045643706, 35.7462269355177], [51.22431488951302, 35.74619382390989], [51.22495371380388, 35.74618953668628], [51.22495219211193, 35.74564865324703], [51.224620487482916, 35.74564927311919], [51.224609439207235, 35.74590800773149], [51.22432936586449, 35.74592025935898], [51.22428949476627, 35.745884289429945], [51.22428859891985, 35.74564989221209], [51.22329330101792, 35.745651743729304]]]}}, {"type": "Feature", "properties": {"cls": 0}, "geometry": {"type": "Polygon", "coordinates": [[[51.22223552644236, 35.72320306086291], [51.22223627729601, 35.723473457669286], [51.222567890004, 35.72347284469969], [51.22256713802997, 35.723202447899375], [51.22223552644236, 35.72320306086291]]]}}, {"type": "Feature", "properties": {"cls": 0}, "geometry": {"type": "Polygon", "coordinates": [[[51.22161857426546, 35.73997456546987], [51.221619323496355, 35.740244961532035], [51.22195100576909, 35.74024435001554], [51.221950255416886, 35.739973953959435], [51.22161857426546, 35.73997456546987]]]}}, {"type": "Feature", "properties": {"cls": 0}, "geometry": {"type": "Polygon", "coordinates": [[[51.22067177995238, 35.75755809204638], [51.22067252646463, 35.75782848733357], [51.22100428173883, 35.75782787816951], [51.2210035341043, 35.75755748288835], [51.22067177995238, 35.75755809204638]]]}}, {"type": "Feature", "properties": {"cls": 0}, "geometry": {"type": "Polygon", "coordinates": [[[51.22061355489044, 35.73646004906117], [51.220614300627325, 35.73673044530001], [51.220945968343266, 35.73672983660619], [51.220945221485245, 35.736459440373366], [51.22061355489044, 35.73646004906117]]]}}, {"type": "Feature", "properties": {"cls": 0}, "geometry": {"type": "Polygon", "coordinates": [[[51.22030862151002, 35.74619822464239], [51.220309366482724, 35.746468620448056], [51.22064107460879, 35.74646801245221], [51.22064032851445, 35.74619761665255], [51.22030862151002, 35.74619822464239]]]}}, {"type": "Feature", "properties": {"cls": 0}, "geometry": {"type": "Polygon", "coordinates": [[[51.217995616349015, 35.7497187959812], [51.21799635359571, 35.74998919167012], [51.21832807638472, 35.74998859000169], [51.21832733801619, 35.74971819431872], [51.217995616349015, 35.7497187959812]]]}}, {"type": "Feature", "properties": {"cls": 0}, "geometry": {"type": "Polygon", "coordinates": [[[51.21666909484174, 35.749991681417185], [51.2166698276096, 35.750262077117625], [51.21766518335757, 35.7502602801992], [51.21766444722353, 35.74998988451654], [51.21666909484174, 35.749991681417185]]]}}, {"type": "Feature", "properties": {"cls": 0}, "geometry": {"type": "Polygon", "coordinates": [[[51.216992833640475, 35.74701571832256], [51.216993567422946, 35.74728611415128], [51.21732527901523, 35.747285515287444], [51.21732454411105, 35.747015119464635], [51.216992833640475, 35.74701571832256]]]}}, {"type": "Feature", "properties": {"cls": 0}, "geometry": {"type": "Polygon", "coordinates": [[[51.216009850606774, 35.75161580067805], [51.2160105811887, 35.7518861963171], [51.21634231189568, 35.751885600097935], [51.2163415801918, 35.75161520446479], [51.216009850606774, 35.75161580067805]]]}}, {"type": "Feature", "properties": {"cls": 0}, "geometry": {"type": "Polygon", "coordinates": [[[51.21302273543202, 35.751350638333854], [51.21302417672907, 35.75189152169098], [51.21335590752319, 35.75189093370827], [51.21335929469601, 35.75137116170938], [51.21339062294608, 35.75135013308284], [51.21366167068123, 35.751352500554674], [51.213686234257544, 35.75138546141956], [51.213687099161554, 35.75161985703984], [51.21399421540885, 35.751622398399434], [51.21401877908421, 35.75165535914882], [51.21401964496926, 35.75188975480371], [51.21431537675948, 35.75188946659095], [51.21434977751524, 35.75191757358807], [51.21435185754439, 35.75212358515641], [51.21433433321346, 35.75215298062144], [51.214020369517335, 35.7521603343887], [51.214021093385, 35.75243073003855], [51.21435282639584, 35.75243013929865], [51.21436681146814, 35.75216876106437], [51.21468392490091, 35.75215905997922], [51.2146826256904, 35.75165816655194], [51.21470033216724, 35.7516248476028], [51.215677936740114, 35.75161630414512], [51.215677594552545, 35.75083330074049], [51.215711907053866, 35.750805015239195], [51.21600756556431, 35.75080424590714], [51.21600683502162, 35.750533850219284], [51.21567510991786, 35.750534445493834], [51.21567550326653, 35.750768774515905], [51.21564737210329, 35.75080321375258], [51.215012203280274, 35.75080612109475], [51.21500448321596, 35.75133242673297], [51.21435001741954, 35.75134828070029], [51.214350406904956, 35.751582609910656], [51.21432227534318, 35.75161704864478], [51.21404353460311, 35.75161622788407], [51.21401897085212, 35.751583267108835], [51.214018104975175, 35.7513488715462], [51.213722375632344, 35.75134915893079], [51.2136893057406, 35.75132474222392], [51.21370027136738, 35.751087991205644], [51.21401738045577, 35.75107829192461], [51.21401665663662, 35.75080789621377], [51.21335311209581, 35.75080907494255], [51.21334771361027, 35.751332220529406], [51.21331839653272, 35.75134987551698], [51.21302273543202, 35.751350638333854]]]}}, {"type": "Feature", "properties": {"cls": 0}, "geometry": {"type": "Polygon", "coordinates": [[[51.213357443753864, 35.75243200086345], [51.21335816538659, 35.75270239651276], [51.21368989953955, 35.75270180759741], [51.21368917678483, 35.75243141195392], [51.213357443753864, 35.75243200086345]]]}}, {"type": "Feature", "properties": {"cls": 0}, "geometry": {"type": "Polygon", "coordinates": [[[51.212689475554576, 35.7508102500751], [51.21269019488519, 35.751080645809225], [51.213021922320564, 35.75108005875913], [51.21302120186805, 35.75080966303079], [51.212689475554576, 35.7508102500751]]]}}, {"type": "Feature", "properties": {"cls": 0}, "geometry": {"type": "Polygon", "coordinates": [[[51.21169402067085, 35.75081200590972], [51.21169473663482, 35.75108240166123], [51.212026464098926, 35.75108181735652], [51.21202574701305, 35.7508114216108], [51.21169402067085, 35.75081200590972]]]}}, {"type": "Feature", "properties": {"cls": 0}, "geometry": {"type": "Polygon", "coordinates": [[[51.209657008952775, 35.73323376311294], [51.209657717569556, 35.73350415969186], [51.209989372143205, 35.73350358125035], [51.20998866240548, 35.73323318467715], [51.209657008952775, 35.73323376311294]]]}}, {"type": "Feature", "properties": {"cls": 0}, "geometry": {"type": "Polygon", "coordinates": [[[51.20837724727184, 35.75135877473054], [51.20837795203247, 35.75162917051497], [51.2087096818369, 35.75162859535022], [51.20870897595433, 35.75135819957149], [51.20837724727184, 35.75135877473054]]]}}, {"type": "Feature", "properties": {"cls": 0}, "geometry": {"type": "Polygon", "coordinates": [[[51.20571641716812, 35.74892895288933], [51.20571711286736, 35.74919934882874], [51.20604883264207, 35.74919878103583], [51.20606284433222, 35.74893740313788], [51.2063799460936, 35.748927724375896], [51.20637924815973, 35.74865732843551], [51.206047530638756, 35.74865789713225], [51.206033518892205, 35.748919274972124], [51.20571641716812, 35.74892895288933]]]}}, {"type": "Feature", "properties": {"cls": 0}, "geometry": {"type": "Polygon", "coordinates": [[[51.20405184094553, 35.746767874539316], [51.20405253096067, 35.74703827060432], [51.20438424180087, 35.747037707431375], [51.20438388161415, 35.74680337619331], [51.20440832063992, 35.74677027142349], [51.205047153666456, 35.74676609020709], [51.205046460294874, 35.74649569414666], [51.20438295116863, 35.74649682327707], [51.20436893405198, 35.746758201117835], [51.20405184094553, 35.746767874539316]]]}}, {"type": "Feature", "properties": {"cls": 0}, "geometry": {"type": "Polygon", "coordinates": [[[51.20305437497477, 35.74595809453355], [51.20305574855461, 35.74649897871933], [51.203387457177314, 35.7464984183025], [51.20338608135333, 35.74595753412779], [51.20305437497477, 35.74595809453355]]]}}, {"type": "Feature", "properties": {"cls": 0}, "geometry": {"type": "Polygon", "coordinates": [[[51.200091207346084, 35.755159687112155], [51.20009188417681, 35.75543008286514], [51.200423629932175, 35.75542953050272], [51.20043765945812, 35.75516815321967], [51.20075478824139, 35.755158489460925], [51.20075410917511, 35.75488809370669], [51.20042236567391, 35.754888646973455], [51.20040833609179, 35.75515002419838], [51.200091207346084, 35.755159687112155]]]}}, {"type": "Feature", "properties": {"cls": 0}, "geometry": {"type": "Polygon", "coordinates": [[[51.19644233381723, 35.75570667882557], [51.19644299831865, 35.75597707461366], [51.19677474641847, 35.75597653230863], [51.196774080794874, 35.755706136525895], [51.19644233381723, 35.75570667882557]]]}}, {"type": "Feature", "properties": {"cls": 0}, "geometry": {"type": "Polygon", "coordinates": [[[51.195434251087406, 35.75056903054475], [51.19543491205402, 35.75083942658066], [51.195766638845505, 35.750838887122995], [51.19576597675698, 35.75056849109243], [51.195434251087406, 35.75056903054475]]]}}, {"type": "Feature", "properties": {"cls": 0}, "geometry": {"type": "Polygon", "coordinates": [[[51.194781161430484, 35.75489791348795], [51.19478182029312, 35.75516830933934], [51.195445401796434, 35.75516723294001], [51.19544474068921, 35.75489683709928], [51.194781161430484, 35.75489791348795]]]}}, {"type": "Feature", "properties": {"cls": 0}, "geometry": {"type": "Polygon", "coordinates": [[[51.19112579481113, 35.75273986509546], [51.19112644125797, 35.75301026110235], [51.191443634752346, 35.75301887330706], [51.19145891699397, 35.7532802213928], [51.19209786614743, 35.75328229041128], [51.19212242332092, 35.75331525870532], [51.19212322505376, 35.75354965124364], [51.19309031023577, 35.75354986936545], [51.19311856409539, 35.753584152480805], [51.193120304366055, 35.75381858958027], [51.193451107958005, 35.75381801203732], [51.19346225502149, 35.75355927838508], [51.193746281085254, 35.75354728644691], [51.19378222447351, 35.75358308513615], [51.19378303107768, 35.75381747789534], [51.19440668028828, 35.75381651754045], [51.19444198060343, 35.75383758485956], [51.19444702490501, 35.75405083143501], [51.19441888734823, 35.75408526258639], [51.193451854881964, 35.754088591823376], [51.193452509228685, 35.75435898773254], [51.194087771181216, 35.75435973097392], [51.19411602534013, 35.75439401370539], [51.194116832939784, 35.75462840647688], [51.19444857548634, 35.75462787060548], [51.1944520849949, 35.754108097053454], [51.19448341572349, 35.75408707525184], [51.1947430895719, 35.75408665475375], [51.19477903325176, 35.75412245298824], [51.19477984278944, 35.75435684586395], [51.19507558214449, 35.75435660494718], [51.19510493931504, 35.75437412512304], [51.19511233643977, 35.75462679594044], [51.19544407895998, 35.75462625732326], [51.19544341787035, 35.75435586145813], [51.19514767862733, 35.75435610319012], [51.1951123196004, 35.75432418463885], [51.195108943470075, 35.75327444867889], [51.194445377668885, 35.7532755231731], [51.19444570887888, 35.75350985569036], [51.19440595686577, 35.75354602976645], [51.193810688648995, 35.75354526967236], [51.19378243450568, 35.75351098679063], [51.1937816279088, 35.75327659412355], [51.193449890958505, 35.753277128138], [51.193438743848105, 35.75353586173186], [51.19315471802366, 35.75354785292332], [51.19311877472704, 35.75351205392821], [51.19311797007566, 35.75327766135401], [51.19215088850035, 35.75327744335773], [51.19212263485411, 35.753243159840494], [51.19212183312849, 35.753008767394306], [51.19148658279626, 35.753008013634634], [51.1914583293491, 35.75297372986255], [51.19145752957643, 35.75273933749792], [51.19112579481113, 35.75273986509546]]]}}, {"type": "Feature", "properties": {"cls": 0}, "geometry": {"type": "Polygon", "coordinates": [[[51.19411223504401, 35.75273508324664], [51.19411289159179, 35.75300547920623], [51.19477645516341, 35.75300440655314], [51.19477579637129, 35.75273401060417], [51.19411223504401, 35.75273508324664]]]}}, {"type": "Feature", "properties": {"cls": 0}, "geometry": {"type": "Polygon", "coordinates": [[[51.19444208779491, 35.751923083532944], [51.19444340340475, 35.75246396746406], [51.194775136959365, 35.75246343071992], [51.194773819104725, 35.75192254679941], [51.19444208779491, 35.751923083532944]]]}}, {"type": "Feature", "properties": {"cls": 0}, "geometry": {"type": "Polygon", "coordinates": [[[51.190121951334845, 35.74922509766683], [51.19012452417962, 35.75030695820265], [51.19078806550368, 35.75030590761964], [51.19078742026541, 35.75003551148556], [51.19049169962308, 35.75003574171215], [51.190457303650284, 35.75000762479292], [51.19045367153014, 35.749224572882426], [51.190121951334845, 35.74922509766683]]]}}, {"type": "Feature", "properties": {"cls": 0}, "geometry": {"type": "Polygon", "coordinates": [[[51.18846225276742, 35.74895721996824], [51.18846289011679, 35.74922761618734], [51.188794610353966, 35.749227095978334], [51.18879397188278, 35.748956699764385], [51.18846225276742, 35.74895721996824]]]}}, {"type": "Feature", "properties": {"cls": 1}, "geometry": {"type": "Polygon", "coordinates": [[[51.236222973588994, 35.74211069224697], [51.236223772255734, 35.74238108793668], [51.23721902853652, 35.742379129595264], [51.2372182265049, 35.742108733924915], [51.23692253235125, 35.74210907823974], [51.236889458631936, 35.74208467055451], [51.23688484233783, 35.741568412324746], [51.236553154918305, 35.74156906503811], [51.23654790691769, 35.742092209904975], [51.23651859214587, 35.742109872526704], [51.236222973588994, 35.74211069224697]]]}}, {"type": "Feature", "properties": {"cls": 1}, "geometry": {"type": "Polygon", "coordinates": [[[51.23620060458427, 35.73453703306285], [51.236201402953135, 35.734807429094204], [51.23653306233162, 35.73480677745697], [51.23653226284174, 35.73453638143207], [51.23620060458427, 35.73453703306285]]]}}, {"type": "Feature", "properties": {"cls": 1}, "geometry": {"type": "Polygon", "coordinates": [[[51.234208519039626, 35.73399994796975], [51.234210102667284, 35.73454083210744], [51.23484890104903, 35.73454267392984], [51.23487347089574, 35.73457562754646], [51.23487533302011, 35.73481007088202], [51.235206056904765, 35.7348093788037], [51.235219975795275, 35.734547998574286], [51.23550489779253, 35.734539118315496], [51.235536971707845, 35.734574330441085], [51.2355379002397, 35.73480872976776], [51.23586955963945, 35.73480807995971], [51.23586876239219, 35.734537683921914], [51.23557309985373, 35.7345380248055], [51.23554002635516, 35.73451361657043], [51.235535419172, 35.733997357747036], [51.234900321894195, 35.73399683307229], [51.23487205547657, 35.73396256583436], [51.23487112891578, 35.733728166668115], [51.23454041035756, 35.73372876584515], [51.23452555288371, 35.733990193865395], [51.234208519039626, 35.73399994796975]]]}}, {"type": "Feature", "properties": {"cls": 1}, "geometry": {"type": "Polygon", "coordinates": [[[51.234882341063866, 35.73751499825728], [51.23488313506387, 35.737785394180115], [51.235214806826065, 35.73778474613065], [51.235214011704905, 35.73751435021422], [51.234882341063866, 35.73751499825728]]]}}, {"type": "Feature", "properties": {"cls": 1}, "geometry": {"type": "Polygon", "coordinates": [[[51.234880752338846, 35.736974022452216], [51.23488154631769, 35.73724441839947], [51.2352132158359, 35.73724377036283], [51.23521242073591, 35.73697337442201], [51.234880752338846, 35.736974022452216]]]}}, {"type": "Feature", "properties": {"cls": 1}, "geometry": {"type": "Polygon", "coordinates": [[[51.23321564078475, 35.73481334527405], [51.23321642907237, 35.735083741350834], [51.234211594752125, 35.73508180822859], [51.23421080310084, 35.734811412170934], [51.23321564078475, 35.73481334527405]]]}}, {"type": "Feature", "properties": {"cls": 1}, "geometry": {"type": "Polygon", "coordinates": [[[51.23355134125216, 35.736165141834405], [51.23355213071368, 35.73643553784382], [51.23388379690827, 35.73643489348499], [51.23388300632564, 35.73616449748195], [51.23355134125216, 35.736165141834405]]]}}, {"type": "Feature", "properties": {"cls": 1}, "geometry": {"type": "Polygon", "coordinates": [[[51.233545812682635, 35.7342717256972], [51.23354660207053, 35.734542121792025], [51.2338782604119, 35.73454147747785], [51.23387746990301, 35.73427108138941], [51.233545812682635, 35.7342717256972]]]}}, {"type": "Feature", "properties": {"cls": 1}, "geometry": {"type": "Polygon", "coordinates": [[[51.23287522707473, 35.73183861854093], [51.232876801562135, 35.73237950292481], [51.23387193361979, 35.73237757273765], [51.23387114319515, 35.732107176551594], [51.23355402956087, 35.732098677789836], [51.233538613317485, 35.73183733271305], [51.23287522707473, 35.73183861854093]]]}}, {"type": "Feature", "properties": {"cls": 1}, "geometry": {"type": "Polygon", "coordinates": [[[51.23353475709043, 35.730484891629295], [51.233535546331105, 35.73075528789494], [51.23386718896827, 35.73075464367007], [51.233866398606814, 35.73048424741082], [51.23353475709043, 35.730484891629295]]]}}, {"type": "Feature", "properties": {"cls": 1}, "geometry": {"type": "Polygon", "coordinates": [[[51.23287758938416, 35.73265008304054], [51.23287916393451, 35.73319096735122], [51.233210816687944, 35.733190324898025], [51.23320923989494, 35.732649440600056], [51.23287758938416, 35.73265008304054]]]}}, {"type": "Feature", "properties": {"cls": 1}, "geometry": {"type": "Polygon", "coordinates": [[[51.23286971538657, 35.72994520094817], [51.23287207710067, 35.73075657374258], [51.23320371975886, 35.73075593134664], [51.2332013546808, 35.7299445585713], [51.23286971538657, 35.72994520094817]]]}}, {"type": "Feature", "properties": {"cls": 1}, "geometry": {"type": "Polygon", "coordinates": [[[51.23189255591731, 35.73616835022953], [51.23189412401039, 35.73670923426105], [51.23222579137938, 35.736708594469086], [51.232225349897135, 35.736474267515504], [51.23226509101341, 35.736438075098235], [51.23254514250085, 35.7364492361444], [51.23255764266248, 35.736707953621845], [51.23288931001051, 35.73670731200059], [51.23288694760433, 35.735895940011396], [51.23255528362123, 35.7358965816136], [51.232555726055914, 35.73613090843347], [51.23252759996484, 35.736165354053455], [51.23189255591731, 35.73616835022953]]]}}, {"type": "Feature", "properties": {"cls": 1}, "geometry": {"type": "Polygon", "coordinates": [[[51.23255056507247, 35.73427365334491], [51.2325513510965, 35.73454404945881], [51.2328830094694, 35.73454340788837], [51.232882222324385, 35.73427301178082], [51.23255056507247, 35.73427365334491]]]}}, {"type": "Feature", "properties": {"cls": 1}, "geometry": {"type": "Polygon", "coordinates": [[[51.23221724532595, 35.73373331786496], [51.232218030207775, 35.73400371400958], [51.23254968634751, 35.734003073366424], [51.232548900344746, 35.733732677228126], [51.23221724532595, 35.73373331786496]]]}}, {"type": "Feature", "properties": {"cls": 1}, "geometry": {"type": "Polygon", "coordinates": [[[51.232210963655874, 35.73156941257755], [51.23221331882969, 35.73238078519043], [51.23254496823888, 35.73238014458532], [51.232542609700815, 35.73156877199144], [51.232210963655874, 35.73156941257755]]]}}, {"type": "Feature", "properties": {"cls": 1}, "geometry": {"type": "Polygon", "coordinates": [[[51.231542790257016, 35.72994776159286], [51.231543572750354, 35.730218157920945], [51.23220694561588, 35.73021687948531], [51.23220616088074, 35.72994648316987], [51.231542790257016, 35.72994776159286]]]}}, {"type": "Feature", "properties": {"cls": 1}, "geometry": {"type": "Polygon", "coordinates": [[[51.23122591387742, 35.73508767500169], [51.23122747740048, 35.73562855915609], [51.23189089515668, 35.735627282296605], [51.23189011133377, 35.73535688621884], [51.23159444593747, 35.735357217331746], [51.231558287707955, 35.735317518032744], [51.23155791773346, 35.73512310603924], [51.23157543718561, 35.735093706055125], [51.23188932677367, 35.73508630620609], [51.231888542971646, 35.734815910103926], [51.231556883444675, 35.73481654893697], [51.23154295285936, 35.73507792887749], [51.23122591387742, 35.73508767500169]]]}}, {"type": "Feature", "properties": {"cls": 1}, "geometry": {"type": "Polygon", "coordinates": [[[51.230890257298455, 35.733735871547324], [51.230891818474284, 35.734276755836326], [51.231208940786544, 35.73428526161907], [51.23122434965115, 35.734546606875696], [51.23155600806587, 35.73454596896357], [51.231569938622634, 35.73428458892811], [51.23188697427751, 35.73427484197883], [51.23188619050682, 35.73400444584007], [51.231590530724645, 35.734004776923555], [51.23155437249794, 35.73396507761709], [51.231554002560856, 35.73377066556299], [51.23157152201602, 35.73374126558376], [51.23188540599898, 35.73373386576632], [51.23188462224916, 35.733463469603144], [51.23155296833126, 35.73346410840456], [51.23155340777065, 35.733698435514775], [51.23152528137488, 35.73373288074408], [51.230890257298455, 35.733735871547324]]]}}, {"type": "Feature", "properties": {"cls": 1}, "geometry": {"type": "Polygon", "coordinates": [[[51.23092774593155, 35.746719288087256], [51.230929308106134, 35.74726017120494], [51.23126101927403, 35.7472595339109], [51.23127495043872, 35.74699815447269], [51.23159203887014, 35.74698840811113], [51.23159125573048, 35.746718012539496], [51.23092774593155, 35.746719288087256]]]}}, {"type": "Feature", "properties": {"cls": 1}, "geometry": {"type": "Polygon", "coordinates": [[[51.23125485269193, 35.745095725243644], [51.23125563464739, 35.74536612089481], [51.231587337947474, 35.74536548272998], [51.231586554870425, 35.74509508708514], [51.23125485269193, 35.745095725243644]]]}}, {"type": "Feature", "properties": {"cls": 1}, "geometry": {"type": "Polygon", "coordinates": [[[51.230247008245584, 35.740769830676484], [51.23024934429018, 35.74158120215849], [51.23091281147948, 35.741579930510085], [51.23090968767424, 35.74049807123956], [51.23057800455388, 35.740498707461114], [51.23056407099067, 35.740760087086734], [51.230247008245584, 35.740769830676484]]]}}, {"type": "Feature", "properties": {"cls": 1}, "geometry": {"type": "Polygon", "coordinates": [[[51.23056318830251, 35.73535943632388], [51.230563967640315, 35.73562983242687], [51.23089563056333, 35.735629196318705], [51.23089485010448, 35.735358800222], [51.23056318830251, 35.73535943632388]]]}}, {"type": "Feature", "properties": {"cls": 1}, "geometry": {"type": "Polygon", "coordinates": [[[51.23055149391129, 35.73130211389389], [51.230552273093366, 35.73157251017988], [51.23088391918964, 35.731571874166185], [51.23088313888673, 35.73130147788648], [51.23055149391129, 35.73130211389389]]]}}, {"type": "Feature", "properties": {"cls": 1}, "geometry": {"type": "Polygon", "coordinates": [[[51.2282193038727, 35.72779019193102], [51.22822007507328, 35.72806058841943], [51.22918303875559, 35.72805957176072], [51.229215110785326, 35.7280947865587], [51.22921602063658, 35.72832918529336], [51.229547653315336, 35.72832855301273], [51.22954687762098, 35.7280581565615], [51.22922978149359, 35.72804964613629], [51.229229091934634, 35.72779731674495], [51.22985321258107, 35.727790077074715], [51.22987778093709, 35.727823032435545], [51.22987869272254, 35.72805743127221], [51.23054204774758, 35.72805616208191], [51.230555981713294, 35.72779478180758], [51.23087299068587, 35.72778503768058], [51.23087143000949, 35.727244152805966], [51.2305398018572, 35.72724478871891], [51.23053652465973, 35.72776456116643], [51.230505198586435, 35.7277855959173], [51.23024175321411, 35.72778552547928], [51.23020968079499, 35.72775031108352], [51.23020798977058, 35.72724542385707], [51.229890896906596, 35.727236915192115], [51.229875492491225, 35.72697556955579], [51.22921214639497, 35.726976835038336], [51.229199757947825, 35.72777919210245], [51.2282193038727, 35.72779019193102]]]}}, {"type": "Feature", "properties": {"cls": 1}, "geometry": {"type": "Polygon", "coordinates": [[[51.22993389902381, 35.747262169767566], [51.22993467657459, 35.747532565346276], [51.23026638889621, 35.747531930790956], [51.230265610223746, 35.74726153521852], [51.22993389902381, 35.747262169767566]]]}}, {"type": "Feature", "properties": {"cls": 1}, "geometry": {"type": "Polygon", "coordinates": [[[51.22989890328845, 35.735090217834085], [51.229900457838596, 35.73563110203882], [51.230232120782375, 35.735630467759876], [51.230230563989295, 35.7350895835677], [51.22989890328845, 35.735090217834085]]]}}, {"type": "Feature", "properties": {"cls": 1}, "geometry": {"type": "Polygon", "coordinates": [[[51.22955705922516, 35.7315745049046], [51.22955861126324, 35.732115389439066], [51.23022199995667, 35.732114121889374], [51.230220443433225, 35.73157323738], [51.22955705922516, 35.7315745049046]]]}}, {"type": "Feature", "properties": {"cls": 1}, "geometry": {"type": "Polygon", "coordinates": [[[51.229267965702135, 35.74645197352838], [51.22926874097789, 35.74672236915623], [51.229932250879315, 35.74672110275884], [51.22993147335994, 35.746450707143524], [51.229267965702135, 35.74645197352838]]]}}, {"type": "Feature", "properties": {"cls": 1}, "geometry": {"type": "Polygon", "coordinates": [[[51.22822702001592, 35.73049507588016], [51.228227791319256, 35.730765472246574], [51.22922290362406, 35.73076358058379], [51.22922212895777, 35.730493184236096], [51.22822702001592, 35.73049507588016]]]}}, {"type": "Feature", "properties": {"cls": 1}, "geometry": {"type": "Polygon", "coordinates": [[[51.22860359265105, 35.74618274870849], [51.22860513907285, 35.74672363196278], [51.228936848068265, 35.74672300108625], [51.228935299402316, 35.74618211784445], [51.22860359265105, 35.74618274870849]]]}}, {"type": "Feature", "properties": {"cls": 1}, "geometry": {"type": "Polygon", "coordinates": [[[51.22788064787554, 35.72535642395759], [51.22788141786287, 35.72562682056199], [51.228544752826444, 35.72562556245674], [51.228543208011246, 35.725084677299215], [51.22821158875755, 35.72508530676195], [51.22819764723378, 35.72534668695698], [51.22788064787554, 35.72535642395759]]]}}, {"type": "Feature", "properties": {"cls": 1}, "geometry": {"type": "Polygon", "coordinates": [[[51.227553551068944, 35.72697998291629], [51.227554319996926, 35.72725037945372], [51.2282176684377, 35.7272491231025], [51.22821689726825, 35.72697872657749], [51.227553551068944, 35.72697998291629]]]}}, {"type": "Feature", "properties": {"cls": 1}, "geometry": {"type": "Polygon", "coordinates": [[[51.22728947038902, 35.750783551491544], [51.227291008181275, 35.751324434380734], [51.22795455637601, 35.75132317875249], [51.22795301409413, 35.750782295888165], [51.22728947038902, 35.750783551491544]]]}}, {"type": "Feature", "properties": {"cls": 1}, "geometry": {"type": "Polygon", "coordinates": [[[51.2272448816142, 35.73509525959347], [51.22724564972824, 35.73536565577113], [51.22790906548894, 35.735364400876016], [51.22790829513252, 35.73509400471077], [51.2272448816142, 35.73509525959347]]]}}, {"type": "Feature", "properties": {"cls": 1}, "geometry": {"type": "Polygon", "coordinates": [[[51.22555942366298, 35.72563128733112], [51.22556018581484, 35.72590168396664], [51.22589180851354, 35.72590106179952], [51.22589789036424, 35.72564840324374], [51.22592720610522, 35.72563074415388], [51.226222758406614, 35.72562995006508], [51.2262223347708, 35.72539562154295], [51.22626207760836, 35.7253594320916], [51.22654208307484, 35.7253706076321], [51.226554563888115, 35.72562932593841], [51.22721789893369, 35.725628075147775], [51.22722244045694, 35.72483443945019], [51.22725567874405, 35.72481657966921], [51.227879014868805, 35.72481535489696], [51.22787824491257, 35.72454495825594], [51.227571239332356, 35.724542452087896], [51.22754667159645, 35.724509495887276], [51.2275457667271, 35.72427509732583], [51.22722868662051, 35.724266581474055], [51.227213290784164, 35.72400523545675], [51.2269176731328, 35.72400555490761], [51.22688831276606, 35.723988045174146], [51.226880817083725, 35.723735372648775], [51.22654920338516, 35.72373599750925], [51.226543889334586, 35.72425914469703], [51.22651457358026, 35.724276803976345], [51.22621898371199, 35.724278535438124], [51.2262205561569, 35.72481848416954], [51.22653763846228, 35.72482700263105], [51.22654819768751, 35.72506723655548], [51.226516871092095, 35.72508826985933], [51.22622132124824, 35.72508906475216], [51.226221744874415, 35.72532339318467], [51.226197312275346, 35.725356505411135], [51.22589037357693, 35.725360176498775], [51.22589079624106, 35.72559450497517], [51.225869910608246, 35.725625930144325], [51.22555942366298, 35.72563128733112]]]}}, {"type": "Feature", "properties": {"cls": 1}, "geometry": {"type": "Polygon", "coordinates": [[[51.227275628805465, 35.745914775639754], [51.22727639732894, 35.74618517132938], [51.227608104120506, 35.74618454412521], [51.227607334475394, 35.7459141484418], [51.227275628805465, 35.745914775639754]]]}}, {"type": "Feature", "properties": {"cls": 1}, "geometry": {"type": "Polygon", "coordinates": [[[51.22723950254041, 35.7332018422784], [51.22724027058281, 35.73347223854145], [51.22757192463436, 35.733471611629085], [51.22757115547101, 35.73320121537224], [51.22723950254041, 35.7332018422784]]]}}, {"type": "Feature", "properties": {"cls": 1}, "geometry": {"type": "Polygon", "coordinates": [[[51.22656452147668, 35.729145768467866], [51.22656528712359, 35.72941616492629], [51.227560382758554, 35.729414287074235], [51.227559613748916, 35.72914389063438], [51.22656452147668, 35.729145768467866]]]}}, {"type": "Feature", "properties": {"cls": 1}, "geometry": {"type": "Polygon", "coordinates": [[[51.22689241405188, 35.72779270116365], [51.22689318076873, 35.72806309767688], [51.2272102766439, 35.72807161428358], [51.227225672574114, 35.72833296019047], [51.227557305314605, 35.72833233339603], [51.22755576702083, 35.72779144844515], [51.22689241405188, 35.72779270116365]]]}}, {"type": "Feature", "properties": {"cls": 1}, "geometry": {"type": "Polygon", "coordinates": [[[51.22662353425607, 35.74997334109832], [51.226624300688826, 35.7502437366173], [51.22695602433974, 35.75024311115019], [51.226955256785125, 35.74997271563739], [51.22662353425607, 35.74997334109832]]]}}, {"type": "Feature", "properties": {"cls": 1}, "geometry": {"type": "Polygon", "coordinates": [[[51.22556247378397, 35.72671324164567], [51.22556323597646, 35.72698363823239], [51.2268900205391, 35.726981143773806], [51.2268877198115, 35.72616977012829], [51.22655609602118, 35.72617039504447], [51.226550016237475, 35.726423053467265], [51.22652070048256, 35.726440712753664], [51.22622514503678, 35.72644150767519], [51.22622556870703, 35.72667583604194], [51.22620113611071, 35.72670894827418], [51.22556247378397, 35.72671324164567]]]}}, {"type": "Feature", "properties": {"cls": 1}, "geometry": {"type": "Polygon", "coordinates": [[[51.22625268383595, 35.736179087718064], [51.22625421379214, 35.73671997196212], [51.22658588133676, 35.7367193477192], [51.22658434913752, 35.73617846348752], [51.22625268383595, 35.736179087718064]]]}}, {"type": "Feature", "properties": {"cls": 1}, "geometry": {"type": "Polygon", "coordinates": [[[51.22525588843582, 35.73563997883577], [51.2252566498421, 35.735910375026066], [51.226251826364205, 35.73590850770409], [51.22625106159411, 35.73563811153226], [51.22525588843582, 35.73563997883577]]]}}, {"type": "Feature", "properties": {"cls": 1}, "geometry": {"type": "Polygon", "coordinates": [[[51.225917870530836, 35.73509775852044], [51.225918634159505, 35.73536815472282], [51.22625029610474, 35.73536753142543], [51.22624953135503, 35.73509713522922], [51.225917870530836, 35.73509775852044]]]}}, {"type": "Feature", "properties": {"cls": 1}, "geometry": {"type": "Polygon", "coordinates": [[[51.22425758971161, 35.73455988517282], [51.224258347713395, 35.73483028143033], [51.224921759170016, 35.73482904302353], [51.22492133911973, 35.734594714720096], [51.22496108232455, 35.734558525865666], [51.225241125907246, 35.7345697043723], [51.225253602826534, 35.734828422346], [51.22624876588604, 35.73482655509795], [51.226248001156705, 35.734556158877346], [51.2259308786084, 35.73454763970578], [51.225915486652234, 35.734286294024194], [51.225619826517246, 35.734286610431276], [51.22559046628289, 35.73426910029363], [51.2255829743914, 35.73401642823186], [51.225251318034225, 35.73401704966929], [51.22524523437632, 35.73426970779011], [51.22521591848762, 35.7342873666645], [51.22492033029134, 35.734288158491374], [51.22492075033205, 35.734522486705174], [51.22489631735503, 35.73455559851525], [51.22425758971161, 35.73455988517282]]]}}, {"type": "Feature", "properties": {"cls": 1}, "geometry": {"type": "Polygon", "coordinates": [[[51.22558001513484, 35.732934475166545], [51.22558077756091, 35.73320487147268], [51.22591243054174, 35.7332042491392], [51.225926379160015, 35.7329428693631], [51.226243410441754, 35.73293313756757], [51.226242645783735, 35.73266274126156], [51.22591099505575, 35.732663364497235], [51.22589704638028, 35.73292474421532], [51.22558001513484, 35.732934475166545]]]}}, {"type": "Feature", "properties": {"cls": 1}, "geometry": {"type": "Polygon", "coordinates": [[[51.220912445876245, 35.72455794768176], [51.22091319229688, 35.72482834445133], [51.22220782547775, 35.724826774374726], [51.22223989543044, 35.72486199210537], [51.22224078477455, 35.72509639002], [51.222536406470475, 35.72509608196054], [51.22256576633594, 35.72511359313659], [51.222574000988004, 35.72563675428708], [51.2228696249715, 35.72563644540092], [51.22290578014683, 35.72567614876959], [51.222906128912385, 35.72587056122492], [51.22288860695506, 35.7258999589043], [51.22257475376917, 35.72590733490048], [51.2225607942665, 35.726168714736126], [51.22224379031824, 35.726178436637966], [51.22224529261345, 35.726719321931604], [51.22256238215075, 35.726727851024954], [51.22257776320242, 35.726989197424906], [51.223241109704965, 35.72698796851739], [51.22324443416792, 35.72646819519429], [51.22327576111219, 35.72644716306191], [51.22353920142528, 35.726447248809116], [51.22357127177528, 35.72648246597638], [51.22357216505737, 35.726716864005674], [51.223867793659124, 35.72671655265057], [51.223897153653574, 35.726734063383674], [51.223904640091796, 35.726986735816936], [51.22422728529796, 35.72700078889375], [51.22423711736905, 35.727256606689366], [51.22455712232828, 35.72726775828848], [51.22456959688918, 35.727526476622934], [51.22553255361436, 35.727525489217676], [51.22556462455807, 35.727560705546296], [51.22556552370435, 35.72779510380362], [51.22622887675357, 35.72779385840034], [51.226228112289085, 35.727523461862546], [51.22591101892397, 35.7275149425278], [51.22589562721194, 35.727253596531824], [51.22491218169649, 35.7272436902955], [51.22491441801636, 35.72699398863598], [51.22523142485751, 35.72698425964636], [51.22523066378622, 35.7267138630535], [51.223935999400084, 35.7267154656879], [51.223903928857055, 35.726680248647696], [51.22390303460324, 35.726445850676384], [51.22360740728017, 35.726446162024715], [51.22357804723774, 35.72642865120493], [51.223569050247356, 35.7256350015732], [51.22327342633422, 35.725635312089096], [51.22323806037786, 35.72560340572697], [51.22323522328702, 35.72458584359717], [51.22327440116026, 35.7245535423787], [51.22389773595535, 35.72455233823641], [51.223899385973674, 35.724036119644495], [51.22393238315548, 35.724011532390946], [51.22422792911226, 35.724010743226344], [51.22422717151463, 35.7237403464809], [51.22393155537129, 35.723740658587815], [51.22390219529572, 35.723723147868704], [51.22389395212783, 35.72319998663293], [51.223562340580415, 35.723200603253254], [51.22356351208377, 35.72370542096422], [51.223535383269905, 35.72373986311453], [51.22324668278097, 35.72373305425675], [51.22323129967406, 35.72347170784434], [51.22291131076535, 35.72346055249018], [51.222897334691964, 35.7226608564063], [51.22257470781126, 35.72264679949944], [51.222564128799775, 35.72212049273044], [51.22224705844743, 35.72211196348574], [51.22223167857358, 35.72185061690822], [51.221900072581825, 35.721851228927235], [51.22188611082236, 35.72211260890928], [51.22156912353718, 35.722122328940266], [51.22157346135576, 35.723983477779484], [51.2215382056121, 35.724015578145966], [51.22124265930678, 35.7240163607913], [51.22124340682825, 35.72428675757923], [51.221882118734726, 35.724288668755804], [51.22190668472101, 35.72432162687392], [51.22190273994558, 35.724534912862474], [51.221867490102234, 35.72455614455553], [51.220912445876245, 35.72455794768176]], [[51.2225272212125, 35.723202475741154], [51.222567091702814, 35.723238446604505], [51.222556174626966, 35.72346118343399], [51.22224790157061, 35.7234617795034], [51.22224724171251, 35.72321472207069], [51.2225272212125, 35.723202475741154]]]}}, {"type": "Feature", "properties": {"cls": 1}, "geometry": {"type": "Polygon", "coordinates": [[[51.224572634198516, 35.728608522631035], [51.22457415237148, 35.72914940761976], [51.22490578855799, 35.72914878812189], [51.22490536869174, 35.728914459542445], [51.22492980160435, 35.72888134778018], [51.225568482188194, 35.728877057796105], [51.225582432016054, 35.728615677842114], [51.225899445436724, 35.728605947036314], [51.22589868206264, 35.72833555052894], [51.224903599731164, 35.72833741459009], [51.22488964772737, 35.7285987944481], [51.224572634198516, 35.728608522631035]]]}}, {"type": "Feature", "properties": {"cls": 1}, "geometry": {"type": "Polygon", "coordinates": [[[51.22493097956529, 35.738074992445185], [51.224931739941375, 35.73834538853181], [51.22559518052814, 35.73834414630662], [51.22559441790935, 35.73807375023228], [51.22493097956529, 35.738074992445185]]]}}, {"type": "Feature", "properties": {"cls": 1}, "geometry": {"type": "Polygon", "coordinates": [[[51.22393114000823, 35.73645392035114], [51.22393265428116, 35.73699480465679], [51.22455616763745, 35.736993688469255], [51.224591471593556, 35.73701474392107], [51.224598454428964, 35.73780503218576], [51.22559365457327, 35.73780317022291], [51.22559212902279, 35.73726228605181], [51.2249686135365, 35.73726340751925], [51.22492932846302, 35.73723131688746], [51.22493392896683, 35.73674029015169], [51.22496324480953, 35.73672263135392], [51.2252588432481, 35.73672183947617], [51.22525732002225, 35.73618095519516], [51.22459389736562, 35.736182195492624], [51.224594316496315, 35.73641652367149], [51.22456988342396, 35.73644963537568], [51.22393114000823, 35.73645392035114]]]}}, {"type": "Feature", "properties": {"cls": 1}, "geometry": {"type": "Polygon", "coordinates": [[[51.22525436492802, 35.73509900249574], [51.22525512631402, 35.73536939871044], [51.225586788279585, 35.73536877724225], [51.22558602577255, 35.735098381033694], [51.22525436492802, 35.73509900249574]]]}}, {"type": "Feature", "properties": {"cls": 1}, "geometry": {"type": "Polygon", "coordinates": [[[51.224286414610255, 35.74483842891498], [51.22428717299588, 35.74510882470885], [51.22460433918834, 35.74511734804056], [51.22461972723118, 35.74537869343298], [51.22495143073691, 35.745378073566975], [51.224950670097705, 35.74510767779755], [51.2246335039634, 35.745099155309674], [51.224621279539306, 35.74486247692296], [51.22465819926399, 35.74483768915551], [51.225281701956, 35.74483647725642], [51.225280940215185, 35.74456608146875], [51.22461744798471, 35.74456732214688], [51.22460349548156, 35.74482870124772], [51.224286414610255, 35.74483842891498]]]}}, {"type": "Feature", "properties": {"cls": 1}, "geometry": {"type": "Polygon", "coordinates": [[[51.224895996552235, 35.72563252904677], [51.22489675646246, 35.72590292569456], [51.225228379181466, 35.72590230535602], [51.225227618150726, 35.72563190871436], [51.224895996552235, 35.72563252904677]]]}}, {"type": "Feature", "properties": {"cls": 1}, "geometry": {"type": "Polygon", "coordinates": [[[51.22464328888411, 35.75376389918875], [51.22464404872561, 35.75403429457384], [51.22497578815694, 35.75403367451142], [51.224975027193366, 35.75376327913246], [51.22464328888411, 35.75376389918875]]]}}, {"type": "Feature", "properties": {"cls": 1}, "geometry": {"type": "Polygon", "coordinates": [[[51.22425000663746, 35.731855002312706], [51.224251522810306, 35.7323958870209], [51.224583172466474, 35.73239526836391], [51.2245971253512, 35.73213388862679], [51.224914153559325, 35.732124160408], [51.224913393416514, 35.73185376404078], [51.22425000663746, 35.731855002312706]]]}}, {"type": "Feature", "properties": {"cls": 1}, "geometry": {"type": "Polygon", "coordinates": [[[51.22392129587334, 35.732937573425744], [51.22392432429564, 35.73401943458403], [51.22458772904151, 35.73401819804322], [51.22458545107047, 35.7332068252199], [51.22426833439465, 35.733198301567576], [51.22425294778392, 35.732936955671036], [51.22392129587334, 35.732937573425744]]]}}, {"type": "Feature", "properties": {"cls": 1}, "geometry": {"type": "Polygon", "coordinates": [[[51.22326988829874, 35.73726661783002], [51.22327064303713, 35.737537013983804], [51.22390576863054, 35.73753759996675], [51.22393403169565, 35.73757187135247], [51.223934926307294, 35.73780626896588], [51.22426659841093, 35.73780565110106], [51.22426508183432, 35.737264766880855], [51.22326988829874, 35.73726661783002]]]}}, {"type": "Feature", "properties": {"cls": 1}, "geometry": {"type": "Polygon", "coordinates": [[[51.21596674296227, 35.73565701065394], [51.21596747297014, 35.73592740701276], [51.21626313874767, 35.73592711422636], [51.21629753990062, 35.73595522046473], [51.216301269831284, 35.73669828576792], [51.21626526442319, 35.73673819399862], [51.21596966444365, 35.73673896386192], [51.21597039449043, 35.73700936017195], [51.21630206346614, 35.73700876427737], [51.21631604268745, 35.7367473852267], [51.21661202863848, 35.736742480868195], [51.21663304315494, 35.73677377069464], [51.216633916356614, 35.73700816733713], [51.21692958671229, 35.73700787289728], [51.21696265705525, 35.73703228838053], [51.21696714482555, 35.73754854601854], [51.217298816015955, 35.73754794736811], [51.21730492440993, 35.7372952889374], [51.21733424100952, 35.73727763265506], [51.21762984313471, 35.737276859519746], [51.21762944437696, 35.73704253008077], [51.217661382990194, 35.737007128376504], [51.21826801611115, 35.7370083012773], [51.218292581039144, 35.73704126059964], [51.21829345910926, 35.737275657459534], [51.21895689111997, 35.73727445187236], [51.2189564884765, 35.73704012266105], [51.21898092315763, 35.73700701291519], [51.21995143313719, 35.73700214834379], [51.21996249642858, 35.736743413346304], [51.220242532176215, 35.736731172269565], [51.22028240202592, 35.73676714419472], [51.220284030909625, 35.737272029521975], [51.22092285043673, 35.737273945428214], [51.22094741615315, 35.73730690383483], [51.22094830200791, 35.73754130104895], [51.22161173610401, 35.73754008081414], [51.22162270049437, 35.736196748777196], [51.22260326094659, 35.73618580274177], [51.22260284765209, 35.735951474104716], [51.22263866887903, 35.735915486475776], [51.22359777686976, 35.73591346911664], [51.223592484324605, 35.7340201435455], [51.22327536443699, 35.734011617242174], [51.22325998097752, 35.7337502712893], [51.222928325671404, 35.7337508863187], [51.22292141031309, 35.73454768150877], [51.222598836594386, 35.734562965322446], [51.22259924984471, 35.73479729392237], [51.22257112075176, 35.7348317357438], [51.22197208370309, 35.73483437437692], [51.22193592874495, 35.734794670580825], [51.22193299184501, 35.73375272618888], [51.22126958918066, 35.7337539480838], [51.221270733007536, 35.73480744106942], [51.22123642156346, 35.7348357288301], [51.220940830370935, 35.734836510884705], [51.22094440948617, 35.736148869189805], [51.22091228977144, 35.736188195797915], [51.220627345828696, 35.7361804187934], [51.22061197077377, 35.735919072690734], [51.2199696127315, 35.735915485066684], [51.219948597186985, 35.735884196223914], [51.21994771429951, 35.735649799182646], [51.21897715332552, 35.735648482177055], [51.21895258812758, 35.7356155230519], [51.21895077260057, 35.735381081907164], [51.2182882918595, 35.735382331640054], [51.218280592409414, 35.73590863857981], [51.21795801187585, 35.7359239096347], [51.217958411570244, 35.7361582389664], [51.21793397651414, 35.736191348390825], [51.217648054474964, 35.73619019647406], [51.21762683655574, 35.73615498903909], [51.2176246915913, 35.73538353361701], [51.21731764239969, 35.73538100127536], [51.2172930776947, 35.73534804157752], [51.21729220259966, 35.73511364487932], [51.21699654021699, 35.735113940095296], [51.216961175805544, 35.735082031025534], [51.21696214331125, 35.73459793308696], [51.21699514165324, 35.734573348504064], [51.21729073263115, 35.734572576239195], [51.21728999818701, 35.73430217984299], [51.216958340458746, 35.73430277842231], [51.2169443632281, 35.73456415755171], [51.21662732330953, 35.73457386452218], [51.216626940958164, 35.735086381575854], [51.21659262855602, 35.73511466741226], [51.21629703536502, 35.735115438058], [51.21629165523521, 35.73563858488848], [51.21626233845779, 35.735656240812546], [51.21596674296227, 35.73565701065394]], [[51.22065421783902, 35.73673041798433], [51.22061434778565, 35.736694446226686], [51.2206252698589, 35.73647171034315], [51.22093359701625, 35.73647111840779], [51.22093425326784, 35.73671817526625], [51.22065421783902, 35.73673041798433]], [[51.21965893891141, 35.73673223910798], [51.21961906913984, 35.73669626686488], [51.21962999392482, 35.736473531156975], [51.219938321112394, 35.73647294189002], [51.2199389744077, 35.73671999876543], [51.21965893891141, 35.73673223910798]], [[51.21667310159577, 35.73673765308224], [51.216633029668344, 35.73669776148845], [51.2166340552869, 35.73595097246095], [51.21666705368391, 35.735926388001964], [51.2169626503292, 35.73592561652494], [51.2169660149613, 35.735405843409055], [51.21699734273242, 35.7353848135203], [51.21726832413631, 35.73538717301963], [51.21729309179758, 35.73542405057076], [51.21729280716211, 35.736441327981986], [51.21725980878392, 35.73646591268537], [51.2169642101132, 35.73646668498928], [51.21695313729365, 35.73672541986628], [51.21667310159577, 35.73673765308224]]]}}, {"type": "Feature", "properties": {"cls": 1}, "geometry": {"type": "Polygon", "coordinates": [[[51.221927830726464, 35.73185930769321], [51.221931582519396, 35.733211657527434], [51.223258470713276, 35.733209202743616], [51.22327242780847, 35.73294782311939], [51.22358945966835, 35.73293809843994], [51.22358870397997, 35.732667702084846], [51.22329305088209, 35.73266801274814], [51.22325864821179, 35.73263990939653], [51.22325469648826, 35.731856853030905], [51.221927830726464, 35.73185930769321]]]}}, {"type": "Feature", "properties": {"cls": 1}, "geometry": {"type": "Polygon", "coordinates": [[[51.222944912592396, 35.73970162565889], [51.2229456662997, 35.73997202170897], [51.22327734741017, 35.7399714065395], [51.22327659258158, 35.73970101049549], [51.222944912592396, 35.73970162565889]]]}}, {"type": "Feature", "properties": {"cls": 1}, "geometry": {"type": "Polygon", "coordinates": [[[51.219958964581735, 35.739707121568905], [51.21995970819468, 35.739977517673374], [51.221914257265276, 35.73997416677024], [51.22195020887396, 35.74000995270998], [51.22195109773134, 35.74024434994841], [51.22261455420903, 35.74024312410388], [51.222613048669245, 35.739702240042305], [51.219958964581735, 35.739707121568905]]]}}, {"type": "Feature", "properties": {"cls": 1}, "geometry": {"type": "Polygon", "coordinates": [[[51.22030936683779, 35.7464687124095], [51.22031085716804, 35.74700959594568], [51.22064256753913, 35.74700898793778], [51.22065653264355, 35.74674760909337], [51.22094531347947, 35.74673970957594], [51.220973575668296, 35.74677398206161], [51.22097446182479, 35.74700837888143], [51.221270174300585, 35.74700807362901], [51.22129953403037, 35.74702558517273], [51.22130794842404, 35.74727830089676], [51.22163872432713, 35.74727764593016], [51.2216526862414, 35.74701626704085], [51.22196977677291, 35.747006546488905], [51.22196809061283, 35.746736106532985], [51.22163731696121, 35.746736762399635], [51.221637727686335, 35.746971090579684], [51.221613293742514, 35.74700420130266], [51.221342262474465, 35.74700755625262], [51.221310877552625, 35.74698668472837], [51.22130242905679, 35.74565542225985], [51.22063892760573, 35.74565664102709], [51.220638004190675, 35.74644334570957], [51.22060500636892, 35.7464679317451], [51.22030936683779, 35.7464687124095]]]}}, {"type": "Feature", "properties": {"cls": 1}, "geometry": {"type": "Polygon", "coordinates": [[[51.22129353769347, 35.74240956796014], [51.22129428589247, 35.742679963918526], [51.221625978275156, 35.742679353262396], [51.22163994034606, 35.74241797416394], [51.22195701181, 35.74240825371665], [51.22195626137781, 35.742137857758145], [51.22162457124881, 35.74213846931703], [51.22161060912089, 35.742399848357444], [51.22129353769347, 35.74240956796014]]]}}, {"type": "Feature", "properties": {"cls": 1}, "geometry": {"type": "Polygon", "coordinates": [[[51.22159384346526, 35.73104845384729], [51.22159459236683, 35.73131885031202], [51.221926237616664, 35.73131823899532], [51.221925487594284, 35.731047842536626], [51.22159384346526, 35.73104845384729]]]}}, {"type": "Feature", "properties": {"cls": 1}, "geometry": {"type": "Polygon", "coordinates": [[[51.22133172674811, 35.756204436315585], [51.22133247545566, 35.75647483165173], [51.22166422509446, 35.75647422068719], [51.22166347526472, 35.75620382535709], [51.22133172674811, 35.756204436315585]]]}}, {"type": "Feature", "properties": {"cls": 1}, "geometry": {"type": "Polygon", "coordinates": [[[51.220645645837045, 35.748091030657285], [51.22064639200129, 35.74836142637153], [51.221309915901514, 35.74836020748364], [51.22130841873837, 35.747819324105656], [51.22097670501871, 35.74781993396165], [51.220962740963515, 35.748081312705565], [51.220645645837045, 35.748091030657285]]]}}, {"type": "Feature", "properties": {"cls": 1}, "geometry": {"type": "Polygon", "coordinates": [[[51.220637434774844, 35.74511566541949], [51.22063818082974, 35.74538606126794], [51.22096894809152, 35.745385500131945], [51.22098384855523, 35.745124073443925], [51.221300931379226, 35.74511435471495], [51.22129644001368, 35.74349151963319], [51.22096474425324, 35.74349212939259], [51.22096832452272, 35.74508278379071], [51.22093306863556, 35.74511488396742], [51.220637434774844, 35.74511566541949]]]}}, {"type": "Feature", "properties": {"cls": 1}, "geometry": {"type": "Polygon", "coordinates": [[[51.21992029193833, 35.72564172533048], [51.219921778498204, 35.726182610757384], [51.220217404381806, 35.72618230838333], [51.2202467640204, 35.72619982032191], [51.220254983647536, 35.72672298138797], [51.220572072872486, 35.72673151581924], [51.220587447567866, 35.72699286240406], [51.221250794190375, 35.72699164446906], [51.22124929860228, 35.72645075916353], [51.22095367162338, 35.72645106398838], [51.22092431183986, 35.72643355229315], [51.22091608789516, 35.72591039128176], [51.22059900209462, 35.72590185767536], [51.220583627388116, 35.72564051111311], [51.21992029193833, 35.72564172533048]]]}}, {"type": "Feature", "properties": {"cls": 1}, "geometry": {"type": "Polygon", "coordinates": [[[51.21993441922069, 35.73078100854959], [51.219935162506765, 35.73105140505664], [51.22093027893534, 35.73104958196473], [51.220929532286256, 35.73077918547573], [51.220633887391244, 35.73077948957479], [51.220598522084124, 35.73074758207834], [51.22059406801845, 35.72942735163843], [51.22026243057918, 35.72942795925513], [51.22026524985651, 35.73074812920458], [51.220229993789445, 35.73078022902463], [51.21993441922069, 35.73078100854959]]]}}, {"type": "Feature", "properties": {"cls": 1}, "geometry": {"type": "Polygon", "coordinates": [[[51.21934291067594, 35.757019545209005], [51.2193436526781, 35.75728994054461], [51.22033909577594, 35.75728812119394], [51.22033835040643, 35.757017725876324], [51.21934291067594, 35.757019545209005]]]}}, {"type": "Feature", "properties": {"cls": 1}, "geometry": {"type": "Polygon", "coordinates": [[[51.2136856533937, 35.75107897368159], [51.21368637610058, 35.75134936938608], [51.21400356645853, 35.751357921070046], [51.21401892077587, 35.75161926716799], [51.214350650418275, 35.751618676445645], [51.21435026093206, 35.75138434713242], [51.21437469697374, 35.75135123892371], [51.21501356604651, 35.75134700449553], [51.21502682149993, 35.750815138518725], [51.215675747376395, 35.75080484125273], [51.21567535402693, 35.750570512127794], [51.21570348510545, 35.75053607291036], [51.21697016901014, 35.750532838368386], [51.21700223742632, 35.75056805820065], [51.21700311203176, 35.75080245431346], [51.217334838218385, 35.75080185537253], [51.21734881379952, 35.75054047689158], [51.217997736859104, 35.750530167000115], [51.217997336713545, 35.750295838260705], [51.21802546709256, 35.750261398158806], [51.21899244683374, 35.75025787140778], [51.21900641713051, 35.74999649280651], [51.21932352057942, 35.74998677930762], [51.21932311656269, 35.749752450769925], [51.21934755111959, 35.74971934085748], [51.21965459207972, 35.74971568629202], [51.21965310604078, 35.74917480297585], [51.21933592389051, 35.74916626633498], [51.21932972838077, 35.74891949829861], [51.219984172715876, 35.74890361707103], [51.21999813987693, 35.7486422383509], [51.22031523750007, 35.74863252221228], [51.22031449244826, 35.74836212650421], [51.21968696672762, 35.74836303570858], [51.21965081253235, 35.748323330898586], [51.219650471233344, 35.74812891944707], [51.21967860111634, 35.74809447872224], [51.22031374669557, 35.74809154686108], [51.220311510918705, 35.747280175704205], [51.21997979941431, 35.74728078280312], [51.2199658321597, 35.74754216151438], [51.219648739060425, 35.74755187678382], [51.219638418182726, 35.74808109891295], [51.21931841848105, 35.74809345756109], [51.21931231664254, 35.74834611531496], [51.21928300015781, 35.74836377226427], [51.2189873525242, 35.7483645497049], [51.21898775552539, 35.748598878262335], [51.21896686790384, 35.748630301393206], [51.218656284322165, 35.74863564093331], [51.21865668635989, 35.748869969534624], [51.21863916323697, 35.74889936614143], [51.21832521387487, 35.7489067312463], [51.21832595221421, 35.749177126965876], [51.218639978129545, 35.74918333613702], [51.218657623985344, 35.749212615598815], [51.21865834810045, 35.74940702138603], [51.218622343513125, 35.74944693076481], [51.218326691267215, 35.749447706596136], [51.2183280131992, 35.74994859937801], [51.2183069432651, 35.74998394579187], [51.21766453918547, 35.74998988445077], [51.21766493834967, 35.750224213157416], [51.21763299966445, 35.75025961493478], [51.216705826671365, 35.750261865773545], [51.21666987649593, 35.750226077468675], [51.2166690028798, 35.74999168148265], [51.21603377485957, 35.74999105749852], [51.21600551406893, 35.74995678310381], [51.21600464240647, 35.749722387198176], [51.21567292067081, 35.749722982455026], [51.21565893971237, 35.749984360806565], [51.215010020740365, 35.749994658057275], [51.2150104121281, 35.75022898721937], [51.21498597620679, 35.7502620956755], [51.21434711629005, 35.750266330009985], [51.21433313110754, 35.75052770826001], [51.21401602444375, 35.75053740846458], [51.21400829785401, 35.75106371415948], [51.2136856533937, 35.75107897368159]]]}}, {"type": "Feature", "properties": {"cls": 1}, "geometry": {"type": "Polygon", "coordinates": [[[51.21958412444135, 35.724019398607325], [51.219584866359185, 35.72428979542533], [51.21991648251058, 35.72428918975141], [51.21991573947233, 35.7240187929394], [51.21958412444135, 35.724019398607325]]]}}, {"type": "Feature", "properties": {"cls": 1}, "geometry": {"type": "Polygon", "coordinates": [[[51.21900439610816, 35.75458576356812], [51.21900513689894, 35.75485615901954], [51.21930088170214, 35.754855858502225], [51.219333952432414, 35.75488027300914], [51.21933845639484, 35.755396529209], [51.21967020160123, 35.75539592376031], [51.21966797175664, 35.75458455355572], [51.21900439610816, 35.75458576356812]]]}}, {"type": "Feature", "properties": {"cls": 1}, "geometry": {"type": "Polygon", "coordinates": [[[51.21932435499392, 35.750257358817095], [51.219325838867476, 35.750798242047615], [51.21965756498518, 35.750797636700824], [51.21965607886702, 35.750256753482276], [51.21932435499392, 35.750257358817095]]]}}, {"type": "Feature", "properties": {"cls": 1}, "geometry": {"type": "Polygon", "coordinates": [[[51.21760712356334, 35.72889181062168], [51.21760859466307, 35.72943269583939], [51.218935420560435, 35.7294302889489], [51.218949391558006, 35.72916890940052], [51.21926640866303, 35.72915919636987], [51.21926600530445, 35.72892486682195], [51.21929043990243, 35.728891756995736], [51.219597394522516, 35.7288881028761], [51.21959665243694, 35.72861770626546], [51.21893329225634, 35.72861891512851], [51.218933694634536, 35.72885324464366], [51.21889787222018, 35.72888923058619], [51.21760712356334, 35.72889181062168]]]}}, {"type": "Feature", "properties": {"cls": 1}, "geometry": {"type": "Polygon", "coordinates": [[[51.21925612328754, 35.72537244723273], [51.21925686413398, 35.72564284399572], [51.21958848590182, 35.725642239206095], [51.21958774393489, 35.725371842449086], [51.21925612328754, 35.72537244723273]]]}}, {"type": "Feature", "properties": {"cls": 1}, "geometry": {"type": "Polygon", "coordinates": [[[51.218580876070355, 35.721045832748835], [51.218581614517745, 35.721316229718916], [51.21889868104158, 35.721324768719896], [51.21891405025813, 35.72158611570043], [51.2195773521289, 35.72158490714855], [51.21957661031021, 35.72131451020857], [51.21928100486836, 35.72131481085049], [51.21924485083898, 35.721275105743985], [51.219244511055166, 35.721080693079074], [51.21926203399292, 35.7210512964208], [51.21957586779398, 35.721043929333526], [51.21957512599505, 35.72077353236915], [51.21924352440819, 35.720774137050995], [51.21924392750974, 35.72100846688966], [51.21921579739176, 35.72104290738556], [51.218580876070355, 35.721045832748835]]]}}, {"type": "Feature", "properties": {"cls": 1}, "geometry": {"type": "Polygon", "coordinates": [[[51.21861043571925, 35.73186538049669], [51.21861117456029, 35.73213577697887], [51.21894282326449, 35.73213517387449], [51.218942083302586, 35.73186477739827], [51.21861043571925, 35.73186538049669]]]}}, {"type": "Feature", "properties": {"cls": 1}, "geometry": {"type": "Polygon", "coordinates": [[[51.218265412560434, 35.726997188568106], [51.21826688800763, 35.727538073932784], [51.218598517654854, 35.72753747184428], [51.2185970399656, 35.7269965864915], [51.218265412560434, 35.726997188568106]]]}}, {"type": "Feature", "properties": {"cls": 1}, "geometry": {"type": "Polygon", "coordinates": [[[51.217599031288536, 35.725916435264224], [51.217599766550535, 35.72618683203261], [51.218263106622565, 35.726185630592084], [51.218262369119195, 35.72591523383557], [51.217599031288536, 35.725916435264224]]]}}, {"type": "Feature", "properties": {"cls": 1}, "geometry": {"type": "Polygon", "coordinates": [[[51.2176233116717, 35.73484255690871], [51.21762404725704, 35.73511295327457], [51.21795570833042, 35.7351123528483], [51.21795497162405, 35.73484195648838], [51.2176233116717, 35.73484255690871]]]}}, {"type": "Feature", "properties": {"cls": 1}, "geometry": {"type": "Polygon", "coordinates": [[[51.217284212146055, 35.732138272476966], [51.21728494651222, 35.73240866897075], [51.21761659637744, 35.73240806951842], [51.217615860890405, 35.73213767303057], [51.217284212146055, 35.732138272476966]]]}}, {"type": "Feature", "properties": {"cls": 1}, "geometry": {"type": "Polygon", "coordinates": [[[51.21427029267427, 35.72159456559526], [51.214271740827456, 35.722135451589445], [51.21493504745633, 35.72213426861163], [51.21494612703854, 35.721875533035934], [51.21522610142505, 35.72186330414552], [51.21526596984765, 35.72189927857338], [51.21526683869964, 35.722133675653645], [51.21558682075994, 35.72214485172026], [51.21558455644551, 35.72239455341391], [51.21526756667313, 35.72240425655706], [51.2152690216097, 35.72294514244291], [51.21591127164402, 35.72294875556471], [51.21593248890209, 35.72298396354561], [51.21593388667647, 35.72348493165407], [51.21622950081928, 35.723484639119945], [51.2162588600702, 35.72350215238013], [51.21625161217302, 35.72374580753328], [51.215934616942015, 35.72375551248473], [51.21593529806654, 35.72402497401711], [51.216230962909215, 35.72402561683518], [51.21626032215998, 35.72404313009367], [51.21626851574949, 35.72456629136894], [51.2165855953713, 35.72457483652408], [51.21660095728211, 35.724836183574475], [51.2172642861995, 35.724834987679266], [51.21726281767529, 35.72429410203498], [51.21696720019245, 35.72429439703057], [51.21693784079676, 35.7242768840154], [51.216930545536904, 35.72378590280982], [51.216969724924645, 35.723753604553565], [51.217593054430175, 35.72375243309077], [51.21759231925663, 35.72348203621261], [51.21727524407615, 35.72347349365571], [51.21725988004416, 35.72321214667715], [51.21692826829818, 35.72321274501346], [51.21692490281054, 35.72373251917149], [51.21689357495345, 35.72375354899812], [51.21661909211349, 35.723749518433536], [51.2165978745624, 35.72371431063082], [51.216595740477636, 35.72294285368517], [51.21628874303838, 35.72294031852453], [51.21626417865278, 35.72290735843288], [51.216263306861435, 35.722672961352814], [51.21596769624127, 35.72267325386941], [51.21593833694226, 35.72265574052092], [51.215936258315516, 35.7218798279763], [51.21596949762133, 35.72186197230364], [51.21659281166262, 35.72186080607457], [51.216592128382146, 35.721591344453195], [51.21628508808992, 35.72158787390406], [51.216260523706914, 35.721554913806884], [51.21625965195773, 35.72132051667039], [51.215937032012995, 35.72130644146144], [51.21592649641756, 35.72078013431813], [51.21493150738057, 35.720781915585924], [51.21491752334529, 35.72104329521485], [51.21460049551217, 35.72105393310421], [51.214601264031835, 35.72132339359088], [51.21491832992868, 35.72133194326542], [51.21492451173052, 35.72157871295147], [51.21427029267427, 35.72159456559526]]]}}, {"type": "Feature", "properties": {"cls": 1}, "geometry": {"type": "Polygon", "coordinates": [[[51.216304350385236, 35.73782032089701], [51.216306544732916, 35.73863169354936], [51.21662368272121, 35.738640238392], [51.2166390451002, 35.73890158481342], [51.2169707219106, 35.73890098704808], [51.216984698949155, 35.73863960804512], [51.21730175572239, 35.73862990013992], [51.21729955127824, 35.73781852754082], [51.216304350385236, 35.73782032089701]]]}}, {"type": "Feature", "properties": {"cls": 1}, "geometry": {"type": "Polygon", "coordinates": [[[51.21693413474684, 35.72537665558141], [51.21693486774764, 35.72564705238603], [51.217266489584304, 35.72564645399639], [51.217265755462996, 35.72537605719766], [51.21693413474684, 35.72537665558141]]]}}, {"type": "Feature", "properties": {"cls": 1}, "geometry": {"type": "Polygon", "coordinates": [[[51.21661999824119, 35.73186898027842], [51.216620730355245, 35.73213937679623], [51.216952379118325, 35.73213877917885], [51.21695164588341, 35.73186838266695], [51.21661999824119, 35.73186898027842]]]}}, {"type": "Feature", "properties": {"cls": 1}, "geometry": {"type": "Polygon", "coordinates": [[[51.215958709691336, 35.73268163832558], [51.215959439592226, 35.73295203481858], [51.216622835840276, 35.73295084222643], [51.21662210369727, 35.73268044574521], [51.215958709691336, 35.73268163832558]]]}}, {"type": "Feature", "properties": {"cls": 1}, "geometry": {"type": "Polygon", "coordinates": [[[51.216278752078246, 35.72835322562367], [51.216279482944536, 35.728623622305946], [51.21661111713646, 35.72862302567987], [51.21661038514948, 35.728352629003496], [51.216278752078246, 35.72835322562367]]]}}, {"type": "Feature", "properties": {"cls": 1}, "geometry": {"type": "Polygon", "coordinates": [[[51.21594483681456, 35.72754235537283], [51.215946296604294, 35.728083240771646], [51.21627792856295, 35.72808264507176], [51.21629190808087, 35.72782126561526], [51.21660892015761, 35.72781155972975], [51.21660818819992, 35.72754116301678], [51.21594483681456, 35.72754235537283]]]}}, {"type": "Feature", "properties": {"cls": 1}, "geometry": {"type": "Polygon", "coordinates": [[[51.21602373994523, 35.756755063001215], [51.21602447071211, 35.757025458408435], [51.21635622275496, 35.75702486207712], [51.21635549086584, 35.75675446667582], [51.21602373994523, 35.756755063001215]]]}}, {"type": "Feature", "properties": {"cls": 1}, "geometry": {"type": "Polygon", "coordinates": [[[51.214980201437136, 35.73890465220735], [51.21498092819706, 35.73917504843744], [51.21564437611192, 35.73917386106242], [51.215658357381145, 35.73891248214855], [51.21597541556337, 35.73890277779623], [51.21597395499574, 35.73836189337326], [51.21564228039938, 35.738362488382656], [51.2156435849636, 35.738863382741556], [51.215622514097674, 35.73889872826664], [51.214980201437136, 35.73890465220735]]]}}, {"type": "Feature", "properties": {"cls": 1}, "geometry": {"type": "Polygon", "coordinates": [[[51.21527411575242, 35.72483865648576], [51.21527557086346, 35.72537954215206], [51.21560719162749, 35.72537894833968], [51.21562117335369, 35.72511756879869], [51.21593817436776, 35.72510786475172], [51.21593744474912, 35.724837467904976], [51.21527411575242, 35.72483865648576]]]}}, {"type": "Feature", "properties": {"cls": 1}, "geometry": {"type": "Polygon", "coordinates": [[[51.214928601647635, 35.719699959428745], [51.214929327720434, 35.71997035652486], [51.21559261637308, 35.71996916998419], [51.215606598278406, 35.71970779019728], [51.215923576884194, 35.71969808627005], [51.215922847459936, 35.719427689179355], [51.21559125137049, 35.71942828377643], [51.215591643752774, 35.719662614305484], [51.215563512533244, 35.71969705340592], [51.214928601647635, 35.719699959428745]]]}}, {"type": "Feature", "properties": {"cls": 1}, "geometry": {"type": "Polygon", "coordinates": [[[51.21496130007428, 35.731871954945284], [51.21496202658251, 35.73214235149253], [51.21527913741806, 35.73215090003874], [51.21529449534229, 35.73241224687312], [51.21562614526604, 35.73241165290786], [51.21562541650607, 35.73214125638455], [51.21530830572823, 35.7321327086818], [51.21529294776515, 35.731871361906265], [51.21496130007428, 35.731871954945284]]]}}, {"type": "Feature", "properties": {"cls": 1}, "geometry": {"type": "Polygon", "coordinates": [[[51.21528430477027, 35.728625498855536], [51.21528503228335, 35.728895895543296], [51.21561666762597, 35.72889530165448], [51.215615938992215, 35.7286249049726], [51.21528430477027, 35.728625498855536]]]}}, {"type": "Feature", "properties": {"cls": 1}, "geometry": {"type": "Polygon", "coordinates": [[[51.21295430174561, 35.72565425449126], [51.212955741219474, 35.72619514016617], [51.213619081563444, 35.726193964327464], [51.2136294430762, 35.725664740153086], [51.21428106504357, 35.725651807176924], [51.21429142224505, 35.725122582950924], [51.21461132792858, 35.72511023840979], [51.2146174450186, 35.72485757927079], [51.21464676187814, 35.72483992390262], [51.21494231295028, 35.72483915754096], [51.21494192234932, 35.7246048270445], [51.214962811117324, 35.724573405247256], [51.21527329572936, 35.724568075757325], [51.21527038531613, 35.72348621226811], [51.21497477145953, 35.72348650235514], [51.214945412257855, 35.723468988680935], [51.214937227349154, 35.722945827379974], [51.21427391399184, 35.72294701039293], [51.21426852008284, 35.72347015847114], [51.2142392031112, 35.723487813700885], [51.21394361414348, 35.723489514958494], [51.21394582692596, 35.72429995312099], [51.21426290505944, 35.72430850450908], [51.21427342861763, 35.72454874035196], [51.214238177840514, 35.72456996903439], [51.213614841078595, 35.724571123238555], [51.21361016509268, 35.725364760047924], [51.21358084805475, 35.725382415064765], [51.213285294646035, 35.72538317817773], [51.21328568041688, 35.725617508815844], [51.21326124395243, 35.72565061660269], [51.21295430174561, 35.72565425449126]]]}}, {"type": "Feature", "properties": {"cls": 1}, "geometry": {"type": "Polygon", "coordinates": [[[51.214314489236024, 35.73809437129357], [51.214315213723886, 35.738364767571966], [51.214646888358196, 35.73836417622142], [51.214646162749126, 35.738093779948876], [51.214314489236024, 35.73809437129357]]]}}, {"type": "Feature", "properties": {"cls": 1}, "geometry": {"type": "Polygon", "coordinates": [[[51.213653848670894, 35.73917750430141], [51.21365457095423, 35.73944790054268], [51.2143180211907, 35.739446720474255], [51.21431657180242, 35.7389058360414], [51.213984894913494, 35.73890642648892], [51.21397090829683, 35.73916780523623], [51.213653848670894, 35.73917750430141]]]}}, {"type": "Feature", "properties": {"cls": 1}, "geometry": {"type": "Polygon", "coordinates": [[[51.213301880428936, 35.731604418197236], [51.21330260132173, 35.73187481478589], [51.21429772843226, 35.73187304651329], [51.214297004176316, 35.731602649942126], [51.213301880428936, 35.731604418197236]]]}}, {"type": "Feature", "properties": {"cls": 1}, "geometry": {"type": "Polygon", "coordinates": [[[51.213626395957775, 35.728898943557915], [51.21362711787554, 35.729169340262715], [51.214290482853166, 35.729168160638125], [51.2142897586937, 35.72889776394501], [51.213626395957775, 35.728898943557915]]]}}, {"type": "Feature", "properties": {"cls": 1}, "geometry": {"type": "Polygon", "coordinates": [[[51.21132216734386, 35.73566525763604], [51.21132359631102, 35.736206142466216], [51.21230979269533, 35.73621906104205], [51.2123203054807, 35.73674536702212], [51.21261597414907, 35.73674508319252], [51.212650374557434, 35.736773190942515], [51.21265350376248, 35.73728575777807], [51.212985173956845, 35.73728517102431], [51.21298478879925, 35.73705084078961], [51.21301292070194, 35.737016402642894], [51.21364797569073, 35.73701350634343], [51.21365337296906, 35.736490359386956], [51.21368268993028, 35.736472704311005], [51.213978289380435, 35.73647194016125], [51.21397756608184, 35.736201543791616], [51.213660438727445, 35.736192991728736], [51.21364508592937, 35.73593164498157], [51.213349420655454, 35.73593193124108], [51.21332006161904, 35.73591441705815], [51.21331260802074, 35.73566174523293], [51.21132216734386, 35.73566525763604]]]}}, {"type": "Feature", "properties": {"cls": 1}, "geometry": {"type": "Polygon", "coordinates": [[[51.212957181417394, 35.726736209715234], [51.21295790101645, 35.727006606529265], [51.213274990213655, 35.72701516052688], [51.21329034161151, 35.727276507774796], [51.21362197028322, 35.7272759194073], [51.21362052624831, 35.726735033853245], [51.212957181417394, 35.726736209715234]]]}}, {"type": "Feature", "properties": {"cls": 1}, "geometry": {"type": "Polygon", "coordinates": [[[51.2129492626893, 35.723760832379725], [51.21295070202892, 35.72430171822539], [51.213614026674314, 35.72430054246818], [51.21361258285105, 35.72375965664579], [51.2129492626893, 35.723760832379725]]]}}, {"type": "Feature", "properties": {"cls": 1}, "geometry": {"type": "Polygon", "coordinates": [[[51.206385624857965, 35.751091719050926], [51.20638702123567, 35.75163260266139], [51.20670421155856, 35.75164117393026], [51.20671954255045, 35.75190252068718], [51.207365401018684, 35.75190818899173], [51.207383043721286, 35.75193747147236], [51.207383890160585, 35.752171866196115], [51.20767962220131, 35.75217159430251], [51.207708980602774, 35.752189110321474], [51.207717352665405, 35.75244182573978], [51.20837997541619, 35.75244063374248], [51.20837927062771, 35.75217023799467], [51.208083538655835, 35.75217051151967], [51.20805215545055, 35.75214963521528], [51.20804707523785, 35.75193638999053], [51.2080829007413, 35.75190040890106], [51.20901390034213, 35.75190032259154], [51.209042158966035, 35.75193459962255], [51.20904301026885, 35.752168994576586], [51.20933874252844, 35.75216871860184], [51.20936810109175, 35.75218623407304], [51.20937554275546, 35.75243890519908], [51.21003816465237, 35.752437796029064], [51.21004756422253, 35.75218193028882], [51.210370214223644, 35.75216668086963], [51.21037634391188, 35.75191402278627], [51.210405661205925, 35.7518963687578], [51.21070132520424, 35.751895612457425], [51.210700946403236, 35.75166128253202], [51.21073288708144, 35.751625883672176], [51.2126555430569, 35.75162192324846], [51.21269149196883, 35.75165771335168], [51.212692353963114, 35.75189210882287], [51.21302408476683, 35.75189152175534], [51.21302948535155, 35.75136837612059], [51.21305880238238, 35.75135072121767], [51.21335450716805, 35.751349021847616], [51.21335374205283, 35.75107956269099], [51.212714808918065, 35.75107760677598], [51.212690245562264, 35.75104464554093], [51.21268844801782, 35.750810205860354], [51.21202583897498, 35.75081142154674], [51.21202622163897, 35.75104575118131], [51.21198647464758, 35.75108193381226], [51.21170636300479, 35.75107072391382], [51.21169392870891, 35.75081200597368], [51.21003492900728, 35.75081491399625], [51.21002093005567, 35.75107629197071], [51.209703774064764, 35.751085934666435], [51.209386539812314, 35.751077417366226], [51.20937120031351, 35.75081607088752], [51.20870765550587, 35.75081722399138], [51.20870802844879, 35.75105155419377], [51.20867220303742, 35.7510875355825], [51.20742100261138, 35.751089892231114], [51.20738113629916, 35.75105391407108], [51.20738028989198, 35.750819519405546], [51.20671768130929, 35.750820613888294], [51.206702735414815, 35.75108203930771], [51.206385624857965, 35.751091719050926]], [[51.20841787124613, 35.751629147246184], [51.208378004651316, 35.75159316957457], [51.20838895976257, 35.751370436495726], [51.20869734901277, 35.75136987713559], [51.20869796923915, 35.751616933527025], [51.20841787124613, 35.751629147246184]]]}}, {"type": "Feature", "properties": {"cls": 1}, "geometry": {"type": "Polygon", "coordinates": [[[51.210979710104866, 35.73160851226674], [51.21098042314959, 35.73187890889592], [51.21129753223327, 35.73188746812596], [51.21131287743282, 35.732148815339535], [51.21164452635027, 35.732148232354156], [51.21164414523516, 35.73191390164377], [51.21166858210747, 35.73188079442518], [51.21230729020023, 35.73187657495631], [51.212321282306924, 35.73161519590309], [51.21263831093664, 35.731605500607195], [51.21263759229601, 35.731335103994724], [51.21234194623837, 35.731335387715404], [51.212312587297816, 35.73131787318994], [51.212304419114815, 35.73079471257439], [51.21198731447325, 35.730786155943875], [51.21197196715067, 35.73052480880186], [51.211640324971896, 35.730525392667055], [51.211641040220826, 35.73079578933349], [51.21193668410268, 35.73079550725365], [51.21196975362332, 35.730819924701095], [51.211974208933995, 35.731336182606015], [51.21229131593038, 35.73134473917837], [51.21229982261848, 35.73158834857805], [51.21226658289128, 35.731606202921654], [51.210979710104866, 35.73160851226674]]]}}, {"type": "Feature", "properties": {"cls": 1}, "geometry": {"type": "Polygon", "coordinates": [[[51.21197922665602, 35.73322969441011], [51.211979943121484, 35.73350009094878], [51.21231159762857, 35.733499506105446], [51.21231088004217, 35.73322910957256], [51.21197922665602, 35.73322969441011]]]}}, {"type": "Feature", "properties": {"cls": 1}, "geometry": {"type": "Polygon", "coordinates": [[[51.21095831298914, 35.72349384887541], [51.21095902574894, 35.723764245870484], [51.21125464036291, 35.723763965561055], [51.21128770977246, 35.72378838329401], [51.21129216034219, 35.72430464177927], [51.21160923805615, 35.72431320028387], [51.211624584069085, 35.72457454780562], [51.211956201575035, 35.72457396406761], [51.211955485424795, 35.72430356712643], [51.21165986863578, 35.72430384907621], [51.21162450554397, 35.72427193763967], [51.21161948505472, 35.72268121721598], [51.211287875387065, 35.72268179999934], [51.211286858369746, 35.72346850917732], [51.21125385899157, 35.7234930915051], [51.21095831298914, 35.72349384887541]]]}}, {"type": "Feature", "properties": {"cls": 1}, "geometry": {"type": "Polygon", "coordinates": [[[51.210620200600374, 35.72106002870189], [51.21062091215414, 35.721330425812496], [51.21095251623425, 35.72132984488628], [51.2109521373903, 35.7210955135392], [51.2109765744814, 35.72106240659152], [51.211615193034305, 35.72105819110865], [51.21161447812865, 35.72078779400314], [51.21095118251775, 35.720788958638956], [51.210937185774455, 35.72105033803626], [51.210620200600374, 35.72106002870189]]]}}, {"type": "Feature", "properties": {"cls": 1}, "geometry": {"type": "Polygon", "coordinates": [[[51.21098256369993, 35.73269046655619], [51.21098327678267, 35.73296086313657], [51.21131492907484, 35.7329602810484], [51.21131421487118, 35.73268988447377], [51.21098256369993, 35.73269046655619]]]}}, {"type": "Feature", "properties": {"cls": 1}, "geometry": {"type": "Polygon", "coordinates": [[[51.21066364342364, 35.73755983977877], [51.210664355555934, 35.737830236145335], [51.21099602805158, 35.737829654868094], [51.210995314798126, 35.73755925850728], [51.21066364342364, 35.73755983977877]]]}}, {"type": "Feature", "properties": {"cls": 1}, "geometry": {"type": "Polygon", "coordinates": [[[51.21032547835755, 35.73512602464621], [51.21032618928311, 35.73539642112831], [51.21098960605096, 35.735395259528296], [51.210988892883016, 35.735124863057685], [51.21032547835755, 35.73512602464621]]]}}, {"type": "Feature", "properties": {"cls": 1}, "geometry": {"type": "Polygon", "coordinates": [[[51.21032405585731, 35.734585047722454], [51.21032476676394, 35.73485544422895], [51.21065642692774, 35.734854863929606], [51.210655714900106, 35.73458446742885], [51.21032405585731, 35.734585047722454]]]}}, {"type": "Feature", "properties": {"cls": 1}, "geometry": {"type": "Polygon", "coordinates": [[[51.206014775338254, 35.735944951718906], [51.20601686515742, 35.736756325163334], [51.20633399365716, 35.73676489763762], [51.206349323116434, 35.7370262450905], [51.20698444262129, 35.737026920571566], [51.2070127006239, 35.73706119842663], [51.20701354564622, 35.73729559372716], [51.20734427966193, 35.737295070164116], [51.20734425521223, 35.73624152730543], [51.2073785694332, 35.736213245305045], [51.20767416894661, 35.73621249665262], [51.207673799364535, 35.73597816545827], [51.20769823741882, 35.73594505959076], [51.208336979997874, 35.73594086114901], [51.20833660848112, 35.73570653005487], [51.2083763564244, 35.73567034926943], [51.20865640434642, 35.73568156734095], [51.20866882863035, 35.735940286188274], [51.20900049332894, 35.73593971043909], [51.20900011986942, 35.735705379458274], [51.20903986762314, 35.73566919834983], [51.209962935168406, 35.73566835885937], [51.209995001487854, 35.73570358167942], [51.20999585521712, 35.7359379774502], [51.21032751987796, 35.735937398042516], [51.210326808933765, 35.735667001584815], [51.21003114521802, 35.73566727968177], [51.20999674525504, 35.73563917083415], [51.209992923004705, 35.73485611570237], [51.20967580189379, 35.73484755293076], [51.20966046185752, 35.734586205756536], [51.209018116167805, 35.73458255935363], [51.20899710380628, 35.73455126715126], [51.208996586026146, 35.734352937060564], [51.209032411261234, 35.73431695560301], [51.20932800261656, 35.7343162029109], [51.2093276282346, 35.7340818719083], [51.20935956933887, 35.73404647368278], [51.209644504518494, 35.73405427797061], [51.209659844489536, 35.73431562523997], [51.20999056608442, 35.734315094443694], [51.20999112610402, 35.73408071589203], [51.210015563467906, 35.73404760923443], [51.21065428985455, 35.73404339850633], [51.21065144089607, 35.732961536399316], [51.209688418088376, 35.73296240478908], [51.209656351777944, 35.73292718180477], [51.209655499110305, 35.73269278605894], [51.20932384789167, 35.73269336356876], [51.20932210452082, 35.73320958310651], [51.209289104812896, 35.733234164696285], [51.208993518095184, 35.7332349173677], [51.20899177262477, 35.733751136896686], [51.20895877286162, 35.733775718359304], [51.208663183839874, 35.73377647022604], [51.208662750496444, 35.73428898854949], [51.208628436451384, 35.734317271081686], [51.20833284512558, 35.7343180221437], [51.208322449363195, 35.73484724543837], [51.20800250195212, 35.734859573120644], [51.20799636444278, 35.73511223203383], [51.207967046843194, 35.73512988522039], [51.20767145203008, 35.73513063466762], [51.20767182158707, 35.735364965798354], [51.20765093064121, 35.73539638543564], [51.20700864539985, 35.735402266526485], [51.207009013022194, 35.73563659775739], [51.20698812188293, 35.73566801719309], [51.20634583425408, 35.7356738947369], [51.20633182315621, 35.73593527318634], [51.206014775338254, 35.735944951718906]], [[51.20999073337278, 35.73400456909912], [51.209954725800316, 35.73404447437969], [51.209676830983334, 35.734038417893785], [51.20965898494346, 35.7340052179603], [51.209665175884695, 35.733792477839415], [51.20969841576588, 35.73377462441849], [51.20997238720459, 35.733780880541886], [51.209990030614314, 35.733810162369636], [51.20999073337278, 35.73400456909912]], [[51.20965706773514, 35.73327375213017], [51.209693075319805, 35.73323384701712], [51.20997096704123, 35.73323990348468], [51.209988813130884, 35.733273103288475], [51.20998262302313, 35.733485843507836], [51.20994938308515, 35.733503697013504], [51.20967541304757, 35.73349744084952], [51.20965776967484, 35.73346815889958], [51.20965706773514, 35.73327375213017]]]}}, {"type": "Feature", "properties": {"cls": 1}, "geometry": {"type": "Polygon", "coordinates": [[[51.206702757648806, 35.74541090299239], [51.20670485517651, 35.74622227512221], [51.20736836192645, 35.74622113319265], [51.20737169506084, 35.74488652253826], [51.20740101264905, 35.744868869516516], [51.207696648043694, 35.74486812069568], [51.207697087057745, 35.74435560311215], [51.207731401205585, 35.74432732094088], [51.20802703429497, 35.74432657131495], [51.20803743156265, 35.74379734881173], [51.20835741608485, 35.74378502099313], [51.208363552260884, 35.7435323624239], [51.2083928697501, 35.74351470907779], [51.20868849935053, 35.743513957836484], [51.208688126634655, 35.743279627165094], [51.208709017207845, 35.74324820722355], [51.20901958037157, 35.74324289376406], [51.20901920669208, 35.74300856313629], [51.20903673247964, 35.74297916915083], [51.209350659147944, 35.74297182877588], [51.20935028450489, 35.74273749819173], [51.20936781019958, 35.742708104118506], [51.209681735679716, 35.74270076287193], [51.209687867743924, 35.7424481043154], [51.20971718510133, 35.74243045053468], [51.210012809966905, 35.7424296960523], [51.21001243339677, 35.742195365555446], [51.21002995890573, 35.74216597130672], [51.21034388200954, 35.742158628316965], [51.210341747873265, 35.74134725582601], [51.21001006077025, 35.74134783534844], [51.21000963641676, 35.74186035277035], [51.209975322649846, 35.74188863588412], [51.20967970018107, 35.74188939035637], [51.20966640914676, 35.742421256855046], [51.20934933513124, 35.74243094442345], [51.209340869471305, 35.742686762887594], [51.20901825858008, 35.74270200942471], [51.20901863225064, 35.74293633996272], [51.20899419453022, 35.742969446337526], [51.208687179784334, 35.74297307351026], [51.2086875524913, 35.74320740409187], [51.2086666618517, 35.74323882406133], [51.20802431176655, 35.74324471081639], [51.208018878223385, 35.743767857443615], [51.20798956062161, 35.74378551065622], [51.20769392992926, 35.74378626027212], [51.20769429974532, 35.74402059098458], [51.20766986163027, 35.74405369690769], [51.20736284215487, 35.74405732069441], [51.207357404347505, 35.744580467290035], [51.207328086679766, 35.74459812028612], [51.20703245249849, 35.74459886828659], [51.207027712957746, 35.745392502902774], [51.20699839525692, 35.74541015579182], [51.206702757648806, 35.74541090299239]]]}}, {"type": "Feature", "properties": {"cls": 1}, "geometry": {"type": "Polygon", "coordinates": [[[51.21000153718706, 35.738101976371915], [51.210002247095304, 35.73837237272557], [51.210333921853994, 35.738371793266246], [51.210333210824544, 35.738101396918324], [51.21000153718706, 35.738101976371915]]]}}, {"type": "Feature", "properties": {"cls": 1}, "geometry": {"type": "Polygon", "coordinates": [[[51.20997455482983, 35.7278234113581], [51.20997526437876, 35.72809380817525], [51.21030689651026, 35.728093228933936], [51.21030618584069, 35.727822832122506], [51.20997455482983, 35.7278234113581]]]}}, {"type": "Feature", "properties": {"cls": 1}, "geometry": {"type": "Polygon", "coordinates": [[[51.209725821536054, 35.75947109473636], [51.20972653106919, 35.75974149013196], [51.210058294526185, 35.75974091113468], [51.21005758387067, 35.759470515744816], [51.209725821536054, 35.75947109473636]]]}}, {"type": "Feature", "properties": {"cls": 1}, "geometry": {"type": "Polygon", "coordinates": [[[51.208050354631325, 35.75325276304245], [51.208052466442304, 35.754064134042956], [51.20836966714138, 35.754072700807335], [51.20838500351454, 35.75433404730319], [51.209048577533444, 35.75433289588155], [51.209048203519785, 35.75409856578997], [51.20907264114345, 35.75406545939514], [51.20971153379468, 35.754061253134495], [51.20971011479704, 35.75352036985719], [51.209392916244475, 35.75351180659707], [51.209377576667286, 35.753250460227264], [51.208050354631325, 35.75325276304245]]]}}, {"type": "Feature", "properties": {"cls": 1}, "geometry": {"type": "Polygon", "coordinates": [[[51.209061405299124, 35.75920176271903], [51.20906211257745, 35.75947215813825], [51.20939387493012, 35.75947158097754], [51.20939316652942, 35.75920118556403], [51.209061405299124, 35.75920176271903]]]}}, {"type": "Feature", "properties": {"cls": 1}, "geometry": {"type": "Polygon", "coordinates": [[[51.2090012924329, 35.736210290767204], [51.20900199891072, 35.7364806872234], [51.209333665843765, 35.73648011054817], [51.20933295824483, 35.73620971409769], [51.2090012924329, 35.736210290767204]]]}}, {"type": "Feature", "properties": {"cls": 1}, "geometry": {"type": "Polygon", "coordinates": [[[51.20872460691518, 35.757308926975234], [51.20872531300498, 35.757579322485554], [51.20905706750491, 35.757578746280174], [51.20905636029284, 35.75730835077556], [51.20872460691518, 35.757308926975234]]]}}, {"type": "Feature", "properties": {"cls": 1}, "geometry": {"type": "Polygon", "coordinates": [[[51.20768760705135, 35.74135186683338], [51.20768830922127, 35.741622263080544], [51.20801999751163, 35.7416216899561], [51.20801929422032, 35.7413512937146], [51.20768760705135, 35.74135186683338]]]}}, {"type": "Feature", "properties": {"cls": 1}, "geometry": {"type": "Polygon", "coordinates": [[[51.207308856578834, 35.72322970095455], [51.20730955700155, 35.72350009802457], [51.20797287524175, 35.72349895338719], [51.20797217257795, 35.723228556328486], [51.207308856578834, 35.72322970095455]]]}}, {"type": "Feature", "properties": {"cls": 1}, "geometry": {"type": "Polygon", "coordinates": [[[51.20738599579171, 35.752983421300044], [51.207386697241674, 35.7532538170283], [51.207718433811245, 35.75325324457503], [51.20771773123924, 35.75298284885243], [51.20738599579171, 35.752983421300044]]]}}, {"type": "Feature", "properties": {"cls": 1}, "geometry": {"type": "Polygon", "coordinates": [[[51.206674794183115, 35.73459137128413], [51.20667619166957, 35.735132256371564], [51.20700785305868, 35.73513168612709], [51.20702186201502, 35.734870307531494], [51.20733890524262, 35.7348606263983], [51.20734667625526, 35.73433431893965], [51.20766925292167, 35.734319077228164], [51.20766784876209, 35.733778192101454], [51.20733619300001, 35.73377876414681], [51.2073221850211, 35.734040142740646], [51.207005145265526, 35.734049823901856], [51.20699970463892, 35.73457297143674], [51.20697038694082, 35.73459062429339], [51.206674794183115, 35.73459137128413]]]}}, {"type": "Feature", "properties": {"cls": 1}, "geometry": {"type": "Polygon", "coordinates": [[[51.20106358474016, 35.745961438120545], [51.201064264630205, 35.74623183427185], [51.20235925160901, 35.74623047669115], [51.202391315674376, 35.74626570266086], [51.202392147357315, 35.74650009693072], [51.20268785514521, 35.746499837388455], [51.20271923757704, 35.746520715650675], [51.20270992586901, 35.74676100798719], [51.20239283240574, 35.746770676958675], [51.202378808935606, 35.747032054669916], [51.202061714279196, 35.747041722757004], [51.2020623975715, 35.74731211884302], [51.20237956923233, 35.74732070177813], [51.202394886301036, 35.74758204912321], [51.202712059138136, 35.74759063116235], [51.202727377275714, 35.74785197846505], [51.20304139533336, 35.74785822892307], [51.203059036820214, 35.74788751257432], [51.203058973407664, 35.748089728585946], [51.203019790584975, 35.748122020397965], [51.202396256153875, 35.74812311710781], [51.20239694060464, 35.7483935131395], [51.20306046555552, 35.748392394912], [51.203074486814955, 35.74813101715273], [51.20339158585354, 35.74812134641835], [51.20339054042317, 35.74761652706086], [51.20341867520636, 35.7475820925373], [51.205381039848746, 35.74757698820858], [51.20539505371102, 35.747315610275805], [51.2056722296541, 35.747306047560514], [51.205707531329985, 35.747327110444495], [51.20571348397926, 35.74780692075155], [51.20569240974716, 35.74784226314508], [51.204718214708784, 35.74784869915407], [51.20471959963999, 35.74838958311342], [51.20501531559956, 35.74838931782242], [51.205044673743046, 35.74840683472903], [51.20504099177686, 35.74891833198201], [51.204720985268054, 35.74893065094702], [51.204721346489755, 35.74916498192112], [51.204696907491716, 35.74919808683816], [51.20405805437277, 35.74920226633854], [51.20404403628064, 35.74946364403687], [51.20372693188401, 35.74947331662496], [51.20373037821409, 35.75082566409176], [51.2046936231103, 35.7508248426094], [51.204725687873875, 35.750860067585606], [51.20472619537971, 35.751058396997664], [51.20468644630248, 35.751094576072994], [51.20373106790175, 35.75109624390233], [51.203717048808464, 35.75135762149507], [51.203399936486406, 35.75136729323261], [51.203404065825126, 35.75299012806945], [51.20373580138305, 35.752989566604235], [51.20373544296541, 35.75275523554019], [51.20376357763984, 35.752720800868836], [51.20439876472653, 35.75271795305249], [51.20440082659839, 35.751657204676114], [51.20443215602265, 35.75163617928556], [51.204727820020075, 35.751635437675745], [51.20472745872574, 35.75140110671633], [51.20475189764388, 35.75136800181471], [51.20505899164672, 35.751363448182644], [51.205056866800625, 35.750553013194775], [51.20476114200915, 35.750553278526326], [51.20473178381832, 35.75053576154026], [51.2047229713225, 35.749742114725485], [51.20440578929112, 35.74973353802751], [51.204402269374036, 35.74948385288705], [51.20534598479769, 35.74947051785093], [51.20537926183356, 35.74948822035945], [51.20539016573768, 35.75109333077296], [51.205721893380584, 35.75109276385584], [51.205735906071304, 35.7508313860634], [51.20605301575795, 35.75082170815151], [51.20605915896969, 35.75056904979988], [51.20608847669083, 35.750551397199125], [51.206384135889834, 35.75055065153099], [51.206383769766994, 35.750316320802625], [51.206404661005465, 35.75028490154525], [51.206715253776274, 35.75027959399434], [51.206708959520924, 35.74784529499944], [51.20639831019404, 35.747841064337294], [51.20637729857811, 35.747809771369205], [51.20637645518552, 35.74757537670599], [51.206069356885784, 35.747572815639245], [51.206044795507296, 35.747539852102435], [51.20604395309525, 35.74730545747396], [51.205748241654256, 35.747305725191325], [51.20571209220004, 35.74726601386337], [51.20571178480172, 35.747071602329726], [51.20572931151535, 35.747042209217675], [51.20604325567442, 35.74703487753177], [51.20604289062811, 35.74680054657687], [51.20606378197039, 35.7467691274334], [51.206706161834724, 35.74676325118458], [51.20670546285327, 35.746492855152226], [51.20638829398448, 35.74648428372799], [51.20637202859052, 35.74622289243994], [51.20604125675911, 35.746223505415664], [51.20602724493546, 35.746484883366186], [51.205719139581554, 35.74647989051862], [51.20570727764935, 35.74541260912924], [51.205052763969086, 35.74539907116159], [51.20505770023803, 35.745152271963775], [51.20537478650844, 35.74514259595177], [51.205374140406626, 35.74487313521409], [51.205056930152004, 35.744863624804054], [51.20504160463729, 35.74460227765154], [51.20437811122536, 35.74460340670372], [51.20437847134754, 35.74483773794337], [51.20434652867468, 35.744873134148555], [51.20338342112113, 35.74487558164752], [51.203385337271534, 35.74564696596201], [51.20335701955876, 35.74568532378542], [51.2027364311556, 35.74567902526837], [51.202720427238575, 35.745147189817935], [51.20205692920853, 35.74514830608263], [51.20205728254373, 35.74538263769217], [51.20203284274543, 35.74541574168253], [51.20139397682083, 35.7454208434114], [51.20139470148331, 35.74569030306263], [51.20203358876111, 35.74569231934615], [51.20205835118331, 35.74572920231141], [51.20204427176197, 35.74595066007714], [51.20106358474016, 35.745961438120545]], [[51.20604719915082, 35.74892834077168], [51.206062147187325, 35.74866691523027], [51.20636470821901, 35.7486663773931], [51.20637156352124, 35.74918363448052], [51.20572609946488, 35.74918477007995], [51.205731033655724, 35.748937971012424], [51.20604719915082, 35.74892834077168]], [[51.2057107001026, 35.74672496883435], [51.20567469107672, 35.74676487216817], [51.20539674345965, 35.746758805812036], [51.20537889880274, 35.74672560471006], [51.205385100731036, 35.74651286566059], [51.20541834100769, 35.74649501376724], [51.20569236528115, 35.746501279617966], [51.2057100075086, 35.746530562561304], [51.2057107001026, 35.74672496883435]], [[51.204423562193774, 35.74676719740894], [51.20438369673244, 35.74673121777079], [51.20438319015559, 35.746532888159344], [51.20440762918186, 35.74649978339056], [51.2050065406191, 35.746495716195966], [51.205043527857775, 35.74652032202722], [51.20504691437858, 35.746730025119696], [51.20502247547523, 35.74676313014134], [51.204423562193774, 35.74676719740894]], [[51.20438418560456, 35.746997719142854], [51.204348176124554, 35.747037621859405], [51.20407022736528, 35.747031552394546], [51.20405238314296, 35.74699835092018], [51.20405858854939, 35.74678561204368], [51.20409182894603, 35.74676776063209], [51.20436585437327, 35.746774029546906], [51.20438349622965, 35.746803312845486], [51.20438418560456, 35.746997719142854]], [[51.203054430502796, 35.745998082488214], [51.20309044033641, 35.74595818040446], [51.203350080276685, 35.74595774140798], [51.20337943825893, 35.74597525886943], [51.203387401481784, 35.746458430181875], [51.20336969121549, 35.746491745991854], [51.20309566867494, 35.74649895722037], [51.20306239175592, 35.746481253891616], [51.203054430502796, 35.745998082488214]]]}}, {"type": "Feature", "properties": {"cls": 1}, "geometry": {"type": "Polygon", "coordinates": [[[51.20636467866766, 35.742977079615585], [51.206365376406595, 35.74324747581213], [51.206697071467964, 35.743246906313125], [51.206696372607574, 35.74297651012221], [51.20636467866766, 35.742977079615585]]]}}, {"type": "Feature", "properties": {"cls": 1}, "geometry": {"type": "Polygon", "coordinates": [[[51.20567467228614, 35.73269965650984], [51.2056753674295, 35.73297005318116], [51.20667050865353, 35.73296834794563], [51.20666981014685, 35.73269795129118], [51.20567467228614, 35.73269965650984]]]}}, {"type": "Feature", "properties": {"cls": 1}, "geometry": {"type": "Polygon", "coordinates": [[[51.20632211389374, 35.7264772789075], [51.20632281106584, 35.72674767584811], [51.20665443769334, 35.726747106693], [51.206653739400664, 35.72647670975801], [51.20632211389374, 35.7264772789075]]]}}, {"type": "Feature", "properties": {"cls": 1}, "geometry": {"type": "Polygon", "coordinates": [[[51.2060670541877, 35.75623155393109], [51.206067751259766, 35.75650194953549], [51.20639950134225, 35.75650138067548], [51.20639880314797, 35.75623098507669], [51.2060670541877, 35.75623155393109]]]}}, {"type": "Feature", "properties": {"cls": 1}, "geometry": {"type": "Polygon", "coordinates": [[[51.20570180266293, 35.74324870415173], [51.20570319401292, 35.743789588492255], [51.20602035165469, 35.74379816170791], [51.20603568027679, 35.74405950887656], [51.206367378714496, 35.74405894027555], [51.206366680947994, 35.743788544115574], [51.206070984066415, 35.74378881258096], [51.20603791543536, 35.74376439286874], [51.20603349774374, 35.743248136482464], [51.20570180266293, 35.74324870415173]]]}}, {"type": "Feature", "properties": {"cls": 1}, "geometry": {"type": "Polygon", "coordinates": [[[51.20501603850296, 35.734594209042996], [51.2050167314685, 35.73486460564013], [51.20533385195141, 35.73487318082425], [51.20534917817124, 35.73513452845299], [51.20634434634668, 35.73513282582642], [51.20634295110373, 35.7345919407277], [51.20501603850296, 35.734594209042996]]]}}, {"type": "Feature", "properties": {"cls": 1}, "geometry": {"type": "Polygon", "coordinates": [[[51.205662850635974, 35.728101347885605], [51.2056635456219, 35.72837174476428], [51.20598063927284, 35.728380318305724], [51.205995967406764, 35.72864166616407], [51.20632760189379, 35.72864109788387], [51.20632620709693, 35.72810021219971], [51.205662850635974, 35.728101347885605]]]}}, {"type": "Feature", "properties": {"cls": 1}, "geometry": {"type": "Polygon", "coordinates": [[[51.20566910882308, 35.73053574700811], [51.20566980389234, 35.73080614377701], [51.20600144736126, 35.730805576366265], [51.20600075117121, 35.73053517960296], [51.20566910882308, 35.73053574700811]]]}}, {"type": "Feature", "properties": {"cls": 1}, "geometry": {"type": "Polygon", "coordinates": [[[51.205327655571544, 35.72674946997625], [51.20532834939029, 35.7270198669215], [51.205645437377534, 35.727028441381165], [51.20566076440927, 35.7272897893304], [51.20599239329818, 35.72728922199268], [51.20599100083655, 35.7267483361753], [51.205327655571544, 35.72674946997625]]]}}, {"type": "Feature", "properties": {"cls": 1}, "geometry": {"type": "Polygon", "coordinates": [[[51.20540684819926, 35.75758512678201], [51.205407543072575, 35.75785552233666], [51.20573929878909, 35.75785495527921], [51.20573860279349, 35.75758455973017], [51.20540684819926, 35.75758512678201]]]}}, {"type": "Feature", "properties": {"cls": 1}, "geometry": {"type": "Polygon", "coordinates": [[[51.202697892956834, 35.73622107489128], [51.202698578127915, 35.73649147145417], [51.20300563008965, 35.73649404124904], [51.20303019048564, 35.73652700583206], [51.20303102382827, 35.736761400602504], [51.20332669127245, 35.736761139613805], [51.20336108978402, 35.736789251220344], [51.20336314131714, 35.73699526407329], [51.203345613873175, 35.73702465656346], [51.203031710793134, 35.73703198105851], [51.20303239711304, 35.73730237757928], [51.20399547356528, 35.737301562230456], [51.2040275381106, 35.73733678754441], [51.204028374392976, 35.73757118241913], [51.20499145428319, 35.73757035908282], [51.20502351912506, 35.7376055839787], [51.20502435833143, 35.737839978980325], [51.20535603098645, 35.73783941325285], [51.205354642288036, 35.7372985283644], [51.20504066780614, 35.73729228379786], [51.20502302572601, 35.73726300061464], [51.205023084384834, 35.73706078412064], [51.205058344144426, 35.73702869092007], [51.205353947456054, 35.73702794795962], [51.20535358464978, 35.73679361640819], [51.20537802339653, 35.73676051133515], [51.20568501308444, 35.73675689282228], [51.20568431781173, 35.73648649632173], [51.20535265077506, 35.73648706293584], [51.20535301357255, 35.7367213943975], [51.20531326466803, 35.736757573726706], [51.205033212565525, 35.736746347699274], [51.20502079980529, 35.73648762875948], [51.204689132750126, 35.7364881935443], [51.20468949360475, 35.73672252511909], [51.204668601788825, 35.73675394384964], [51.20402630468284, 35.73675980898377], [51.20401519079087, 35.73701854357078], [51.203731234226105, 35.73703056014762], [51.20369528784899, 35.736994765901414], [51.203694452554245, 35.736760371153565], [51.20339878522245, 35.73676063295696], [51.203369427157554, 35.736743115492175], [51.20336200462776, 35.73649044384576], [51.203039324438514, 35.73647633333771], [51.203029558945175, 35.73622051559989], [51.202697892956834, 35.73622107489128]]]}}, {"type": "Feature", "properties": {"cls": 1}, "geometry": {"type": "Polygon", "coordinates": [[[51.205009799256906, 35.73215981146621], [51.205010492139365, 35.73243020817314], [51.20567388452737, 35.732429075965555], [51.20567318940286, 35.73215867926985], [51.205009799256906, 35.73215981146621]]]}}, {"type": "Feature", "properties": {"cls": 1}, "geometry": {"type": "Polygon", "coordinates": [[[51.20507291944504, 35.756774230342074], [51.205073613168054, 35.75704462593891], [51.2054053655245, 35.75704405981363], [51.20540467067925, 35.75677366422241], [51.20507291944504, 35.756774230342074]]]}}, {"type": "Feature", "properties": {"cls": 1}, "geometry": {"type": "Polygon", "coordinates": [[[51.205070143322786, 35.75569227998667], [51.20507083700882, 35.75596267563232], [51.205402584873056, 35.755962109529456], [51.20540189006483, 35.75569171388941], [51.205070143322786, 35.75569227998667]]]}}, {"type": "Feature", "properties": {"cls": 1}, "geometry": {"type": "Polygon", "coordinates": [[[51.20337998108476, 35.74352314084953], [51.20338066874597, 35.74379353707202], [51.20369782601758, 35.74380211651923], [51.203713147217904, 35.74406346390041], [51.20404484572033, 35.7440629017037], [51.20404530814479, 35.743550383500946], [51.20407962304585, 35.74352210284656], [51.20437525345462, 35.743521362208], [51.204385674712555, 35.74299213964854], [51.20500913143578, 35.74298107154243], [51.20503738885292, 35.74301535013343], [51.20503822821927, 35.74324974490842], [51.20536992331777, 35.74324917906891], [51.20536853424924, 35.742708294668375], [51.20505138131539, 35.742699719603095], [51.20503605586889, 35.74243837235376], [51.204400891843356, 35.74243768663047], [51.20437263454068, 35.742403407763355], [51.204371797142535, 35.74216901315004], [51.20404010650469, 35.74216957622264], [51.20403803896147, 35.7432303262865], [51.204006709407615, 35.7432513515083], [51.203711080212315, 35.74325209132661], [51.20371143835115, 35.74348642274471], [51.203686999045196, 35.74351952729781], [51.20337998108476, 35.74352314084953]]]}}, {"type": "Feature", "properties": {"cls": 1}, "geometry": {"type": "Polygon", "coordinates": [[[51.204997323009245, 35.727291013348804], [51.20499801572556, 35.72756141027528], [51.20532964575444, 35.72756084476063], [51.205328951917515, 35.72729044783976], [51.204997323009245, 35.727291013348804]]]}}, {"type": "Feature", "properties": {"cls": 1}, "geometry": {"type": "Polygon", "coordinates": [[[51.204659375220395, 35.72485717741473], [51.20466075858403, 35.72539806344768], [51.20532409267092, 35.72539693336017], [51.205322010748034, 35.724585558345275], [51.20499039305343, 35.72458612379831], [51.20497637736727, 35.72484750267373], [51.204659375220395, 35.72485717741473]]]}}, {"type": "Feature", "properties": {"cls": 1}, "geometry": {"type": "Polygon", "coordinates": [[[51.204682903019034, 35.73405379668562], [51.20468359484482, 35.734324193312744], [51.205015252924014, 35.73432362857266], [51.20501455997725, 35.73405323195114], [51.204682903019034, 35.73405379668562]]]}}, {"type": "Feature", "properties": {"cls": 1}, "geometry": {"type": "Polygon", "coordinates": [[[51.204411308475244, 35.75758682263115], [51.20441199998081, 35.75785721820257], [51.20474375572507, 35.75785665389121], [51.204743063097226, 35.75758625832537], [51.204411308475244, 35.75758682263115]]]}}, {"type": "Feature", "properties": {"cls": 1}, "geometry": {"type": "Polygon", "coordinates": [[[51.204074627155435, 35.755693972972175], [51.204075317474015, 35.755964368634565], [51.20473890521088, 35.75596324094363], [51.20473821264763, 35.75569284529239], [51.204074627155435, 35.755693972972175]]]}}, {"type": "Feature", "properties": {"cls": 1}, "geometry": {"type": "Polygon", "coordinates": [[[51.20175448697742, 35.756779841810484], [51.201755169474986, 35.75705023746284], [51.20275061071688, 35.75704856367897], [51.202750255097264, 35.75681423264089], [51.20279000462713, 35.75677805450021], [51.20307014002954, 35.756789285618915], [51.20308254706222, 35.7570480038385], [51.20407798819432, 35.75704631906979], [51.20407976418244, 35.7565301009894], [51.20411276467839, 35.75650552136486], [51.204408448934885, 35.756504780477655], [51.20440775747571, 35.756234384845236], [51.20407600845989, 35.75623494820777], [51.204076367952425, 35.75646927894255], [51.204040541180404, 35.75650525824995], [51.20208564632853, 35.7565087971625], [51.20207162210055, 35.756770174411635], [51.20175448697742, 35.756779841810484]]]}}, {"type": "Feature", "properties": {"cls": 1}, "geometry": {"type": "Polygon", "coordinates": [[[51.20405460237676, 35.747849826572086], [51.20405529242867, 35.74812022258827], [51.204387007759124, 35.748119659393026], [51.20438631658544, 35.747849263382406], [51.20405460237676, 35.747849826572086]]]}}, {"type": "Feature", "properties": {"cls": 1}, "geometry": {"type": "Polygon", "coordinates": [[[51.20341576866828, 35.7575885102412], [51.20341645680606, 35.75785890582931], [51.20408006030286, 35.757857781721896], [51.2040793699202, 35.7575873861449], [51.20341576866828, 35.7575885102412]]]}}, {"type": "Feature", "properties": {"cls": 1}, "geometry": {"type": "Polygon", "coordinates": [[[51.20366493128197, 35.725129354768065], [51.20366561944128, 35.72539975181441], [51.20399724053583, 35.72539919000166], [51.20399655125603, 35.72512879296088], [51.20366493128197, 35.725129354768065]]]}}, {"type": "Feature", "properties": {"cls": 1}, "geometry": {"type": "Polygon", "coordinates": [[[51.20300974292022, 35.72837634318524], [51.20301180168354, 35.729187717804884], [51.20334343849662, 35.72918715774307], [51.2033574592958, 35.72892577909159], [51.20367447864714, 35.72891610786818], [51.20367310177167, 35.72837522211891], [51.20300974292022, 35.72837634318524]]]}}, {"type": "Feature", "properties": {"cls": 1}, "geometry": {"type": "Polygon", "coordinates": [[[51.20273149308231, 35.74947499824297], [51.20273217870083, 35.749745394208155], [51.203049360577566, 35.74975397531187], [51.20306467984316, 35.750015322487435], [51.203396403059664, 35.750014761998465], [51.203395715188, 35.74974436605655], [51.203099993987, 35.749744627291754], [51.20306384543114, 35.74970491473522], [51.20306354442561, 35.74951050330592], [51.20308107188183, 35.74948111089549], [51.203395026669206, 35.749473786179415], [51.203394338815876, 35.74920339021311], [51.20306261896655, 35.74920395068545], [51.203048597693055, 35.749465328325165], [51.20273149308231, 35.74947499824297]]]}}, {"type": "Feature", "properties": {"cls": 1}, "geometry": {"type": "Polygon", "coordinates": [[[51.20271777609559, 35.74406523714713], [51.20271846153144, 35.7443356333563], [51.20305016118374, 35.74433507389875], [51.20304947462634, 35.744064677695114], [51.20271777609559, 35.74406523714713]]]}}, {"type": "Feature", "properties": {"cls": 1}, "geometry": {"type": "Polygon", "coordinates": [[[51.20270817637968, 35.7402784014768], [51.20270886168771, 35.74054879785673], [51.2030405456281, 35.74054823847674], [51.20303985919875, 35.74027784210233], [51.20270817637968, 35.7402784014768]]]}}, {"type": "Feature", "properties": {"cls": 1}, "geometry": {"type": "Polygon", "coordinates": [[[51.202420228778735, 35.757590189612145], [51.20242091354875, 35.75786058521688], [51.202752669348115, 35.7578600263977], [51.202751983455805, 35.75758963079849], [51.202420228778735, 35.757590189612145]]]}}, {"type": "Feature", "properties": {"cls": 1}, "geometry": {"type": "Polygon", "coordinates": [[[51.20175175577686, 35.755697891232984], [51.20175243823805, 35.755968286934134], [51.2020841861941, 35.755967729984285], [51.20208383255081, 35.75573339878077], [51.20210827225451, 35.755700294774975], [51.20274717984773, 35.7556961255704], [51.20274649402851, 35.75542572987361], [51.20208291067224, 35.75542684655825], [51.20206888641065, 35.755688223856545], [51.20175175577686, 35.755697891232984]]]}}, {"type": "Feature", "properties": {"cls": 1}, "geometry": {"type": "Polygon", "coordinates": [[[51.20202617869469, 35.732976327475804], [51.20202686151377, 35.73324672419611], [51.20235851517914, 35.7332461667947], [51.202357831239134, 35.73297577007992], [51.20202617869469, 35.732976327475804]]]}}, {"type": "Feature", "properties": {"cls": 1}, "geometry": {"type": "Polygon", "coordinates": [[[51.201075829980425, 35.75083022228531], [51.201076510033545, 35.75110061821703], [51.20174005751096, 35.751099507200365], [51.20173869260006, 35.75055862338513], [51.20140696709165, 35.75055917930962], [51.20139294055775, 35.75082055679004], [51.201075829980425, 35.75083022228531]]]}}, {"type": "Feature", "properties": {"cls": 1}, "geometry": {"type": "Polygon", "coordinates": [[[51.20109011980658, 35.75651046548195], [51.20109080004999, 35.75678086115752], [51.201422551393364, 35.75678030602177], [51.201421870027715, 35.75650991035172], [51.20109011980658, 35.75651046548195]]]}}, {"type": "Feature", "properties": {"cls": 1}, "geometry": {"type": "Polygon", "coordinates": [[[51.200372198965646, 35.734872521750816], [51.200372876241744, 35.735142918413196], [51.200689997106196, 35.735151506050606], [51.200705308497206, 35.73541285409167], [51.20136872580306, 35.73541174554201], [51.20136804515418, 35.735141348908265], [51.20073294209874, 35.735140643593404], [51.20070468590031, 35.73510636330138], [51.20070385940811, 35.73487196888927], [51.200372198965646, 35.734872521750816]]]}}, {"type": "Feature", "properties": {"cls": 1}, "geometry": {"type": "Polygon", "coordinates": [[[51.20103094512104, 35.7329779943594], [51.201031624576444, 35.733248391096225], [51.20136327826907, 35.73324783643842], [51.20136259769275, 35.73297743970711], [51.20103094512104, 35.7329779943594]]]}}, {"type": "Feature", "properties": {"cls": 1}, "geometry": {"type": "Polygon", "coordinates": [[[51.20041015840793, 35.750019865905166], [51.20041083618952, 35.75029026188446], [51.201074376966794, 35.75028915456141], [51.20107369694116, 35.75001875859307], [51.20041015840793, 35.750019865905166]]]}}, {"type": "Feature", "properties": {"cls": 1}, "geometry": {"type": "Polygon", "coordinates": [[[51.19843202423542, 35.755162435468925], [51.19843269545387, 35.755432831249095], [51.200091792214586, 35.75543008292556], [51.20010291814358, 35.75517134919846], [51.200383031554736, 35.75515915527722], [51.20042289578789, 35.755195136824135], [51.200423721894396, 35.75542953044219], [51.200755467640704, 35.7554289771645], [51.200754788565376, 35.75515858142246], [51.20043758469933, 35.7551499941508], [51.20042227371199, 35.75488864703398], [51.1987631882231, 35.754891399879845], [51.19874915333725, 35.75515277700661], [51.19843202423542, 35.755162435468925]]]}}, {"type": "Feature", "properties": {"cls": 1}, "geometry": {"type": "Polygon", "coordinates": [[[51.2004169398609, 35.7527247447644], [51.200417617732796, 35.75299514062171], [51.20074935337273, 35.7529945873933], [51.20074867437882, 35.75272419154148], [51.2004169398609, 35.7527247447644]]]}}, {"type": "Feature", "properties": {"cls": 1}, "geometry": {"type": "Polygon", "coordinates": [[[51.20035729407547, 35.72892176893922], [51.200358648562336, 35.72946265474995], [51.20069028656972, 35.72946210199788], [51.200688929840595, 35.7289212161981], [51.20035729407547, 35.72892176893922]]]}}, {"type": "Feature", "properties": {"cls": 1}, "geometry": {"type": "Polygon", "coordinates": [[[51.20008849882295, 35.754077736132174], [51.200089175617606, 35.75434813193393], [51.200420916881086, 35.754347579593386], [51.20042023896433, 35.75407718379708], [51.20008849882295, 35.754077736132174]]]}}, {"type": "Feature", "properties": {"cls": 1}, "geometry": {"type": "Polygon", "coordinates": [[[51.1997357153538, 35.74569316073029], [51.1997370664712, 35.74623404505041], [51.200068774062274, 35.746233493788864], [51.20008280493186, 35.74597211610753], [51.20039989563744, 35.74596245342806], [51.20039921800062, 35.745692057253585], [51.1997357153538, 35.74569316073029]]]}}, {"type": "Feature", "properties": {"cls": 1}, "geometry": {"type": "Polygon", "coordinates": [[[51.19973030995678, 35.74352925511581], [51.19973098527805, 35.74379965139879], [51.200048141966484, 35.743808240638444], [51.200063451504015, 35.744069588352716], [51.20039515010663, 35.74406903621992], [51.200394472533, 35.74379863996007], [51.200077315901545, 35.74379005156426], [51.20006200632453, 35.74352870390882], [51.19973030995678, 35.74352925511581]]]}}, {"type": "Feature", "properties": {"cls": 1}, "geometry": {"type": "Polygon", "coordinates": [[[51.19936682927805, 35.730816843961925], [51.19936885127936, 35.731628218433436], [51.2000039252148, 35.731628930969705], [51.20003218112387, 35.73166321150941], [51.20003300557842, 35.73189760606886], [51.200364653689505, 35.731897054182035], [51.200363976521984, 35.7316266573733], [51.20006833096088, 35.73162691092273], [51.20003393303252, 35.73159879792733], [51.2000302085175, 35.73081574291488], [51.19936682927805, 35.730816843961925]]]}}, {"type": "Feature", "properties": {"cls": 1}, "geometry": {"type": "Polygon", "coordinates": [[[51.19968371231664, 35.72486553678891], [51.1996843870174, 35.72513593391346], [51.20001600709973, 35.7251353830775], [51.200015331278486, 35.7248649859584], [51.19968371231664, 35.72486553678891]]]}}, {"type": "Feature", "properties": {"cls": 1}, "geometry": {"type": "Polygon", "coordinates": [[[51.199068080076245, 35.74407133140437], [51.19906942659716, 35.74461221589263], [51.19940112747155, 35.74461166649366], [51.199415160511464, 35.744350288777866], [51.19973224462907, 35.744340627911576], [51.199731569290094, 35.744070231653005], [51.199068080076245, 35.74407133140437]]]}}, {"type": "Feature", "properties": {"cls": 1}, "geometry": {"type": "Polygon", "coordinates": [[[51.19938907927097, 35.739742968688205], [51.19939042774863, 35.7402838535559], [51.19972211065754, 35.74028330332918], [51.19972075993643, 35.73974241847237], [51.19938907927097, 35.739742968688205]]]}}, {"type": "Feature", "properties": {"cls": 1}, "geometry": {"type": "Polygon", "coordinates": [[[51.19875915249684, 35.75326847313282], [51.198759824775046, 35.753538868992955], [51.19942339258975, 35.75353777069108], [51.19942271806715, 35.7532673748418], [51.19875915249684, 35.75326847313282]]]}}, {"type": "Feature", "properties": {"cls": 1}, "geometry": {"type": "Polygon", "coordinates": [[[51.19843000967396, 35.75435097217065], [51.19843068086558, 35.75462136798741], [51.198761486972224, 35.75462086779052], [51.198776458151514, 35.75435944299593], [51.19909358392419, 35.75434978370521], [51.19909223675754, 35.75380890009526], [51.19876049770307, 35.75380944876396], [51.19875500437849, 35.75433259501765], [51.19872568585359, 35.75435024519528], [51.19843000967396, 35.75435097217065]]]}}, {"type": "Feature", "properties": {"cls": 1}, "geometry": {"type": "Polygon", "coordinates": [[[51.19706733716855, 35.74001728346436], [51.19706800339992, 35.74028767994921], [51.19738514506474, 35.74029627638182], [51.19740044601355, 35.74055762449503], [51.19839568216557, 35.74055598740061], [51.19839533965918, 35.74032165483223], [51.198419780481444, 35.74028855213903], [51.19905856090629, 35.74028440298836], [51.1990572146727, 35.73974351810977], [51.19872553398929, 35.739744066496065], [51.19871936761478, 35.739996725619896], [51.19869004909335, 35.7400143757563], [51.19839443236353, 35.74001510246472], [51.19839477486141, 35.7402494349433], [51.19835894640641, 35.740285411619205], [51.19743189860787, 35.74028636147399], [51.19739983593847, 35.740251133380625], [51.19739901901875, 35.74001673964646], [51.19706733716855, 35.74001728346436]]]}}, {"type": "Feature", "properties": {"cls": 1}, "geometry": {"type": "Polygon", "coordinates": [[[51.19843471044266, 35.75624438636251], [51.19843538169687, 35.75651478209388], [51.198767131989314, 35.75651423428618], [51.198766459612884, 35.75624383856024], [51.19843471044266, 35.75624438636251]]]}}, {"type": "Feature", "properties": {"cls": 1}, "geometry": {"type": "Polygon", "coordinates": [[[51.19542102730481, 35.745159268033916], [51.19542168809533, 35.745429664313804], [51.19673979298168, 35.745442171867815], [51.1967348320298, 35.74568897058374], [51.19641774177228, 35.7456986235133], [51.196419022211714, 35.74623857252474], [51.19671477631562, 35.74623926309303], [51.19674413365014, 35.74625678274416], [51.196752201358386, 35.74677994210051], [51.197083911274966, 35.74677939906297], [51.19708941585193, 35.7462562519348], [51.19711873445959, 35.74623860230313], [51.19741437738466, 35.74623787874215], [51.19741370983634, 35.74596748253102], [51.1971180051574, 35.74596772900552], [51.197086623368335, 35.745946848722284], [51.19708157224192, 35.74573360203193], [51.197102466204974, 35.74570218562866], [51.198076636393225, 35.74569581165836], [51.19807562462561, 35.74519099108182], [51.198115375495995, 35.745154815258836], [51.19837108977467, 35.74515458630522], [51.19840247164852, 35.74517546613097], [51.198408525708665, 35.74569526486265], [51.19874023109071, 35.74569471727186], [51.19873888674269, 35.7451538328703], [51.19842172476141, 35.745145240050974], [51.198406420444336, 35.74488389230501], [51.19811072012591, 35.74488414120746], [51.19808136258125, 35.74486662201426], [51.19807395639081, 35.74461395080166], [51.196415083898984, 35.744616670587384], [51.196408910415066, 35.74486932959298], [51.196379591662364, 35.74488697897702], [51.19608395431424, 35.74488770006656], [51.19608429014844, 35.74512203270548], [51.19606339582704, 35.74515344883085], [51.19542102730481, 35.745159268033916]]]}}, {"type": "Feature", "properties": {"cls": 1}, "geometry": {"type": "Polygon", "coordinates": [[[51.19840248540341, 35.74326096275738], [51.19840382738222, 35.74380184734052], [51.198735524907406, 35.74380129978767], [51.19873418068475, 35.74326041521537], [51.19840248540341, 35.74326096275738]]]}}, {"type": "Feature", "properties": {"cls": 1}, "geometry": {"type": "Polygon", "coordinates": [[[51.198369610261686, 35.73000702217246], [51.19837095136464, 35.73054790795089], [51.19870259391234, 35.730547360663635], [51.198701250567, 35.73000647489602], [51.198369610261686, 35.73000702217246]]]}}, {"type": "Feature", "properties": {"cls": 1}, "geometry": {"type": "Polygon", "coordinates": [[[51.198351504557856, 35.722703817908275], [51.19835217470404, 35.7229742151521], [51.19868378585215, 35.722973668016586], [51.19868311458559, 35.72270327077816], [51.198351504557856, 35.722703817908275]]]}}, {"type": "Feature", "properties": {"cls": 1}, "geometry": {"type": "Polygon", "coordinates": [[[51.19743718243094, 35.755434561256415], [51.19743785029092, 35.75570495704058], [51.19776959724104, 35.75570441199503], [51.1977689282589, 35.75543401621626], [51.19743718243094, 35.755434561256415]]]}}, {"type": "Feature", "properties": {"cls": 1}, "geometry": {"type": "Polygon", "coordinates": [[[51.197406455851144, 35.742992111767016], [51.19740712330194, 35.74326250811231], [51.197738818609224, 35.743261963314914], [51.197738150036955, 35.74299156697502], [51.197406455851144, 35.742992111767016]]]}}, {"type": "Feature", "properties": {"cls": 1}, "geometry": {"type": "Polygon", "coordinates": [[[51.19604085607223, 35.72730593811336], [51.196042181299816, 35.72784682421105], [51.19703725938105, 35.72784519885127], [51.19703659355817, 35.72757480180538], [51.1964131620522, 35.72757577503332], [51.19637484591952, 35.72754747449832], [51.1963728124875, 35.72734146082859], [51.1963903418539, 35.727312070259856], [51.19670420601304, 35.72730476353433], [51.196702876336424, 35.72676387740929], [51.19637124943575, 35.72676441913475], [51.19636573929782, 35.72728756801318], [51.196336420549315, 35.727305217347286], [51.19604085607223, 35.72730593811336]]]}}, {"type": "Feature", "properties": {"cls": 1}, "geometry": {"type": "Polygon", "coordinates": [[[51.196392497694596, 35.73542006283759], [51.19639316153235, 35.73569045954052], [51.196724825447006, 35.73568991763801], [51.19672416048818, 35.73541952094045], [51.196392497694596, 35.73542006283759]]]}}, {"type": "Feature", "properties": {"cls": 1}, "geometry": {"type": "Polygon", "coordinates": [[[51.19509979289945, 35.74948761700785], [51.19510111284121, 35.75002850113728], [51.19609646703555, 35.75002688269417], [51.19611051051449, 35.74976550542104], [51.19642761778013, 35.74975585334507], [51.196426288877035, 35.749214969233975], [51.19543094481136, 35.749216590374466], [51.19541689914738, 35.7494779675623], [51.19509979289945, 35.74948761700785]], [[51.195804002574945, 35.74975691594001], [51.19576413955417, 35.74972093210669], [51.195775129086684, 35.74949820119067], [51.19608351082949, 35.749497675690876], [51.19608409353091, 35.74974473236491], [51.195804002574945, 35.74975691594001]]]}}, {"type": "Feature", "properties": {"cls": 1}, "geometry": {"type": "Polygon", "coordinates": [[[51.19539789416342, 35.73569217189984], [51.19539855464588, 35.73596256860661], [51.19573021970895, 35.73596202944263], [51.19572955810541, 35.735691632741194], [51.19539789416342, 35.73569217189984]]]}}, {"type": "Feature", "properties": {"cls": 1}, "geometry": {"type": "Polygon", "coordinates": [[[51.19509715249253, 35.74840566467954], [51.195097812266624, 35.74867606081837], [51.19542953008543, 35.748675522318486], [51.195428869189556, 35.74840512618499], [51.19509715249253, 35.74840566467954]]]}}, {"type": "Feature", "properties": {"cls": 1}, "geometry": {"type": "Polygon", "coordinates": [[[51.195064159277614, 35.73488124410884], [51.19506481861234, 35.73515164085755], [51.19539648031852, 35.7351511026242], [51.19539581986276, 35.734880705880826], [51.195064159277614, 35.73488124410884]]]}}, {"type": "Feature", "properties": {"cls": 1}, "geometry": {"type": "Polygon", "coordinates": [[[51.194448667762046, 35.7546279625083], [51.194449325493494, 35.7548983583772], [51.19478106915424, 35.75489782158523], [51.19478041030068, 35.75462742572165], [51.194448667762046, 35.7546279625083]]]}}, {"type": "Feature", "properties": {"cls": 1}, "geometry": {"type": "Polygon", "coordinates": [[[51.19444735169848, 35.754086986810826], [51.19444800941239, 35.75435738270411], [51.19477975082723, 35.75435684592277], [51.19477909199122, 35.7540864500348], [51.19444735169848, 35.754086986810826]]]}}, {"type": "Feature", "properties": {"cls": 1}, "geometry": {"type": "Polygon", "coordinates": [[[51.19441446150524, 35.74056257851605], [51.19441577637907, 35.74110346347175], [51.19474746278777, 35.74110292695076], [51.1947461456704, 35.74056204200565], [51.19441446150524, 35.74056257851605]]]}}, {"type": "Feature", "properties": {"cls": 1}, "geometry": {"type": "Polygon", "coordinates": [[[51.19338839444114, 35.72785121038823], [51.19338904794279, 35.72812160748051], [51.193719744214214, 35.72812112148941], [51.19372035197262, 35.72788674000167], [51.19374848968684, 35.72785230922486], [51.194715195822766, 35.72784897869352], [51.19471256302856, 35.72676711440253], [51.19438093607504, 35.72676765064206], [51.19437475584357, 35.727020310570644], [51.19434543689788, 35.72703795924761], [51.194049873171856, 35.727038675118145], [51.19403582260461, 35.72730005323438], [51.193718808025814, 35.72730969867821], [51.193713280663744, 35.72783284767271], [51.19368396165212, 35.72785049613316], [51.19338839444114, 35.72785121038823]]]}}, {"type": "Feature", "properties": {"cls": 1}, "geometry": {"type": "Polygon", "coordinates": [[[51.193781064124124, 35.753006106150785], [51.19378237531362, 35.75354699000551], [51.194114113377225, 35.75354645507055], [51.19411279994281, 35.7530055712264], [51.193781064124124, 35.753006106150785]]]}}, {"type": "Feature", "properties": {"cls": 1}, "geometry": {"type": "Polygon", "coordinates": [[[51.19376663990973, 35.74705536895148], [51.19376795071494, 35.74759625334291], [51.19409966407845, 35.747595718524444], [51.19409835102898, 35.74705483414359], [51.19376663990973, 35.74705536895148]]]}}, {"type": "Feature", "properties": {"cls": 1}, "geometry": {"type": "Polygon", "coordinates": [[[51.193437454599504, 35.748137855581234], [51.19343810875446, 35.74840825175877], [51.19376982549447, 35.74840771783948], [51.193769170217756, 35.748137321667215], [51.193437454599504, 35.748137855581234]]]}}, {"type": "Feature", "properties": {"cls": 1}, "geometry": {"type": "Polygon", "coordinates": [[[51.19311740853674, 35.75300717337088], [51.193118715235784, 35.753548057246725], [51.193450453316856, 35.75354752414222], [51.193449144372885, 35.753006640276915], [51.19311740853674, 35.75300717337088]]]}}, {"type": "Feature", "properties": {"cls": 1}, "geometry": {"type": "Polygon", "coordinates": [[[51.19277057843585, 35.74678647984986], [51.192771230303244, 35.74705687609893], [51.193066939055534, 35.7470566402121], [51.193101335471916, 35.74708475604902], [51.193104850845955, 35.747827822170194], [51.19306883750341, 35.74786771963226], [51.192773187200224, 35.74786843261913], [51.19277383910235, 35.74813882881942], [51.19310555473719, 35.748138296735476], [51.19311960781669, 35.747876919554265], [51.193436707867534, 35.74786727552686], [51.19343409043481, 35.7467854147613], [51.19277057843585, 35.74678647984986]]]}}, {"type": "Feature", "properties": {"cls": 1}, "geometry": {"type": "Polygon", "coordinates": [[[51.19310042057111, 35.74597448304464], [51.1931010735344, 35.74624487932504], [51.19343278130271, 35.74624434636299], [51.19343212721778, 35.74597395008789], [51.19310042057111, 35.74597448304464]]]}}, {"type": "Feature", "properties": {"cls": 1}, "geometry": {"type": "Polygon", "coordinates": [[[51.19245375291453, 35.75300823692976], [51.19245440385936, 35.75327863290354], [51.19278614083494, 35.75327810163473], [51.19278548876807, 35.753007705666214], [51.19245375291453, 35.75300823692976]]]}}, {"type": "Feature", "properties": {"cls": 1}, "geometry": {"type": "Polygon", "coordinates": [[[51.18946025010922, 35.750037609027615], [51.18946089085908, 35.750308005182454], [51.19012443221741, 35.7503069582601], [51.19012250264788, 35.74949558586693], [51.18979078132135, 35.74949610974143], [51.18978522941358, 35.7500192569512], [51.189755910002404, 35.750036904159714], [51.18946025010922, 35.750037609027615]]]}}, {"type": "Feature", "properties": {"cls": 1}, "geometry": {"type": "Polygon", "coordinates": [[[51.1887736275133, 35.740301071650386], [51.188774265712645, 35.74057146825464], [51.18910595002389, 35.74057094729562], [51.18910531070321, 35.74030055069653], [51.1887736275133, 35.740301071650386]]]}}, {"type": "Feature", "properties": {"cls": 1}, "geometry": {"type": "Polygon", "coordinates": [[[51.187780842605434, 35.74138458344606], [51.187782112652954, 35.74192546853721], [51.18811380260076, 35.741924950296905], [51.1881125303096, 35.741384065216025], [51.187780842605434, 35.74138458344606]]]}}]}