{"type": "FeatureCollection", "features": [{"type": "Feature", "properties": {"cls": 0}, "geometry": {"type": "Polygon", "coordinates": [[[51.22298187366922, 35.752955523875656], [51.22298262786872, 35.75322591932792], [51.223313427612844, 35.75322535162963], [51.223313948196214, 35.75299097616462], [51.22334207697005, 35.75295653402617], [51.22430908909719, 35.75295296437282], [51.22431517520382, 35.75270030700062], [51.22434449111666, 35.75268264836995], [51.224640155846195, 35.75268185778707], [51.224639736189324, 35.75244753029404], [51.224660622087015, 35.752416105453484], [51.22530304499577, 35.75241012927735], [51.22530262340335, 35.75217580188552], [51.22533455970279, 35.75214039691968], [51.22596592962356, 35.75213839711893], [51.22596550609567, 35.7519040698283], [51.22599363407139, 35.75186962668256], [51.226628809729554, 35.751866661311915], [51.22664275557865, 35.75160528234696], [51.226959864097054, 35.751595548338166], [51.22697090475935, 35.75133681386905], [51.22725491931583, 35.75132474082238], [51.227290872491736, 35.75136052429224], [51.22729177727598, 35.75159492178772], [51.22824723350344, 35.75159315864441], [51.22828555575986, 35.75162144479886], [51.22828038047881, 35.752389921286166], [51.22797226973567, 35.75239607755871], [51.22795687079537, 35.752134732861], [51.22762607569036, 35.7521353133103], [51.22762590919637, 35.75240575651974], [51.22794310624028, 35.75241427077785], [51.22795850514227, 35.752675615534464], [51.22827570336168, 35.7526841288957], [51.228291103333845, 35.752945473609245], [51.228605146392, 35.752951656357276], [51.228622795042554, 35.752980933133806], [51.22862279626671, 35.75318314895661], [51.228583619585024, 35.75321545279706], [51.22796004830334, 35.753216682150786], [51.227960819348, 35.75348707749853], [51.22895621449186, 35.75348518700807], [51.22896228606123, 35.753232529889026], [51.228991601513584, 35.75321486972333], [51.22928726760292, 35.75321406770681], [51.22928683431797, 35.752979741041166], [51.22930771885588, 35.7529483147794], [51.22995014521656, 35.75294231365543], [51.22994970999622, 35.7527079870912], [51.2299816449015, 35.75267258018074], [51.23061301830769, 35.75267055595578], [51.230612581152016, 35.752436229492965], [51.230640707726366, 35.752401784573394], [51.231275886876276, 35.75239879460796], [51.23127544778533, 35.752164468246626], [51.231303574160144, 35.75213002307529], [51.23193875092229, 35.7521270296121], [51.2319448132059, 35.751874372577134], [51.23197412836171, 35.75185671143031], [51.232269788272035, 35.75185590210039], [51.232283716091565, 35.75159452281507], [51.23293264441659, 35.751584131632924], [51.232938703608426, 35.7513314746219], [51.23296801866536, 35.751313813148364], [51.23326367614194, 35.7513130013828], [51.233263231254554, 35.751078675312826], [51.23328766164184, 35.75104556060591], [51.23425834313786, 35.75104057975474], [51.23425692134637, 35.75053969020795], [51.23428153279152, 35.75050265148488], [51.23457404002041, 35.75050810156659], [51.23458946006788, 35.7507694457867], [51.2349211857145, 35.75076879834431], [51.23493510508861, 35.75050741885985], [51.23525220730346, 35.7504976626237], [51.23525167367163, 35.749714662413254], [51.23528598213392, 35.74968636879659], [51.235581632435974, 35.7496855513562], [51.23558688632014, 35.74916240704112], [51.23561620111316, 35.74914474469889], [51.23591184910839, 35.74914392645469], [51.23591139651797, 35.748909600738436], [51.23593582611604, 35.74887648512905], [51.236242860625126, 35.74887278797319], [51.236242061703265, 35.748602392576366], [51.23592487920708, 35.748593900443275], [51.2359163027031, 35.748350294735495], [51.235945617462974, 35.748332632286534], [51.236241262029864, 35.74833181324457], [51.23624080849509, 35.748097487546154], [51.23626523799567, 35.74806437182639], [51.236572269077456, 35.7480606738371], [51.23657146906548, 35.7477902784101], [51.236239755820264, 35.7477909303571], [51.23622874450634, 35.74804966510023], [51.23594866298409, 35.74806194450179], [51.23590878859536, 35.74802598025111], [51.23590785864043, 35.747791581531764], [51.235265400283765, 35.747788076323964], [51.23524417638307, 35.747752874556156], [51.23524749342611, 35.74727301881635], [51.23527881880442, 35.74725198229319], [51.23557445901207, 35.747251164906544], [51.23557400745791, 35.74701683904052], [51.23560213254248, 35.74698239224903], [51.23620515189515, 35.74698025288349], [51.23623722602984, 35.74701546466764], [51.23623331959819, 35.747228750741144], [51.236201994264135, 35.747249787602826], [51.23590635433744, 35.74725060662132], [51.23590715208438, 35.74752100208563], [51.2369024723744, 35.74751904612111], [51.23690771778397, 35.7469959016989], [51.236937032444715, 35.7469782389261], [51.23723267121321, 35.746977417467065], [51.23723711192892, 35.74618378556898], [51.23726642655651, 35.746166122689466], [51.23756206189697, 35.74616530043283], [51.23756160454857, 35.74593097485861], [51.23758603365689, 35.74589785869259], [51.23789305551698, 35.745894157345], [51.23789259720602, 35.74565983181503], [51.23791347923683, 35.74562840294803], [51.23822404689205, 35.7456230133429], [51.23822399177492, 35.74456582353802], [51.23825698656891, 35.74454123064277], [51.238552614990105, 35.74454040597546], [51.23856571594751, 35.74400853848225], [51.23888279043971, 35.74399877261405], [51.23887955852934, 35.742916914398215], [51.23856239921081, 35.742908429249184], [51.23854696667614, 35.742647085123856], [51.23789802476646, 35.74263925557325], [51.237881789703394, 35.742107423754625], [51.23722993924769, 35.74209696318306], [51.23723213838855, 35.741847261954454], [51.23754920420072, 35.741837499698455], [51.23754844977342, 35.741568039310536], [51.237231247571124, 35.74155861526734], [51.23721581932656, 35.74129727095662], [51.236576964789684, 35.74129544186573], [51.2365523943609, 35.74126248882502], [51.236551462691665, 35.741028089734975], [51.23555622317849, 35.74103004249034], [51.23555017189106, 35.74128269977565], [51.23552085702071, 35.741300362066234], [51.23522524163705, 35.741301179322015], [51.235211322943115, 35.74156255917339], [51.2348942578512, 35.74157231523945], [51.23489505200988, 35.74184271097928], [51.23522674060397, 35.741842062833555], [51.235240659240304, 35.74158068292417], [51.235529417795405, 35.74157274766763], [51.235557684341224, 35.74160701459532], [51.23555861311199, 35.74184141363064], [51.235854306129006, 35.741841072584414], [51.23588366728364, 35.74185857932634], [51.23588635434508, 35.74209013845691], [51.23585110620281, 35.74211137571887], [51.23489584693615, 35.74211329062965], [51.23489659244154, 35.7423827510359], [51.23520372182044, 35.74238617334977], [51.23522829178199, 35.74241912681716], [51.23522921960806, 35.742653525773555], [51.23554637739955, 35.74266201978479], [51.235561800344676, 35.74292336426205], [51.23850785952299, 35.74291760586425], [51.23854485198974, 35.74294219751517], [51.238548325723585, 35.74315189807731], [51.23851250909736, 35.7431878929632], [51.236557955968195, 35.743191990869256], [51.23655939177681, 35.74369288051666], [51.236538328039956, 35.7437282327094], [51.23556419126029, 35.743734919068864], [51.23556498774727, 35.74400531469824], [51.23621949557132, 35.744018684355304], [51.236230165018114, 35.74454498870602], [51.23719714192585, 35.744544852242065], [51.237225612964494, 35.74458303613959], [51.237225996908805, 35.74477744769403], [51.23720156762302, 35.744810563764865], [51.235603374492456, 35.744816560423374], [51.23556741880199, 35.7447807806842], [51.2355664899299, 35.7445463818757], [51.23425710563124, 35.7445421595411], [51.23423925151561, 35.744508966551585], [51.234236153258905, 35.74346702272821], [51.23394045387144, 35.74346735972936], [51.233904294835654, 35.74342766156048], [51.233905950146, 35.74295136070997], [51.233938945660775, 35.742926769502006], [51.23423456817959, 35.74292595547306], [51.23423377622238, 35.74265555976924], [51.23390208422897, 35.742656205189675], [51.23388816134351, 35.74291758490463], [51.23357109035342, 35.742927337443966], [51.23356783363882, 35.743447108145176], [51.23353650795669, 35.74346814403358], [51.233280797922525, 35.74346883297281], [51.233240924291245, 35.74343286740152], [51.2332400022713, 35.74319846885435], [51.23294430413495, 35.743198803401654], [51.232914943191496, 35.74318129570234], [51.23290742818345, 35.74292862393489], [51.23225848472328, 35.74292076370957], [51.23224307233226, 35.742659418991984], [51.23091602815793, 35.742661973438345], [51.2309020957315, 35.74292335298434], [51.23058502408754, 35.742933097515106], [51.230585803716124, 35.74320349327646], [51.230902963031525, 35.74321199973768], [51.23091837115318, 35.743473344626366], [51.23156079332831, 35.743476873202965], [51.23158181219571, 35.743508158427005], [51.23158272936291, 35.74374255683956], [51.232225153849065, 35.74374608184366], [51.23224617290979, 35.74377736686317], [51.23224225586159, 35.743990652779146], [51.232207007272045, 35.74401188860774], [51.23095204858298, 35.74401353659358], [51.230919975938384, 35.743978322556586], [51.23091906070659, 35.74374392434965], [51.230587364119174, 35.7437445606468], [51.23058129738005, 35.74399721805176], [51.23055198201522, 35.74401487870946], [51.23025635446837, 35.74401568379123], [51.230242419969585, 35.744277063238044], [51.22992534257285, 35.74428680602104], [51.22992655533078, 35.74479162055182], [51.229898428456536, 35.74482606520095], [51.22960964044692, 35.744819272286946], [51.22959423647062, 35.744557927405594], [51.228951805684446, 35.744554388224046], [51.22893078751977, 35.74452310216063], [51.22892987810412, 35.74428870424889], [51.227934597466465, 35.744290594103276], [51.22793968583928, 35.74669652209115], [51.22790537577186, 35.74672481265602], [51.22760973650487, 35.746725611270875], [51.22761016472398, 35.746959938422634], [51.22758573256572, 35.746993051197514], [51.22727870442603, 35.74699672617069], [51.22727707739216, 35.74751294212554], [51.227244080678545, 35.747537530751075], [51.22694843792058, 35.74753832775187], [51.22694886422248, 35.74777265497853], [51.22693134343335, 35.747802053798], [51.226285594719094, 35.74781006538071], [51.226286359948126, 35.74808046100349], [51.22660353880852, 35.74808897892434], [51.22660422093621, 35.748341307448435], [51.226287125916826, 35.7483510405369], [51.22628104586045, 35.74860369793871], [51.226251730066544, 35.748621357188306], [51.22595608263281, 35.74862215176494], [51.22595650605416, 35.74885647911056], [51.225916763042896, 35.748892668517655], [51.22563666026091, 35.748881491846944], [51.225624181762484, 35.74862277458622], [51.22530144657075, 35.74860872561048], [51.22529084836142, 35.74808242125531], [51.224959133639885, 35.74808304209774], [51.22496125818541, 35.748854421231165], [51.22492525575725, 35.74889433354539], [51.22432610524061, 35.748893924768154], [51.22429784197016, 35.74885965354079], [51.224296946027465, 35.74862525644671], [51.22366172852618, 35.748624672773595], [51.22363346545476, 35.74859040129122], [51.22363257146591, 35.74835600427715], [51.22330085557124, 35.74835662055051], [51.223301610722, 35.7486270162041], [51.223608715819914, 35.7486295329035], [51.22363328234676, 35.748662490347414], [51.2236341763441, 35.74889688745377], [51.223929897029585, 35.748896575632976], [51.223965263072806, 35.74892848159674], [51.223968112000954, 35.749946039283046], [51.2239328568624, 35.74997814078514], [51.22363720337895, 35.749978929680026], [51.22363871641612, 35.750519812777796], [51.22397044128117, 35.75051919554051], [51.223975770690394, 35.74999605050826], [51.2240050866354, 35.74997839199587], [51.224300740209884, 35.74997760228568], [51.2243032976859, 35.74918734362103], [51.22433462450034, 35.74916631104627], [51.22460566288443, 35.74916865370434], [51.22463022970789, 35.74920161080274], [51.22463112664044, 35.74943600802348], [51.224938235274514, 35.7494385212951], [51.224962802197034, 35.74947147827795], [51.22496370011096, 35.749705875533046], [51.22525942433945, 35.74970556043058], [51.225288784456694, 35.74972307065113], [51.2252970381341, 35.75024622960801], [51.225920661672866, 35.75024510596329], [51.22595596578505, 35.75026616083952], [51.22596415161814, 35.75156135396756], [51.22592833129014, 35.7515973431822], [51.22533296579416, 35.751597885017674], [51.22530089481435, 35.751562668654174], [51.22529999586604, 35.75132827153576], [51.2249682676724, 35.75132889245193], [51.224968700823645, 35.752111894115046], [51.22493439014339, 35.752140183465535], [51.22463872787466, 35.75214097485337], [51.22462477563302, 35.752402353609654], [51.22397583867339, 35.75241269971437], [51.223976256385136, 35.75264702721884], [51.22395537022749, 35.75267845188559], [51.22331294495051, 35.752684420926535], [51.22329898848507, 35.75294579958225], [51.22298187366922, 35.752955523875656]], [[51.23685133844879, 35.74373234589403], [51.23689121300375, 35.74376830968874], [51.23688033540963, 35.743991048154435], [51.23657197754892, 35.74399168297634], [51.236571274661934, 35.74374462672354], [51.23685133844879, 35.74373234589403]], [[51.2362350325506, 35.74620799921983], [51.23627103101526, 35.74616808167197], [51.23654897612926, 35.74617407560802], [51.23656683095381, 35.74620726789821], [51.23656071089669, 35.7464200107472], [51.23652747335193, 35.7464378739469], [51.23625345015675, 35.746431679419274], [51.23623579932802, 35.74640240463519], [51.2362350325506, 35.74620799921983]], [[51.23652515190024, 35.745626411367766], [51.236565026363806, 35.74566237531379], [51.23655414792419, 35.745885113641336], [51.23624578219583, 35.74588574762187], [51.236245080231825, 35.74563869144838], [51.23652515190024, 35.745626411367766]], [[51.23621864749388, 35.74561792297729], [51.23558430374794, 35.74561918878685], [51.2355780601131, 35.74537242205293], [51.23622349129176, 35.74537112205983], [51.23621864749388, 35.74561792297729]], [[51.235557091711144, 35.74134052356135], [51.23559309041365, 35.74130060635003], [51.23619217769578, 35.74130095913444], [51.23622044443951, 35.741335225809735], [51.23621952086014, 35.741541254989684], [51.236181289733636, 35.74156974952159], [51.235586123369515, 35.74156919616538], [51.2355578567387, 35.74153492921733], [51.235557091711144, 35.74134052356135]], [[51.23557223220611, 35.74647978780557], [51.23560823089762, 35.74643987056542], [51.235886177146625, 35.74644586605239], [51.2359040317544, 35.74647905852822], [51.23589790996283, 35.74669180128654], [51.23586467235791, 35.74670966424592], [51.23559064802197, 35.74670346818962], [51.235572997378355, 35.746674193228436], [51.23557223220611, 35.74647978780557]], [[51.23491578555576, 35.74891547216617], [51.23495178446951, 35.74887555522162], [51.23522974083254, 35.748881552211884], [51.235247595229545, 35.748914744864805], [51.235241471768376, 35.749127487439566], [51.235208234102174, 35.74914535016644], [51.234934199646865, 35.74913915262867], [51.23491654918354, 35.74910987749833], [51.23491578555576, 35.74891547216617]], [[51.235197170896576, 35.74535852577992], [51.23523704498411, 35.74539449037504], [51.23523762800883, 35.74559281954536], [51.23521319812951, 35.745625934935966], [51.234614295207614, 35.74563015295269], [51.23457730326154, 35.74560555965194], [51.23457383981636, 35.745395858860036], [51.23459826981874, 35.745362743722225], [51.235197170896576, 35.74535852577992]], [[51.234904423858666, 35.74504856914181], [51.23486842483383, 35.745088486073946], [51.234269306430065, 35.745088126803765], [51.234241040189325, 35.745053859365086], [51.23424196876706, 35.744847830397795], [51.23428020018163, 35.74481933672177], [51.23487539399183, 35.74481989646584], [51.23490366034551, 35.744854163631715], [51.234904423858666, 35.74504856914181]], [[51.234544691339124, 35.7491466456566], [51.2345845652438, 35.74918261055457], [51.234573681486445, 35.749405348384286], [51.23426530110027, 35.74940597711507], [51.23426460493577, 35.74915892106397], [51.234544691339124, 35.7491466456566]], [[51.23454231026634, 35.74833518348406], [51.23458238803563, 35.748375066038385], [51.23458276563506, 35.74856947743394], [51.23455464016842, 35.74860392387168], [51.23362759930727, 35.748607452271905], [51.23358927591117, 35.74857916850562], [51.23358714657617, 35.74837315782727], [51.233615272258206, 35.748338711788264], [51.23454231026634, 35.74833518348406]], [[51.23457977232792, 35.74748360406781], [51.23454377319456, 35.74752352085895], [51.234265822700436, 35.74751752224749], [51.23424796857657, 35.7474843292697], [51.234254094677645, 35.74727158677922], [51.23428733234599, 35.7472537243861], [51.234561359243, 35.74725992346438], [51.23457900955286, 35.74728919865828], [51.23457977232792, 35.74748360406781]], [[51.23421208782078, 35.74887680472117], [51.23425196163116, 35.74891276978256], [51.23424107696103, 35.749135507565455], [51.23393269768678, 35.74913613539948], [51.233932002517165, 35.74888907933019], [51.23421208782078, 35.74887680472117]], [[51.23420337015019, 35.74590144268031], [51.23424324395667, 35.74593740775813], [51.23423235919513, 35.74616014566685], [51.23392399226897, 35.746160773425636], [51.233923297197045, 35.745913717222145], [51.23420337015019, 35.74590144268031]], [[51.23424242097782, 35.74559083819123], [51.23420642172672, 35.74563075481718], [51.23360729878702, 35.745630392259805], [51.23357903274371, 35.74559612456996], [51.23357996300871, 35.74539009564105], [51.23361819455419, 35.745361602259926], [51.23421339290596, 35.74536216526894], [51.234241659062214, 35.74539643268597], [51.23424242097782, 35.74559083819123]], [[51.23293632470649, 35.74780641628311], [51.23389241641006, 35.74779851188982], [51.23391698598892, 35.74783146579075], [51.23391474341197, 35.74804119646685], [51.23387782505777, 35.74806598815449], [51.23293147122169, 35.74805321690986], [51.23293632470649, 35.74780641628311]], [[51.23357724832003, 35.745051153387664], [51.23354124884037, 35.745091069701395], [51.23326330842817, 35.74508506870123], [51.233245454637334, 35.7450518754338], [51.233251583424824, 35.74483913295769], [51.23328482118193, 35.74482127093526], [51.2335588380064, 35.744827472368236], [51.23357648803226, 35.744856747838206], [51.23357724832003, 35.745051153387664]], [[51.23296949881899, 35.75050215087585], [51.232929625272426, 35.75046618518131], [51.23294051347965, 35.75024344772147], [51.23324889749127, 35.750242822528485], [51.23324959065514, 35.75048987854939], [51.23296949881899, 35.75050215087585]], [[51.232927290194866, 35.749730805114744], [51.23296328978922, 35.7496908890935], [51.23324124955724, 35.74969689073724], [51.23325910330381, 35.74973008394721], [51.23325297463831, 35.74994282624953], [51.233219736791675, 35.749960688255314], [51.23294569891408, 35.74995448613087], [51.232928049006176, 35.7499252104691], [51.232927290194866, 35.749730805114744]], [[51.23324624347014, 35.745322284735025], [51.23321024387733, 35.74536220089565], [51.232932302336685, 35.74535619912298], [51.23291444865387, 35.74532300576326], [51.232920578304565, 35.74511026333837], [51.232953816091815, 35.74509240143562], [51.233227834047575, 35.74509860362997], [51.23324548398117, 35.745127879188], [51.23324624347014, 35.745322284735025]], [[51.232640043436156, 35.751314254993055], [51.23260016998247, 35.751278289141034], [51.23261105906945, 35.75105555177379], [51.23291944645988, 35.75105492745034], [51.23292013866422, 35.75130198344064], [51.232640043436156, 35.751314254993055]], [[51.2329160243351, 35.74586390272327], [51.23288002462972, 35.745903818732295], [51.23260208083835, 35.74589781619301], [51.23258422726281, 35.745864622742054], [51.232590357768714, 35.74565188038003], [51.23262359558624, 35.74563401859599], [51.232897615795494, 35.7456402215459], [51.23291526563743, 35.745669497191], [51.2329160243351, 35.74586390272327]], [[51.23224873385331, 35.74459282540736], [51.232284733685944, 35.744552909723836], [51.23256267214173, 35.74455891303661], [51.232580525656616, 35.74459210645346], [51.23257439509585, 35.74480484889701], [51.232541157191854, 35.7448227106431], [51.23226714061968, 35.74481650687298], [51.232249490908885, 35.7447872310144], [51.23224873385331, 35.74459282540736]], [[51.23197247977532, 35.7499630997602], [51.23193260651127, 35.749927133576904], [51.2319434974485, 35.74970439626901], [51.232251879246675, 35.74970377375947], [51.23225256943472, 35.749950829822694], [51.23197247977532, 35.7499630997602]], [[51.23225400118694, 35.746406160833644], [51.23221800125529, 35.74644607653644], [51.231958360212744, 35.746446577899164], [51.231928999367284, 35.746429069882204], [51.231920864685286, 35.74594590340273], [51.231938565488505, 35.745912579645115], [51.23221258511587, 35.745905301701114], [51.232245864535365, 35.74592299444675], [51.23225400118694, 35.746406160833644]], [[51.230916878727335, 35.742972453757716], [51.230956801732304, 35.742932338318795], [51.232211743095704, 35.74293069035603], [51.23224381603915, 35.74296590382916], [51.23224382619049, 35.743168120102084], [51.23220465037737, 35.74320042560587], [51.23094970515594, 35.7432020735185], [51.230917632512764, 35.74316685947747], [51.230916878727335, 35.742972453757716]], [[51.23164615117696, 35.75185715057405], [51.231606278004385, 35.75182118423917], [51.231617169788585, 35.75159844706971], [51.23192555945643, 35.75159782540268], [51.23192624872006, 35.75184488138647], [51.23164615117696, 35.75185715057405]], [[51.2315489900205, 35.74590658072091], [51.231588863075565, 35.74594254709392], [51.23157797107941, 35.74616528453655], [51.23126960406807, 35.746165905176845], [51.23126891688307, 35.74591884892563], [51.2315489900205, 35.74590658072091]], [[51.230935628576354, 35.749464155610255], [51.230971628853595, 35.74942424051836], [51.23123128258632, 35.749423741245664], [51.231260643285886, 35.749441249495355], [51.23126877419639, 35.74992441572944], [51.23125107312784, 35.74995773935429], [51.22998159393997, 35.74996692223716], [51.229946289254, 35.74994586896273], [51.22994115124934, 35.74973262601855], [51.22996203560017, 35.74970119956698], [51.230936248119654, 35.749694558526606], [51.230935628576354, 35.749464155610255]], [[51.231257037733656, 35.74586710338716], [51.23122103745974, 35.74590701862313], [51.23094309363755, 35.745901012191645], [51.23092524060587, 35.74586781827393], [51.23093137546811, 35.745655076110175], [51.23096461343565, 35.74563721492938], [51.231238633690275, 35.745643421715634], [51.23125628306789, 35.745672697805965], [51.231257037733656, 35.74586710338716]], [[51.23026421327592, 35.7467605525393], [51.23030021378626, 35.74672063777153], [51.23090996220973, 35.74672600930904], [51.23092781518669, 35.74675920318421], [51.230922461611186, 35.747242432869584], [51.230889223555934, 35.74726029402109], [51.22995159063939, 35.7472553566937], [51.22993373793035, 35.74722216250115], [51.22993987536677, 35.747009420514544], [51.22996919071868, 35.746991760041], [51.23026483081878, 35.7469909557111], [51.23026421327592, 35.7467605525393]], [[51.23088305123186, 35.745096393259026], [51.230922924098, 35.745132359960245], [51.23091203026862, 35.745355097320626], [51.2306036666035, 35.74535571616104], [51.23060298141648, 35.74510865986141], [51.23088305123186, 35.745096393259026]], [[51.230320420965775, 35.75240067370813], [51.23028054816826, 35.752364706728414], [51.23028369098863, 35.75188093402545], [51.2303150170199, 35.75185989928288], [51.23058961642694, 35.751863897858655], [51.23061083869984, 35.75189910105692], [51.230607494186074, 35.75237895609865], [51.23057616811196, 35.752399990942116], [51.230320420965775, 35.75240067370813]], [[51.23026709879882, 35.74776242570517], [51.230231098187744, 35.74780234048769], [51.2299531464909, 35.7477963317617], [51.229935293780386, 35.74776313757125], [51.22994143120094, 35.747550395607874], [51.229974669259434, 35.74753253478234], [51.23024869739691, 35.74753874382994], [51.23026634650009, 35.74756802018058], [51.23026709879882, 35.74776242570517]], [[51.22965677208205, 35.75240194248893], [51.22961689947243, 35.75236597518532], [51.229627796667785, 35.752143238388825], [51.22993618864455, 35.752142622048424], [51.229936872008885, 35.75238967804332], [51.22965677208205, 35.75240194248893]], [[51.2295613115389, 35.746992346177244], [51.22960118403177, 35.74702831351578], [51.229590286642235, 35.7472510505627], [51.22928191507763, 35.74725166589094], [51.229281233772994, 35.747004609653104], [51.2295613115389, 35.746992346177244]], [[51.228615102251844, 35.750239969744186], [51.22861467100931, 35.750005642819225], [51.228639102787895, 35.749972529713204], [51.22925334652696, 35.74997135338803], [51.22927811834325, 35.75000822660159], [51.229276435899585, 35.75048452666181], [51.22923951681055, 35.75050931639371], [51.22829313251424, 35.75049650843704], [51.22829799970556, 35.75024970817197], [51.228615102251844, 35.750239969744186]], [[51.2289352305548, 35.746142033503084], [51.228899229485506, 35.746181947658236], [51.22863958946429, 35.74618244184812], [51.22861022894221, 35.746164932735], [51.22860211421256, 35.74568176565797], [51.22861981611049, 35.74564844282995], [51.22889383472985, 35.745641172565186], [51.228927113855576, 35.74565886651844], [51.2289352305548, 35.746142033503084]], [[51.22791001308834, 35.749700375740204], [51.22794988511499, 35.749736343873714], [51.227938983284446, 35.74995908051424], [51.22763060044148, 35.74995969145978], [51.227629923980004, 35.749712635314644], [51.22791001308834, 35.749700375740204]], [[51.227613654648714, 35.74811804124727], [51.227649656065886, 35.74807812770914], [51.227927609196826, 35.74808414184447], [51.22794546119843, 35.74811733655466], [51.227939318542724, 35.74833007829149], [51.22790608021694, 35.74834793836088], [51.22763204892954, 35.74834172392373], [51.22761440051121, 35.74831244683114], [51.227613654648714, 35.74811804124727]], [[51.22761134442272, 35.74730657852933], [51.22764734584157, 35.747266664995614], [51.227925295605345, 35.74727267914825], [51.22794314760477, 35.747305873861556], [51.22793700492548, 35.747518615633254], [51.22790376660011, 35.7475364756998], [51.22762973867972, 35.747530261245494], [51.227612090263136, 35.74750098415001], [51.22761134442272, 35.74730657852933]], [[51.22761958769845, 35.75020186515927], [51.22758358618274, 35.75024177871795], [51.22730562433558, 35.75023576381586], [51.22728777248878, 35.750202568887836], [51.227293916809565, 35.74998982734695], [51.22732715510925, 35.74997196747818], [51.22760119341969, 35.74997818261299], [51.227618841785144, 35.75000745966738], [51.22761958769845, 35.75020186515927]], [[51.22666728414067, 35.75132565709409], [51.22662741237796, 35.75128968832721], [51.22663831774682, 35.751066952010454], [51.226946705326505, 35.75106634370682], [51.22694737978095, 35.751313399803244], [51.22666728414067, 35.75132565709409]], [[51.22694293972476, 35.75077506946775], [51.226308552734295, 35.75077628566695], [51.22630233649826, 35.750529518330154], [51.22694781092486, 35.75052826928487], [51.22694293972476, 35.75077506946775]], [[51.22662276710292, 35.7497027616443], [51.226939952755735, 35.74971127863698], [51.22694617085648, 35.74995804594991], [51.226306255679916, 35.74996482324351], [51.2262992738138, 35.74944756835809], [51.226607372547385, 35.749441416630845], [51.22662276710292, 35.7497027616443]], [[51.22628872432177, 35.748932007483354], [51.22632472619209, 35.7488920945594], [51.226602682714145, 35.74889811179155], [51.22662053428278, 35.74893130687209], [51.226614388165025, 35.749144048414955], [51.226581149718854, 35.749161908004524], [51.22630711502886, 35.74915569051501], [51.22628946698029, 35.74912641306908], [51.22628872432177, 35.748932007483354]]]}}, {"type": "Feature", "properties": {"cls": 0}, "geometry": {"type": "Polygon", "coordinates": [[[51.18545524825632, 35.74003574281347], [51.18545775710118, 35.7411176052951], [51.18577490026311, 35.74112623286559], [51.185790792569854, 35.74165807055592], [51.18608647792208, 35.74165785190065], [51.18611954317477, 35.74168227939819], [51.1861244621374, 35.74246902335415], [51.18642015090352, 35.7424688038688], [51.186455507690674, 35.7425007262398], [51.18645813850578, 35.74327997509716], [51.18774527444249, 35.74327801929383], [51.18778358879038, 35.74330632365586], [51.18778340743733, 35.74379422412652], [51.18775040413409, 35.7438187973537], [51.18745476967216, 35.74381949721724], [51.18744069840127, 35.74408087417425], [51.18679182197636, 35.744091017746484], [51.186793717365504, 35.744902391025796], [51.18712541968437, 35.74490187547386], [51.187125110096716, 35.74466754119974], [51.187153249782455, 35.74463311288705], [51.18778837294885, 35.74463035312581], [51.18780244309611, 35.74436897610301], [51.18811952969587, 35.74435934638426], [51.188115711859545, 35.7427365077307], [51.18782002190324, 35.74273673129932], [51.18779066536222, 35.742719208705246], [51.187791824688766, 35.74221062676575], [51.18877800494986, 35.74219439945058], [51.188777690576565, 35.74196006532745], [51.18880213427086, 35.74192696593396], [51.18940492716382, 35.74192316303993], [51.189440869276794, 35.74195896373936], [51.18944166291714, 35.74219335638426], [51.18973735100651, 35.74219312874463], [51.189770416861734, 35.742217554817174], [51.18977472977513, 35.742733810424944], [51.19074892618067, 35.74273703416561], [51.19076993318905, 35.742768331901416], [51.190770730740546, 35.743002724698016], [51.19106642237734, 35.74300249378023], [51.191095779162026, 35.74302001530223], [51.19110316350764, 35.74327268655316], [51.19175501628859, 35.7432833996495], [51.191767710540915, 35.74377654447567], [51.191731880136956, 35.74381251815924], [51.19146455981718, 35.743811416049915], [51.19143630638463, 35.74377713224201], [51.191435506865965, 35.743542739490145], [51.19110381026898, 35.74354326691011], [51.19110510289371, 35.74408415170271], [51.19142225931952, 35.74409276408271], [51.19142837191974, 35.744339534803046], [51.191105749680915, 35.74435473202305], [51.19109722655742, 35.744610550641795], [51.19077460311179, 35.74462574695335], [51.19076841200478, 35.744878406220494], [51.19073909269337, 35.74489605374335], [51.190443454297856, 35.74489676096682], [51.19044377361062, 35.74513109456308], [51.19041563483994, 35.74516552416112], [51.19012684594869, 35.74515863428112], [51.19011156813936, 35.744897285783146], [51.1897798658961, 35.74489780956948], [51.189773671686936, 35.745150468869966], [51.18974435227688, 35.74516811606512], [51.189448712575356, 35.745168820846445], [51.189434647704964, 35.74543019786164], [51.189117557009745, 35.74543983120648], [51.189118836288685, 35.74598071589059], [51.18945054303799, 35.74598019391345], [51.18944958570668, 35.74547537176003], [51.189485416690076, 35.745439399124656], [51.18976942714161, 35.74545046316163], [51.189781791662135, 35.7457091826003], [51.191440687473815, 35.74570655421073], [51.191454745926904, 35.74544517701811], [51.19210363263337, 35.74543500814443], [51.19210330845309, 35.74520067473962], [51.1921430610294, 35.745164501825165], [51.19242314804064, 35.74517575851804], [51.19243552098478, 35.74543447782682], [51.192767225403074, 35.74543394671052], [51.192766573588095, 35.74516355038827], [51.1924494125662, 35.745154941544214], [51.19243412733469, 35.744893593256236], [51.192102425151745, 35.74489412344711], [51.192102749323766, 35.74512845676203], [51.19207830655048, 35.745161557331116], [51.191811201452346, 35.74516503137735], [51.19177792553353, 35.745147323941914], [51.191768734675236, 35.744123173838936], [51.191804748375915, 35.74408327702187], [51.19206438075412, 35.744082862426076], [51.19209576181227, 35.74410374453384], [51.19210177497847, 35.744623543166846], [51.1927369559385, 35.74462429379966], [51.192765209684545, 35.74465857707693], [51.19276601312215, 35.74489297007244], [51.19308608544476, 35.74490420699885], [51.19309911373711, 35.74543341456261], [51.193722693237035, 35.74543245796308], [51.19375596924467, 35.7454501647076], [51.193763035813255, 35.745666772607144], [51.193742140814, 35.74569818802489], [51.19309976730534, 35.74570399479051], [51.19308571411379, 35.74596537199962], [51.19276862195383, 35.745975015144815], [51.19276927379516, 35.746245411430465], [51.19306497917744, 35.74624517555835], [51.19309804558115, 35.74626960032292], [51.19310223759657, 35.74674586942547], [51.193066224252135, 35.74678576688255], [51.19277057843585, 35.74678647984986], [51.192771230303244, 35.74705687609893], [51.193085243543564, 35.747063152906826], [51.19310288224155, 35.747092439231366], [51.193102793683074, 35.747294655250386], [51.19306753086036, 35.747326743281796], [51.19277188280066, 35.74732745625889], [51.192758480800364, 35.7478593215484], [51.19244138071654, 35.747868963841036], [51.19244203149661, 35.748139360046565], [51.19306955234821, 35.74813859291301], [51.193105495535605, 35.74817439192753], [51.19310278188268, 35.748928650901924], [51.193071450893974, 35.748949672186825], [51.19277579610364, 35.74895038519327], [51.19276239420357, 35.74948225033586], [51.19244528738804, 35.74949189266058], [51.192447240530726, 35.75030326494412], [51.19276126720216, 35.75030954256673], [51.19277890581317, 35.75033882897049], [51.19277956704382, 35.750533235423156], [51.192743553592365, 35.75057313274298], [51.192447892009234, 35.750573844962965], [51.192448542876015, 35.75084424104652], [51.192765727596516, 35.750852849731906], [51.1927810140169, 35.751114197794436], [51.19344456193902, 35.751113132537185], [51.193444233712896, 35.75087879963082], [51.19346867600383, 35.75084569860879], [51.19406762380736, 35.750841685938994], [51.19410748624952, 35.750877670582696], [51.194108293750695, 35.75111206350209], [51.19444002170008, 35.75111152769965], [51.1944540704491, 35.75085015057443], [51.194771182557986, 35.750840502927424], [51.194776701997775, 35.75031735602539], [51.19480602083646, 35.750299707148706], [51.19510168102029, 35.75029898922341], [51.19510134795633, 35.750064656559836], [51.195133293312026, 35.75002926422695], [51.19541829461865, 35.75003710271527], [51.19543358949956, 35.750298450573545], [51.19642894703556, 35.750296829368885], [51.196426288877035, 35.749214969233975], [51.19610911041984, 35.74920637026456], [51.19609381340259, 35.74894502248906], [51.195776636122034, 35.74893642262378], [51.195761340173455, 35.748675074806044], [51.19544731992075, 35.74866880501754], [51.195429680512916, 35.74863951928882], [51.19542976317266, 35.74843730333027], [51.195465025316295, 35.748405214277], [51.19606036612262, 35.74840482049417], [51.196092428315104, 35.74844004909604], [51.196093241583235, 35.74867444239608], [51.19675583280023, 35.74867340648823], [51.196770810520114, 35.74841198155756], [51.19708791203382, 35.7484023277287], [51.19708724553642, 35.74813193160979], [51.19679153191472, 35.748132177308236], [51.19675713465513, 35.748104063000085], [51.19675358536167, 35.74736099725076], [51.19678959735214, 35.74732109809893], [51.197085244825715, 35.74732037533368], [51.197084906013735, 35.7470860428653], [51.19710934722057, 35.74705294060284], [51.19874359291898, 35.74704715796603], [51.198743249255024, 35.746812825766845], [51.198771385439095, 35.746778393017784], [51.19970232465381, 35.74677531949817], [51.199738269778514, 35.74681111550389], [51.199739093697666, 35.747045509381394], [51.2000348033798, 35.74704525635734], [51.20006416103796, 35.74706277491089], [51.20007157350119, 35.74731544612347], [51.20136657839839, 35.747314099175334], [51.20139864216918, 35.74734932555738], [51.201399470966294, 35.7475837196433], [51.20169518311569, 35.74758346252871], [51.20172454093561, 35.747600980533036], [51.201730799374374, 35.74809577376072], [51.201696483900214, 35.74812405345973], [51.20140083408204, 35.74812478766095], [51.20140103638112, 35.74890779372549], [51.20136672083898, 35.74893607329011], [51.201071067593546, 35.748936806690885], [51.20106325631042, 35.749463112934585], [51.20040880222577, 35.74947888998693], [51.200394772476976, 35.74974026745771], [51.2000776661739, 35.74974993026031], [51.2000810508061, 35.751102277969196], [51.2003767773849, 35.75110202405284], [51.20041117529442, 35.75113013684215], [51.2004154369831, 35.75214368954777], [51.20037942614859, 35.75218359043307], [51.20008375925481, 35.752184321447494], [51.200071082662596, 35.75298667443634], [51.198466572807106, 35.752998421166566], [51.19842670903066, 35.75296243864365], [51.19842621710612, 35.75276410922566], [51.19844374586405, 35.75273471804674], [51.19875771504381, 35.75272740555138], [51.198768172709066, 35.752198183859285], [51.19908819418794, 35.75218588112651], [51.199087849404556, 35.75195154923146], [51.19911229000773, 35.751918446266565], [51.19941934365819, 35.75191484364329], [51.19941821524905, 35.75113564961315], [51.19945347639924, 35.75110355881171], [51.199749139083345, 35.7511028294498], [51.19974778764217, 35.75056194556883], [51.19941606207949, 35.7505624960026], [51.199408240055874, 35.751088802147535], [51.19908559181841, 35.75110402144575], [51.199085936577724, 35.75133835327703], [51.199061495897666, 35.75137145626372], [51.1987544445573, 35.75137505803955], [51.19875462119489, 35.75215806409374], [51.19872030510712, 35.75218634257006], [51.19842463790373, 35.752187069505126], [51.19842498074973, 35.752421401397235], [51.198393036298235, 35.75245679513868], [51.19744146202883, 35.75244742607382], [51.197427963667415, 35.75140942109216], [51.197463225312866, 35.751377331158025], [51.19775888949015, 35.75137660668616], [51.197758220650606, 35.75110621071218], [51.19709467295601, 35.751107299764364], [51.19709683417571, 35.75270176981854], [51.19706251774611, 35.7527300476087], [51.19676684798953, 35.75273077047439], [51.1967671859899, 35.75296510262277], [51.19674274461852, 35.75299820481717], [51.19643568612294, 35.75300180065828], [51.19643696703965, 35.753541749011255], [51.19676875326741, 35.753542142171064], [51.19677988979672, 35.753283408431386], [51.197059995561034, 35.75327122247048], [51.19709985885197, 35.75330720564567], [51.19710067517613, 35.75354159888017], [51.19739641147021, 35.75354135226441], [51.197431770969246, 35.75357326980653], [51.19743284539995, 35.75377547869128], [51.197415316306895, 35.75380486963803], [51.19710134248698, 35.753812178678174], [51.19709350548509, 35.75433848459527], [51.19677084318403, 35.75435369756216], [51.19677284058381, 35.75516506897982], [51.197396501374705, 35.75516409308917], [51.19743577980521, 35.75519619660558], [51.19743685427565, 35.75539840541671], [51.19741932518566, 35.75542779636847], [51.197105344632156, 35.75543510544091], [51.19710601136966, 35.75570550123045], [51.197420061189746, 35.75571176645504], [51.19743770111186, 35.75574105159554], [51.19743837376228, 35.75593545767838], [51.19740236191159, 35.75597535718926], [51.19710667875165, 35.755976080930886], [51.19710734550692, 35.75624647669604], [51.19774986974796, 35.756250186326774], [51.19777087880613, 35.75628148188088], [51.19777169716071, 35.756515875083046], [51.198067445905366, 35.7565156267795], [51.19809680336681, 35.75653314596311], [51.19810420989332, 35.75678581673228], [51.19907503235328, 35.75678730152752], [51.19909959160299, 35.75682026740577], [51.19910041386471, 35.75705466077052], [51.20042769977994, 35.75705245650071], [51.200441050933655, 35.75652059164327], [51.20106171571025, 35.756512187446035], [51.20108997195854, 35.75654646750367], [51.201091480626715, 35.75705134878238], [51.20171515764261, 35.75705035045077], [51.201753474717655, 35.757078648500915], [51.201755522509806, 35.75728466051634], [51.20173799463818, 35.75731405262736], [51.20142400708906, 35.75732137314903], [51.20142468848224, 35.75759176878248], [51.20238801745138, 35.75759096550345], [51.20242008153404, 35.757626191423434], [51.20242091354875, 35.75786058521688], [51.203395299638444, 35.757863705627585], [51.203416310339456, 35.75789499944597], [51.20341714528103, 35.75812939336672], [51.20438428856608, 35.75812952040214], [51.204412545810314, 35.758163799183805], [51.20441338367881, 35.75839819323181], [51.205408841547225, 35.75839649739435], [51.205408478108346, 35.758162166874804], [51.205444304384955, 35.75812618696004], [51.206735541475986, 35.75812373590947], [51.206735174155305, 35.7578894056037], [51.20677492254612, 35.75785322551773], [51.2077020738769, 35.75785334870526], [51.207730332113854, 35.75788762621869], [51.207732115289424, 35.75812206505554], [51.20872663392371, 35.758120297455605], [51.208726260768344, 35.75788596749035], [51.208766008590224, 35.757849786434335], [51.20904614854543, 35.757861003267216], [51.20905857459438, 35.75811972111269], [51.209390331331136, 35.758119143980544], [51.20940142765253, 35.75786041017456], [51.20968547050646, 35.75784837957865], [51.20972141855462, 35.75788417100931], [51.20972227198294, 35.75811856580649], [51.210054028700796, 35.758117986843594], [51.21006015923587, 35.75786532902199], [51.21008947656431, 35.757847675084946], [51.21038516531055, 35.75784691948311], [51.21038478730117, 35.75761258978877], [51.2104167280693, 35.75757719104062], [51.21070176089823, 35.757584992442894], [51.21071710481079, 35.75784633856808], [51.21138070789602, 35.75784517418251], [51.2113792774052, 35.75730429130431], [51.211072138023894, 35.757301743225106], [51.21104757514912, 35.75726878144289], [51.21104671785331, 35.757034386531174], [51.210729504481655, 35.75702582690942], [51.21071416054759, 35.756764480818916], [51.21041840916436, 35.75676476014836], [51.210389050424894, 35.75674724504348], [51.21038160548801, 35.7564945741675], [51.21004985551737, 35.75649515401133], [51.210035856749194, 35.75675653172756], [51.20972770867097, 35.75675154978583], [51.20971721185554, 35.756225245563094], [51.20942146285137, 35.75622552243279], [51.20938706301227, 35.75619741339483], [51.2093832451793, 35.755414361032976], [51.2090874995906, 35.7554146370704], [51.20905309981972, 35.755386527891226], [51.20905612618466, 35.75462121304948], [51.209085443610924, 35.754603559450885], [51.20938111907861, 35.75460280636086], [51.20938725180032, 35.754350148343555], [51.20941656919362, 35.75433249463625], [51.209712243476886, 35.75433174073558], [51.209711867518706, 35.75409741075756], [51.20974380849146, 35.75406201230285], [51.21137069287288, 35.7540583492798], [51.21137031206164, 35.75382401957271], [51.21140225253738, 35.75378862042555], [51.21299313162965, 35.75378523710867], [51.213029080641576, 35.753821027050655], [51.213029943675046, 35.75405542247738], [51.21332568432482, 35.75405513667], [51.21336104775415, 35.75408704724961], [51.21336216241051, 35.75428925559516], [51.213344637803665, 35.75431865080135], [51.21303062139582, 35.754326938533744], [51.21303282737858, 35.755137372577764], [51.213346877253, 35.75514359566665], [51.21336452163456, 35.755172876533365], [51.213363539676685, 35.75537890458921], [51.213329226602205, 35.75540718913585], [51.21303354867196, 35.755407952033835], [51.213033934393486, 35.75564228127523], [51.212994187692175, 35.75567846441412], [51.212070871791326, 35.75567932799924], [51.21203880475382, 35.75564410609154], [51.21203794458881, 35.755409710974035], [51.21170619915788, 35.75541029537131], [51.21170691528402, 35.7556806909154], [51.212002662502634, 35.75568040834089], [51.212038025606084, 35.755712319493206], [51.2120423418953, 35.75703254376428], [51.213037782267364, 35.75703078484799], [51.213039500534265, 35.756514567882995], [51.21307249953516, 35.756489984766155], [51.213368182108, 35.75648922184703], [51.213367795388386, 35.75625489259894], [51.21340754188465, 35.75621870928768], [51.21434528788826, 35.75622377574721], [51.21436313544988, 35.75625697425569], [51.21436452504093, 35.75675793926209], [51.214681737977216, 35.75676648904592], [51.214697094594435, 35.75702783484067], [51.21502884667617, 35.75702724217069], [51.215028455077984, 35.75679291323333], [51.21506820109942, 35.75675672911105], [51.215348336622405, 35.756767930909284], [51.21536078267269, 35.75702664845541], [51.21635622275496, 35.75702486207712], [51.21635491282447, 35.756523969441794], [51.21637598335273, 35.75648862367011], [51.21731816677703, 35.7564829644086], [51.21735023530166, 35.75651818407384], [51.217351111066385, 35.756752579984266], [51.21768286194704, 35.75675197999755], [51.21768246257831, 35.75651765150285], [51.217706897617944, 35.75648454213268], [51.21834580863649, 35.756480289807236], [51.21835830295933, 35.7556779367872], [51.218978959360044, 35.75566943916846], [51.21900722096946, 35.75570371237556], [51.21900326919741, 35.755916996766274], [51.2189719416003, 35.755938027426275], [51.218676262491385, 35.755938804206586], [51.21867700220901, 35.75620919960294], [51.21900875080421, 35.7562085959669], [51.219022720900625, 35.75594721763627], [51.219330865950475, 35.7559521746565], [51.21933826365376, 35.75645381203631], [51.21930526561306, 35.756478397594464], [51.21900958432275, 35.75647917520185], [51.21901032518261, 35.756749570567855], [51.21934207601402, 35.75674896600452], [51.21935314074772, 35.756490231926826], [51.21963325849862, 35.75647799201567], [51.21967312818481, 35.756513964162195], [51.21967401076006, 35.756748360393324], [51.21999413731235, 35.756759523942016], [51.22000626007175, 35.75698217387387], [51.219981825651764, 35.757015284068444], [51.21934291067594, 35.757019545209005], [51.21934360418053, 35.75728900519257], [51.2196608686477, 35.757298476956166], [51.219676241196886, 35.75755982226649], [51.21999030213447, 35.75756602774025], [51.22000794837936, 35.75759530681694], [51.2200079279473, 35.75779752242509], [51.219972671825275, 35.75782962222736], [51.219676985049894, 35.75783040149461], [51.21967739029484, 35.758064729478676], [51.21965295577777, 35.758097839563675], [51.21934588015873, 35.758101494323995], [51.2193462844398, 35.758335822351995], [51.21931434626564, 35.7583712248613], [51.219029310289514, 35.7583634443141], [51.21901393978705, 35.75810209904958], [51.218350334899924, 35.758103305556006], [51.218352748175334, 35.75864423234575], [51.2200109739248, 35.75864116482394], [51.220024940756495, 35.75837978654672], [51.22034207877577, 35.75837007018809], [51.22035380731843, 35.75729723011526], [51.221998320677166, 35.757285070523594], [51.22200937695747, 35.757026336416125], [51.222329413163784, 35.75701397040041], [51.22233550535538, 35.75676131312073], [51.2223648214667, 35.756743655134095], [51.222660503404256, 35.75674286936173], [51.222660089450095, 35.75650854172297], [51.222680975921534, 35.75647711747495], [51.222991591398596, 35.75647176740758], [51.222991176480775, 35.75623743981282], [51.22300869831637, 35.75620804205847], [51.22365451756465, 35.75620004802024], [51.22365316194167, 35.755699156789035], [51.223670865453755, 35.75566583531637], [51.22431668005672, 35.75565783771626], [51.224322006938806, 35.75513469317845], [51.2243513228523, 35.755117034539865], [51.22464704108015, 35.75511530732104], [51.22464547756362, 35.754575361259555], [51.224328272159994, 35.75456683809957], [51.22431771870144, 35.75432660518662], [51.224352968174514, 35.75430537243135], [51.22497654949367, 35.7543041618396], [51.224975027193366, 35.75376327913246], [51.22465782510886, 35.753754756844344], [51.22464243672859, 35.75349341189787], [51.22397887036351, 35.753494649320274], [51.22398098588114, 35.75426602792218], [51.223952675376864, 35.75430439389131], [51.22366384809938, 35.75429758651683], [51.22364846288274, 35.75403624150194], [51.22267767264524, 35.754034955221734], [51.22265310632763, 35.75400199743152], [51.22265221508263, 35.75376760077963], [51.2223564744992, 35.75376790943644], [51.22232031939062, 35.75372820589572], [51.22231997149566, 35.753533794694704], [51.222337493523966, 35.753504397127145], [51.22265146126715, 35.75349702142285], [51.222650708180254, 35.75322662597673], [51.22231897204617, 35.753227239614304], [51.22231938492311, 35.753461567364965], [51.222291255765015, 35.753496009144285], [51.22165606590156, 35.753498951703804], [51.221656476842746, 35.75373327955551], [51.22162453935743, 35.7537686830141], [51.22101776762849, 35.75376752758326], [51.22099320180407, 35.753734569219745], [51.22099137987233, 35.753500128572675], [51.220660578124786, 35.75350078185275], [51.22066098614932, 35.753735109875684], [51.22063285649165, 35.75376955102353], [51.22036549255741, 35.75377157311015], [51.220329541310754, 35.753735786481414], [51.22033475506137, 35.75324864063601], [51.22036407136912, 35.753230983317806], [51.220659739097876, 35.753230202514104], [51.22065636141307, 35.75136525012804], [51.22069067288719, 35.75133696255982], [51.220986332699944, 35.751336180979436], [51.22098483756233, 35.750795297857806], [51.220689109556176, 35.750795602371525], [51.220652955017634, 35.750755898039564], [51.220652611234854, 35.75056148670011], [51.22067013373676, 35.75053208958624], [51.22098408947365, 35.75052471833651], [51.220983342108, 35.7502543227259], [51.220687616349174, 35.750254627228415], [51.22065825660472, 35.75023711549964], [51.220654865961926, 35.74973506838868], [51.220686193254956, 35.74971403713055], [51.22098184633703, 35.749713255583764], [51.22098143746873, 35.74947892731811], [51.22100587153016, 35.7494458168367], [51.22131291106154, 35.74944215801612], [51.22131382762761, 35.748655453753834], [51.22134682524593, 35.74863086743488], [51.221642473715455, 35.748630084279036], [51.221642062937676, 35.74839575607495], [51.22166649680287, 35.74836264537004], [51.221973531724096, 35.74835898486852], [51.22197387918348, 35.74784646975889], [51.22200819038593, 35.74781818165555], [51.22230383536471, 35.74781739688514], [51.22231704303626, 35.74728553030017], [51.22329774130695, 35.7472745780745], [51.223297325712856, 35.74704025009013], [51.22332175908477, 35.747007138820884], [51.223960590323095, 35.7470028568627], [51.223959832989024, 35.746732461148106], [51.22267263692836, 35.74673480451249], [51.222632563006165, 35.74669491596393], [51.22262449583154, 35.743521252024365], [51.22265975120722, 35.74348915112748], [51.22295537811615, 35.74348836481604], [51.22296003000173, 35.74188010706535], [51.22324271773514, 35.7418649422924], [51.223275996363036, 35.741882638309924], [51.223284236522815, 35.74240579797191], [51.22361592772306, 35.742405181832765], [51.22361441529085, 35.741864298002916], [51.22331872401304, 35.74186460885901], [51.22328335804022, 35.74183270257411], [51.22327995287137, 35.7408190301527], [51.22331577389552, 35.74078304219846], [51.22361138946554, 35.740782254312535], [51.22361097051693, 35.739999250762196], [51.22364528138196, 35.739970962005465], [51.223940893525445, 35.73997017332108], [51.223940136453656, 35.73969977728928], [51.22362299293641, 35.73969125200632], [51.22360760822199, 35.73942990633827], [51.22165307307237, 35.73943328461362], [51.22161712145909, 35.739397498516], [51.221616233599555, 35.739163101392926], [51.220290182835136, 35.73916549066769], [51.22028389252517, 35.73968868460954], [51.22025457614144, 35.73970634185975], [51.219958964581735, 35.739707121568905], [51.21995970819468, 35.739977517673374], [51.22158248409933, 35.7399747782488], [51.22161843561112, 35.74001056433925], [51.221619323496355, 35.740244961532035], [51.22226508710166, 35.74025054966312], [51.22228273396039, 35.74027982817639], [51.22228362379859, 35.740514225449196], [51.22257930948787, 35.74051391706799], [51.22261371193031, 35.740542020669196], [51.22261750607223, 35.74156338294543], [51.222582250594506, 35.741595483828874], [51.22228663162598, 35.741596269285736], [51.22228704413023, 35.74183059760123], [51.222262610374536, 35.74186370853061], [51.22195560255964, 35.74186736975889], [51.2219560141009, 35.74210169811828], [51.22193512733901, 35.742133122136295], [51.22162457124881, 35.74213846931703], [51.221624981827055, 35.74237279772032], [51.22160745953131, 35.74240219510261], [51.22129353769347, 35.74240956796014], [51.22128819044927, 35.74293271379005], [51.22125887416338, 35.74295037137901], [51.22096324933684, 35.74295115360185], [51.22096832452272, 35.74508278379071], [51.22093306863556, 35.74511488396742], [51.220637434774844, 35.74511566541949], [51.22063951588828, 35.74616534394647], [51.22060425991961, 35.74619744398358], [51.22030862151002, 35.74619822464239], [51.22030769489339, 35.7469849292983], [51.22027469701639, 35.74700951520671], [51.21997905517929, 35.74701029506661], [51.2199658321597, 35.74754216151438], [51.219648739060425, 35.74755187678382], [51.21964914397988, 35.747786205266635], [51.21962470944251, 35.74781931530898], [51.219317676461436, 35.74782296984919], [51.21930735342623, 35.74835219195283], [51.2189873525242, 35.7483645497049], [51.218981249657894, 35.74861720746219], [51.218951933140204, 35.748634864302865], [51.218656284322165, 35.74863564093331], [51.21865668635989, 35.748869969534624], [51.21863579864187, 35.748901392565166], [51.21832521387487, 35.7489067312463], [51.21832595221421, 35.749177126965876], [51.218639978129545, 35.74918333613702], [51.218657623985344, 35.749212615598815], [51.21865665549588, 35.749418644041235], [51.218622343513125, 35.74944693076481], [51.218326691267215, 35.749447706596136], [51.218327092358486, 35.74968203521507], [51.21830265742807, 35.7497151448092], [51.217995616349015, 35.7497187959812], [51.217996016476775, 35.749953124644], [51.217978493169234, 35.749982521077165], [51.21604146405013, 35.74999257171156], [51.21600551406893, 35.74995678310381], [51.21600464240647, 35.749722387198176], [51.21567292067081, 35.749722982455026], [51.215673313994266, 35.74995731151643], [51.21565242540526, 35.74998873363888], [51.215010020740365, 35.749994658057275], [51.2150104121281, 35.75022898721937], [51.21497847264697, 35.75026438788711], [51.21434711629005, 35.750266330009985], [51.21434099896998, 35.75051898790294], [51.2143116819913, 35.75053664321652], [51.21401602444375, 35.75053740846458], [51.21400203820962, 35.75079878668305], [51.21335311209581, 35.75080907494255], [51.2133534986482, 35.75104340434975], [51.213317674605044, 35.751079387844776], [51.21303364038083, 35.75106838089777], [51.21302026629393, 35.75080961875445], [51.21003492900728, 35.75081491399625], [51.21003530583863, 35.751049243971615], [51.209995558278344, 35.751085425632866], [51.209396614926995, 35.75108342820842], [51.2093720525566, 35.75105046582933], [51.20937120031351, 35.75081607088752], [51.20870859184687, 35.75081717633644], [51.20870802844879, 35.75105155419377], [51.20867608707879, 35.751086952229734], [51.207417083761676, 35.75108970659376], [51.20738113629916, 35.75105391407108], [51.20738028989198, 35.750819519405546], [51.2067566641329, 35.750820546848786], [51.20671834598323, 35.75079225102613], [51.206708959520924, 35.74784529499944], [51.206401860055635, 35.74784273479059], [51.20637729857811, 35.747809771369205], [51.20637645518552, 35.74757537670599], [51.20608074257724, 35.74757564524465], [51.206051384256135, 35.747558128687906], [51.20604440223645, 35.74679284790735], [51.2060826392217, 35.746764366868106], [51.206706161834724, 35.74676325118458], [51.20672017148136, 35.74650187313704], [51.20703726300309, 35.7464921926466], [51.20703689505716, 35.74625786183556], [51.20706133329059, 35.746224756155755], [51.20736836192645, 35.74622113319265], [51.20736669843309, 35.744897151552394], [51.20740101264905, 35.744868869516516], [51.207696648043694, 35.74486812069568], [51.20770995196158, 35.744336254429214], [51.20802703429497, 35.74432657131495], [51.208032467778516, 35.743803424661564], [51.208061785300686, 35.74378577142412], [51.20835741608485, 35.74378502099313], [51.20835704433258, 35.74355069027812], [51.208381482174396, 35.74351758415293], [51.20868849935053, 35.743513957836484], [51.208688126634655, 35.743279627165094], [51.208709017207845, 35.74324820722355], [51.20901958037157, 35.74324289376406], [51.20901920669208, 35.74300856313629], [51.20903673247964, 35.74297916915083], [51.209350659147944, 35.74297182877588], [51.20935028450489, 35.74273749819173], [51.20936781019958, 35.742708104118506], [51.209681735679716, 35.74270076287193], [51.20968136007311, 35.74246643233145], [51.20969888567494, 35.742437038170465], [51.210012809966905, 35.7424296960523], [51.21001243339677, 35.742195365555446], [51.21002995890573, 35.74216597130672], [51.21034388200954, 35.742158628316965], [51.21034264789942, 35.74137943498994], [51.210377906333534, 35.74134733945579], [51.21067352658901, 35.74134658336366], [51.21067215014468, 35.74080663434977], [51.20934508640892, 35.740808015378846], [51.20933108501421, 35.741069393769536], [51.20901401653462, 35.74107908041906], [51.20900291858197, 35.741337814916015], [51.20871894443358, 35.74134984362578], [51.208682996596785, 35.74131405166008], [51.20868214659216, 35.74107965640289], [51.20838646063583, 35.741079930527114], [51.20835031029047, 35.74104022040863], [51.2083499965952, 35.740845808601364], [51.20836752257391, 35.74081641480022], [51.20868144040322, 35.740809076225396], [51.208680734896745, 35.74053867995868], [51.20768549959388, 35.740540402134236], [51.20767936122775, 35.74079306079833], [51.207650043593844, 35.74081071389252], [51.20735442517447, 35.74081146263493], [51.20735479392984, 35.74104579354784], [51.20733390289807, 35.74107721310424], [51.206709266108206, 35.74107628218219], [51.206691421029944, 35.74104308143379], [51.20670478889518, 35.74055113418417], [51.207353631523894, 35.74054088248522], [51.20735293051334, 35.74027048618362], [51.20705724810115, 35.74027075702854], [51.207021886139806, 35.74023884363528], [51.20702078775834, 35.74003663443966], [51.20703831411226, 35.740007240995666], [51.20735222884338, 35.7399999059468], [51.20735157620993, 35.73973044500585], [51.20705584768536, 35.73972978045521], [51.20702277889101, 35.73970536111597], [51.20701780432465, 35.738958604517954], [51.20705381280763, 35.7389187006132], [51.20732111269888, 35.73891976799744], [51.207349370803996, 35.73895404571772], [51.20735021685492, 35.739188440984975], [51.207681895055146, 35.73918786882634], [51.20768119296973, 35.738917472469396], [51.2073855161288, 35.73891774410384], [51.2073524472799, 35.73889332489093], [51.2073627300902, 35.73838608593206], [51.20864297003293, 35.738375551157596], [51.208675035961846, 35.738410774521235], [51.20867588588481, 35.7386451699951], [51.209324790599005, 35.738653158549454], [51.20934012965824, 35.73891450564363], [51.21031764966636, 35.73891958065475], [51.21033529317921, 35.738948862376624], [51.210336147978865, 35.73918325805762], [51.21065328726846, 35.73919181890951], [51.210668630585154, 35.739453165857476], [51.21098261497571, 35.73945939542646], [51.21100025867539, 35.739488676968556], [51.211000215144715, 35.73969089337377], [51.210961034227935, 35.73972318888762], [51.21033757114021, 35.73972432652813], [51.210323572890594, 35.7399857050261], [51.210006509111615, 35.7399953943217], [51.21000792940833, 35.74053627880752], [51.21067138883229, 35.740535118818656], [51.21067101037626, 35.74030078834371], [51.21070295107277, 35.74026538953554], [51.21232954895396, 35.74026171450007], [51.21232739482153, 35.739450341856745], [51.211663944468505, 35.73945151094764], [51.21164995044996, 35.73971288953529], [51.21135395211367, 35.73971778138153], [51.211332736319065, 35.73968257194708], [51.21133136656194, 35.73918160597351], [51.211035688117754, 35.739181886587275], [51.21100128794957, 35.7391537781675], [51.211000014319005, 35.738669578681936], [51.21103432778581, 35.73864129515839], [51.21131224192156, 35.73864734840671], [51.21132988571247, 35.73867662986249], [51.211330743420135, 35.73891102569256], [51.21199418930249, 35.73890985845439], [51.21199380700964, 35.738675528127914], [51.21201824376992, 35.73864242076835], [51.21265700786682, 35.73863819924837], [51.21265662363921, 35.73840386902234], [51.212688563742056, 35.738368469391034], [51.21331982191411, 35.73836653639408], [51.213319100791075, 35.73809614009818], [51.21302342657755, 35.73809642558526], [51.21299204272791, 35.738075551031514], [51.212986949751574, 35.73786230569163], [51.213018889755844, 35.73782690592418], [51.21361022545347, 35.73782508806584], [51.21364350323044, 35.737842787595376], [51.21365222434207, 35.73887474442028], [51.21361696663138, 35.738906841385564], [51.21332135718283, 35.73890760476917], [51.21332174336927, 35.7391419347526], [51.213293611485234, 35.73917637305319], [51.21265853866536, 35.739179267622504], [51.21266069613522, 35.73999064028503], [51.21365592427596, 35.739988876976206], [51.21365553709221, 35.739754546986035], [51.2136913609518, 35.73971856339773], [51.21531406266404, 35.73971543157461], [51.21531367063083, 35.73948110185551], [51.21534949400226, 35.7394451175167], [51.21730396060502, 35.739441364590675], [51.21730356275097, 35.73920703519973], [51.217339385536526, 35.7391710499601], [51.21962561455404, 35.73916665957586], [51.219639583104204, 35.738905280432], [51.21995664042266, 35.738895565403034], [51.21995515293189, 35.73835468112284], [51.219623478453336, 35.73835528710872], [51.21962388308166, 35.73858961603771], [51.2195919449739, 35.73862501859213], [51.218668835687595, 35.738627469307765], [51.218633532356556, 35.73860641153323], [51.21862842447286, 35.73839316683], [51.21865285925049, 35.7383600571925], [51.219291619687375, 35.738355800351215], [51.2192908783772, 35.738085404161545], [51.21899520338328, 35.73808570433289], [51.21896381876131, 35.73806483193719], [51.21895871001683, 35.73785158724486], [51.21897959759423, 35.73782016418289], [51.22025331262949, 35.737813878392096], [51.22028538201179, 35.737849096894244], [51.22028626593969, 35.738083493994516], [51.220935167659455, 35.738091419402664], [51.220950543799916, 35.73835276544878], [51.22161398462817, 35.73835154517772], [51.221627197337625, 35.73781967776115], [51.221944249738286, 35.73780995741849], [51.22194383833464, 35.73757562874618], [51.2219719675373, 35.737541187183396], [51.222571027420585, 35.73753854846703], [51.22260697921945, 35.73757433411765], [51.22260786994297, 35.73780873154868], [51.22357476185682, 35.73780870500064], [51.22360302482319, 35.73784297651195], [51.22359908481508, 35.738056262035826], [51.223567757827645, 35.73807729430937], [51.22327215362312, 35.738078082139126], [51.223272568929175, 35.73831241045425], [51.22324063191512, 35.73834781453214], [51.221945843328264, 35.738351025530854], [51.221931882131265, 35.73861240476257], [51.22161482647549, 35.73862212516892], [51.221615575656465, 35.738892521292065], [51.22227902093303, 35.73889129733776], [51.22227860852327, 35.738656968775], [51.22230304220954, 35.73862385788295], [51.22291719205369, 35.73862271444313], [51.2229417583637, 35.73865567215807], [51.22294265009403, 35.73889006958967], [51.22323832913101, 35.73888975961069], [51.22326768905725, 35.73890727052341], [51.223275173836775, 35.739159942419064], [51.22425585465295, 35.73916723359596], [51.22427275853021, 35.739969555271735], [51.22460443960034, 35.73996893644322], [51.2246030788638, 35.73946804388956], [51.22462414661179, 35.7394326955482], [51.225598232559875, 35.73942609832767], [51.22561065600468, 35.738623742842776], [51.22591317493069, 35.738623154182996], [51.22592856698933, 35.73888449974205], [51.226592012003294, 35.7388832520036], [51.22659364391953, 35.738367035077], [51.22662664065435, 35.73834244673153], [51.22692224550407, 35.73834165074247], [51.22692181951099, 35.73810732295258], [51.22694994721297, 35.73807287949088], [51.228216423261806, 35.73806952712427], [51.22824849501277, 35.738104742289636], [51.228250174247755, 35.738609628446376], [51.22924538415293, 35.73860773624046], [51.22924460918728, 35.73833734024657], [51.22894893178031, 35.73833766489767], [51.22891356442027, 35.7383057610594], [51.228908197967264, 35.736715043888005], [51.22824477104766, 35.736716304333456], [51.22824631450507, 35.73725718845427], [51.22854198749094, 35.73725686545689], [51.22857814460664, 35.73729656612891], [51.22857723044138, 35.73804335528323], [51.22854423394679, 35.738067944386735], [51.22826969199237, 35.73806394090119], [51.228248470475684, 35.7380287368652], [51.22824699483877, 35.73752776850756], [51.22760462255983, 35.73752422188515], [51.22758340126911, 35.73748901763492], [51.22758192982647, 35.73698804931767], [51.227286258248476, 35.73698836986087], [51.22725487255403, 35.73696750045847], [51.22724786363395, 35.7361772121453], [51.22695219546757, 35.73617753185545], [51.22692080981597, 35.73615666233017], [51.226914731009416, 35.73567685387525], [51.22693579797685, 35.73564150481123], [51.227231790524414, 35.73564528644435], [51.22724718671907, 35.735906632012664], [51.227578850867225, 35.73590600504443], [51.22758988996909, 35.735647269841635], [51.22786992070719, 35.735635010576246], [51.227909792715835, 35.735670978785336], [51.22791069892964, 35.73590537702373], [51.231523927119724, 35.735898716885664], [51.231559881531695, 35.735934498476205], [51.231560798445926, 35.736168897202965], [51.2322096858697, 35.73617676133605], [51.232225097981186, 35.7364381064148], [51.23254222948145, 35.736446608586256], [51.2325544764416, 35.73668328589555], [51.232517557876896, 35.73670807697122], [51.23156236504168, 35.73670996516992], [51.231548434523724, 35.7369713450243], [51.23123138769406, 35.73698109119344], [51.231227668896544, 35.73804521274335], [51.231194430875995, 35.73806307398286], [51.23057098586197, 35.73806431641883], [51.23055705221252, 35.73832569615522], [51.23023999955915, 35.738335439687425], [51.230241713434346, 35.738605879798904], [51.23057245316481, 35.73860520039977], [51.2305720164766, 35.738370873252116], [51.230596447684036, 35.73833775951268], [51.23086744308077, 35.73833438366857], [51.23090281083127, 35.738366286639675], [51.230898246843104, 35.73885731367322], [51.23086893151262, 35.73887497442323], [51.230573325332415, 35.73887578020939], [51.230572498938606, 35.7396624843739], [51.230535580059076, 35.7396872746203], [51.22991212143338, 35.73968851369061], [51.229912898694145, 35.73995890961094], [51.23057635243806, 35.73995763986768], [51.230575915704904, 35.73972331278589], [51.23060785043405, 35.73968790566264], [51.23153489142316, 35.73968554807668], [51.23157084584093, 35.739721329647324], [51.23157254613389, 35.74022621605505], [51.23352710165117, 35.74022267645868], [51.23356305665098, 35.740258457122195], [51.23356397954276, 35.740492855941646], [51.235850316710994, 35.74048863405053], [51.23588627238928, 35.74052441365759], [51.23588720209547, 35.740758812783014], [51.23787776618723, 35.74075489351659], [51.23787696197646, 35.740484497786014], [51.23722248325056, 35.740471137030106], [51.23721100525854, 35.739674344690584], [51.23691532121364, 35.739674688951254], [51.236879161170904, 35.73963499215639], [51.236892345600516, 35.73914303851], [51.237541169532456, 35.73913262265317], [51.23755217691711, 35.738873887403464], [51.23783613900373, 35.73886178893427], [51.2378722992802, 35.73890148525719], [51.237873728616776, 35.73964075959339], [51.237838476937696, 35.73967286712128], [51.23754286872547, 35.73967369004935], [51.237544475233584, 35.740214573545856], [51.23853072574463, 35.74022727508747], [51.23853824190622, 35.740728911405796], [51.23850524707451, 35.7407535043977], [51.238209634504905, 35.74075432898085], [51.238210439848345, 35.74102472469273], [51.23854212496907, 35.74102406741833], [51.23855603303467, 35.740762687285454], [51.238873137308396, 35.740751984873725], [51.238869862676076, 35.73967106269522], [51.23857417841919, 35.739671411035175], [51.238538221865014, 35.73963563262493], [51.23853325060118, 35.73804879437447], [51.238237573125176, 35.73804914186228], [51.23820161667041, 35.73801336329255], [51.23819584682205, 35.73615603674088], [51.2375645387404, 35.73615647128483], [51.23753246413637, 35.73612125998814], [51.23753152972657, 35.735886860549535], [51.236908024197525, 35.73588804385342], [51.23686873628658, 35.73585595883189], [51.23686756268657, 35.73565375044023], [51.23689199201524, 35.735620634548134], [51.2378624807278, 35.735615625283195], [51.23787639111114, 35.73535424494136], [51.23819342986818, 35.735344481064296], [51.23819262475034, 35.73507408509618], [51.23789695966924, 35.73507443170171], [51.23786255401847, 35.735046334421], [51.237858459265055, 35.73426327750367], [51.23754786198752, 35.73425912784483], [51.23752684133979, 35.734227844383874], [51.23752590699485, 35.73399344486688], [51.2372302464899, 35.73399378981691], [51.237200885123215, 35.73397628350972], [51.23719335696827, 35.73372361129027], [51.23687332297298, 35.733712494065955], [51.236860008245614, 35.73318328873306], [51.23654288965805, 35.73317479800615], [51.23652746383856, 35.73291345325822], [51.23623180795197, 35.732913795737204], [51.236202446681986, 35.732896289097916], [51.23619492167501, 35.73264361684366], [51.23586327125933, 35.73264426751475], [51.23586372329728, 35.73287859391976], [51.235831790053815, 35.732914003237155], [51.23454871606582, 35.73290557887052], [51.2345314515057, 35.73102393249232], [51.23422441816929, 35.731021443507125], [51.234199848451226, 35.73098848962034], [51.234198923934635, 35.73075409042135], [51.23387626114518, 35.7307400647774], [51.233865607878975, 35.73021375917799], [51.23323054216923, 35.730213225557925], [51.23320227625496, 35.73017895766806], [51.2332013546808, 35.7299445585713], [51.23286971538657, 35.72994520094817], [51.23286368565212, 35.73101248435604], [51.23154592178439, 35.731029714677604], [51.23154714405952, 35.73153453013388], [51.231519017659544, 35.73156897535301], [51.231251746013676, 35.73157102143183], [51.23122035980428, 35.73155015344769], [51.23121409402748, 35.73103035264773], [51.230882450184076, 35.73103098956329], [51.23086851734502, 35.731292369638474], [51.23055149391129, 35.73130211389389], [51.23055523021708, 35.732614470512736], [51.23053061738168, 35.73265150788323], [51.229584775199754, 35.73265332367635], [51.22956000323741, 35.732616450468804], [51.229558519670974, 35.732115481469954], [51.22922687128903, 35.73211611383827], [51.229226569414536, 35.732628629206594], [51.229192259612006, 35.73265692025814], [51.22889667889708, 35.732657721833576], [51.228898066164966, 35.73315861403427], [51.2288769998014, 35.733193963755454], [51.22824927278908, 35.733190815985786], [51.22824858605849, 35.73293848680851], [51.228565616833585, 35.732928748786414], [51.22856484432713, 35.73265835252384], [51.22824772927411, 35.73264983953733], [51.228232329966, 35.73238849398779], [51.22790161679604, 35.732389074895956], [51.227901450675205, 35.73265951899158], [51.228218565786555, 35.73266803282154], [51.228219252412536, 35.73292036201165], [51.227238734142254, 35.73293135404174], [51.227227693853926, 35.73319008929132], [51.226943754762964, 35.73320216199394], [51.22690759811654, 35.73316246051357], [51.22690536387709, 35.7323910036423], [51.226609711472584, 35.732391322456145], [51.22657434469132, 35.732359417574806], [51.22658603627237, 35.731589180349005], [51.22687845034954, 35.731582580397465], [51.22690301782717, 35.73161553677051], [51.226903920992385, 35.731849935041076], [51.22722103258082, 35.7318584515595], [51.227236428643245, 35.732119797297116], [51.22756807708609, 35.7321191704158], [51.22756764935406, 35.73188484243765], [51.22760739180391, 35.73184865230589], [51.227887424191316, 35.731859824538105], [51.227899909443224, 35.7321185424821], [51.228231557865556, 35.73211791377178], [51.22823001479914, 35.73157702918733], [51.22791290428788, 35.73156851528564], [51.227897506077326, 35.73130716965676], [51.22760185803494, 35.73130749089436], [51.22757249760559, 35.731289981403734], [51.227564999598826, 35.73103730918697], [51.226238147823565, 35.731039811332295], [51.226239336614015, 35.73154462780302], [51.226199593675084, 35.73158081727944], [51.22591956269405, 35.731569641023455], [51.225907083741674, 35.73131092301464], [51.22558997471565, 35.73130240287793], [51.22557458393178, 35.73104105702033], [51.22524293991358, 35.73104167839006], [51.225244304221505, 35.73154257148606], [51.225219689541746, 35.73157960696183], [51.22394581858965, 35.731583312649846], [51.2239175554506, 35.731549041216724], [51.22391666103961, 35.73131464344799], [51.223621013511966, 35.731314954898515], [51.223587941983446, 35.73129054199392], [51.22358824553608, 35.73079539546648], [51.223623495084354, 35.73077416306389], [51.2245465005712, 35.73077321184561], [51.22457857122445, 35.7308084285752], [51.22457946756115, 35.73104282656102], [51.2249111115988, 35.731042207020195], [51.22491035149649, 35.730771810604175], [51.22461470608516, 35.730772124490066], [51.22457855023298, 35.730732421911966], [51.224578197308006, 35.730538009687784], [51.22459571873166, 35.73050861158006], [51.22490959067933, 35.730501230253104], [51.22490807016287, 35.72996034539863], [51.22391296755251, 35.729962201340086], [51.2238990124264, 35.73022358106731], [51.22361410789221, 35.73023243319017], [51.22358203744191, 35.730197216028046], [51.223580388108275, 35.72969232979785], [51.223248749637435, 35.72969294565033], [51.223234792383124, 35.72995432535183], [51.2229177728894, 35.72996404911889], [51.22290381458489, 35.73022542878907], [51.22261890998796, 35.73023427850517], [51.22258683983363, 35.73019906092629], [51.22258519677973, 35.72969417481452], [51.22228955615952, 35.729694482968846], [51.22225515369414, 35.72966637919102], [51.22225196344352, 35.72915381100433], [51.22192032717564, 35.72915442318702], [51.22191699429997, 35.72967419631091], [51.22188566709526, 35.72969522795505], [51.221630014037174, 35.729695891938654], [51.22159014371078, 35.72965992062972], [51.2215892561624, 35.72942552310118], [51.22129361679385, 35.72942582880327], [51.22125766529215, 35.729390042504725], [51.22125711724101, 35.72919171237339], [51.22127463960141, 35.729162315155996], [51.22158850661674, 35.72915494262817], [51.22158775779529, 35.72888454606585], [51.22125612262897, 35.72888515641369], [51.221256531813, 35.729119485517295], [51.22122459418657, 35.72915488871959], [51.22030160281712, 35.7291573515657], [51.22026832435976, 35.729139654453206], [51.22026026056865, 35.72865648438023], [51.22027796524604, 35.72862316393666], [51.22057729322778, 35.72862493603848], [51.22059266798733, 35.72888628253866], [51.22092430317273, 35.728885674019594], [51.22093040045857, 35.72863301536096], [51.220959716693976, 35.728615357902406], [51.22125528226339, 35.72861457597724], [51.22126924587258, 35.72835319625822], [51.22191798398577, 35.728342865703056], [51.2219175728848, 35.728108536571206], [51.22195731695119, 35.72807234920403], [51.222212959676625, 35.7280720697755], [51.22224434464111, 35.72809294102806], [51.22225021325045, 35.72857667432447], [51.22221439181266, 35.728612661768395], [51.22191882658545, 35.7286134461394], [51.22191957651821, 35.72888384270787], [51.22255832662891, 35.72888575014954], [51.22258289282118, 35.72891870801981], [51.22258471882597, 35.72915315000903], [51.22357887590224, 35.729151260898384], [51.22358578523816, 35.728354464931094], [51.22390833302375, 35.72833917859578], [51.22390791609678, 35.72810484980584], [51.22393604471741, 35.72807040752753], [51.224546411554286, 35.72807058688987], [51.22457118171354, 35.72810746186435], [51.224567799926035, 35.728587318595174], [51.224536473069435, 35.72860835119347], [51.224240908282134, 35.72860914127026], [51.22424132619676, 35.72884346987412], [51.224216893009974, 35.728876581432324], [51.22390993937485, 35.728880247488426], [51.22391069604358, 35.7291506440082], [51.22422779594105, 35.72915916859731], [51.22424318237349, 35.72942051473413], [51.22554169933779, 35.72941985407537], [51.2255699628839, 35.72945412486426], [51.22557086209174, 35.729688523042846], [51.22722942183477, 35.72968540235755], [51.22724336633733, 35.72942402234578], [51.22789211193716, 35.72941365927167], [51.22789168332273, 35.72917933121911], [51.227927502996536, 35.72914334121986], [51.22821144685727, 35.72915431244046], [51.228223933067746, 35.72941303048549], [51.228555570263524, 35.729412400923], [51.22855479789087, 35.729142004501824], [51.22825915874344, 35.72914232732425], [51.22822777291993, 35.72912145825233], [51.228222639909454, 35.72890821415718], [51.228258459485964, 35.72887222400906], [51.22985262487164, 35.728870716889176], [51.22988088970637, 35.72890498603272], [51.229876966082614, 35.729118272422674], [51.22984563992224, 35.7291393069391], [51.2295500739021, 35.72914011006929], [51.229550849638095, 35.729410506471716], [51.23021327951852, 35.72940928687195], [51.23021282059011, 35.72890834665069], [51.23023743347378, 35.7288713094462], [51.231539566561445, 35.72886571642165], [51.23155349732024, 35.72860433612776], [51.23187055275752, 35.72859365271027], [51.23186972588579, 35.72832419291853], [51.23157408967893, 35.728324523878534], [51.2315410168383, 35.72830011406527], [51.231536435741006, 35.72778385490792], [51.23122249681153, 35.727777679439775], [51.231204847416755, 35.72774840325241], [51.2312039317538, 35.72751400432659], [51.23089691341825, 35.72751150674279], [51.23087234469188, 35.727478551697686], [51.23087143000949, 35.727244152805966], [51.23054878246857, 35.72723011793729], [51.23053893050804, 35.726974300346136], [51.23022183871462, 35.72696579256446], [51.2302056550044, 35.72643395847381], [51.22989172187284, 35.72642777946571], [51.22987407285225, 35.72639850291768], [51.229873161120345, 35.726164104117146], [51.22956259854867, 35.72615993352091], [51.22954158023049, 35.726128647587714], [51.22954066947903, 35.72589424882129], [51.22924504367246, 35.72589457402043], [51.22921568307976, 35.725877065059166], [51.22920818008042, 35.72562439258635], [51.22888818114709, 35.72561325351621], [51.22887491921661, 35.725084046852984], [51.22856436126325, 35.72507987363896], [51.228543343236346, 35.725048587396635], [51.228542435434974, 35.72481418872146], [51.228235428650294, 35.72481168426287], [51.22821086071697, 35.72477872829192], [51.22820995389592, 35.72454432965089], [51.227914333871745, 35.72454465155939], [51.22788497340808, 35.724527142155964], [51.227876704296555, 35.72400398101451], [51.22724169073121, 35.724003415544225], [51.227213426614284, 35.72396914534383], [51.22721252273404, 35.72373474680533], [51.22656373932482, 35.72372685500526], [51.22654834562578, 35.72346550890188], [51.225909640190466, 35.72346362246], [51.22588507294893, 35.72343066568351], [51.2258841729718, 35.72319626730427], [51.22525297372945, 35.72319663681391], [51.225220902797794, 35.723161420312195], [51.22522000477214, 35.722927022012634], [51.224577753967544, 35.722923458716906], [51.22455673710106, 35.72289217124689], [51.22455584102682, 35.72265777302704], [51.22358544129249, 35.72265649269159], [51.223560874741636, 35.72262353511197], [51.22355998159008, 35.722389137017366], [51.22292498187925, 35.72238854867955], [51.222896719054845, 35.72235427682443], [51.222895827854586, 35.72211987880959], [51.22226083044812, 35.722119286953], [51.2222325678226, 35.72208501484326], [51.22223167857358, 35.72185061690822], [51.22159668347157, 35.72185002153297], [51.22156842104492, 35.7218157491686], [51.2215675337471, 35.72158135131339], [51.2209325409496, 35.721580752419534], [51.22090427872184, 35.72154647980054], [51.22090339337516, 35.72131208202519], [51.220272210302284, 35.721312425332954], [51.22024014085339, 35.72127720673919], [51.2202392574578, 35.72104280904376], [51.219597022857386, 35.72103921898574], [51.21957600743962, 35.72100792998468], [51.21957512599505, 35.72077353236915], [51.21893644364952, 35.72077160872382], [51.21891187848053, 35.72073864953708], [51.21891099898695, 35.72050425200152], [51.21794062653203, 35.72050292596091], [51.21791606165889, 35.72046996643039], [51.21791518508744, 35.72023556902045], [51.217276507386465, 35.72023363652272], [51.21725194271073, 35.72020067676266], [51.217251068090135, 35.71996627943274], [51.21661239269574, 35.719964343391794], [51.21658782821741, 35.71993138340219], [51.21658695554763, 35.71969698615232], [51.21593820712952, 35.71968903644997], [51.215921911889765, 35.71942764492548], [51.21492787523859, 35.71942947035896], [51.214921758984566, 35.71968212965918], [51.2148924420797, 35.71969978509591], [51.21459691244614, 35.7197005513546], [51.21459730192499, 35.71993488204078], [51.21456147822774, 35.71997086598629], [51.21427757297999, 35.71995986160372], [51.21426513127305, 35.71970114243121], [51.21393353401419, 35.719701732463776], [51.213934256725516, 35.719972129577435], [51.214229856021745, 35.71997184200596], [51.21426123995691, 35.71999271616299], [51.21426633592823, 35.72020596216539], [51.21423439619899, 35.72024136241687], [51.21362790228686, 35.720240168636366], [51.213603338694014, 35.72020720761995], [51.213602474756414, 35.7199728107928], [51.213270876357264, 35.719973399003], [51.213259791411254, 35.72023213455959], [51.21297982389279, 35.72024435872609], [51.21293995601987, 35.72020838316393], [51.212939094024655, 35.719973986428286], [51.21227580521646, 35.719975158342685], [51.21227690537759, 35.7204799784916], [51.21223715844375, 35.72051616113133], [51.21163846878556, 35.72051417407435], [51.21161390578288, 35.72048121237374], [51.21161304766412, 35.72024681583254], [51.210949756537495, 35.720247980445315], [51.21095103083614, 35.7207488774381], [51.2109264111821, 35.72078590778905], [51.21031610548631, 35.72078830366688], [51.21028784643445, 35.72075402699015], [51.210286992192245, 35.72051963064356], [51.209955391455615, 35.72052020972429], [51.20995665954442, 35.72102110689149], [51.20993558671483, 35.721056450553675], [51.208961725849555, 35.721062919910445], [51.2089620988686, 35.721297251494434], [51.20892235098816, 35.72133343252437], [51.20832735081007, 35.721332743540685], [51.20829909235255, 35.72129846610613], [51.20829824392132, 35.72106407005737], [51.20796664088603, 35.7210646436648], [51.20796771392506, 35.72156946452324], [51.207931888276896, 35.72160544547207], [51.207332963269266, 35.721604951168345], [51.20730470510892, 35.72157067335487], [51.207303859583284, 35.72133627745514], [51.206972255398824, 35.721336848325834], [51.20697332217981, 35.72184166934567], [51.206941380266265, 35.721877066557546], [51.206338568926995, 35.72187715058949], [51.20631031106384, 35.72184287239708], [51.20630946844387, 35.72160847664651], [51.20597786311037, 35.721609044780394], [51.20597855899471, 35.72187944194615], [51.206274165099835, 35.72187917390349], [51.20630554800495, 35.7219000509292], [51.20631062302045, 35.72211329770289], [51.20627868090853, 35.72214869463896], [51.205672170857405, 35.72214746065519], [51.20564760962395, 35.7221144969051], [51.20564676893848, 35.721880101257746], [51.20498346402095, 35.72188123302823], [51.20498470105787, 35.72238213106524], [51.20496699127961, 35.7224154472569], [51.204321448352566, 35.72242333947791], [51.20432180782174, 35.72265767178809], [51.20428205861639, 35.72269385056509], [51.20400206483593, 35.722682621885376], [51.20398965567632, 35.72242390226735], [51.20332634618207, 35.72242502491796], [51.20332739002114, 35.72292984651986], [51.2032954470159, 35.72296524221289], [51.20301055810075, 35.72295742241992], [51.20299523963138, 35.722696074105166], [51.202663629721144, 35.7226966331197], [51.20266499948611, 35.723237519414454], [51.20366001983853, 35.72323583947188], [51.203659662294235, 35.72300150697205], [51.20368779701956, 35.722967072423806], [51.20465444029321, 35.722963662150484], [51.20465407984453, 35.72272932980702], [51.20468221427061, 35.72269489488085], [51.20598055573575, 35.72269090931719], [51.205980191412, 35.7224565771867], [51.206004629987035, 35.7224234719415], [51.206614949754275, 35.72242109799341], [51.20664320763261, 35.722455376036656], [51.20662934263545, 35.72268075385595], [51.20631234980959, 35.72269043299736], [51.20631374423513, 35.723231319169365], [51.20696807428605, 35.723244850697576], [51.20696314321032, 35.72349165098141], [51.2066461470944, 35.723501331029226], [51.20664749546848, 35.72404128172761], [51.20697915922247, 35.724041647103796], [51.20699316853144, 35.72378026800425], [51.20764187203221, 35.723770015208125], [51.207641502822334, 35.72353568341264], [51.20766963634786, 35.72350124734596], [51.20863632899421, 35.723496868490315], [51.20863558050154, 35.72322740798241], [51.20831850785856, 35.72321884140224], [51.20830317243371, 35.72295749358589], [51.20800756173449, 35.72295776654031], [51.20797820321264, 35.72294025056677], [51.207970766608284, 35.7226875782515], [51.20732851981823, 35.72268392245738], [51.207307507961566, 35.72265262970401], [51.20730666240361, 35.72241823384959], [51.20701105407951, 35.72241850434756], [51.20698169565467, 35.722400988044164], [51.20698343503088, 35.72216289333763], [51.20796936034104, 35.72214650816423], [51.20796899020896, 35.721912176346905], [51.20799342819042, 35.72187907042067], [51.20861098965521, 35.7218796713161], [51.2086320018297, 35.72191096363626], [51.208628021962845, 35.72212424871754], [51.20859669301843, 35.7221452755453], [51.20830115211975, 35.72214602636944], [51.20830185586705, 35.72241642347126], [51.20927917048641, 35.7224215076466], [51.2092970163318, 35.722454707674984], [51.20929908001256, 35.723226163954195], [51.20993778179353, 35.72322813875328], [51.20996234423341, 35.7232611009884], [51.20996135291245, 35.72346713038635], [51.20992311660074, 35.72349561308934], [51.20929978783325, 35.723496744913135], [51.20930016189636, 35.723731076322856], [51.209268220681665, 35.723766474512836], [51.20863708295553, 35.72376838592466], [51.208629319877616, 35.72429469423284], [51.20830678504309, 35.72430993853441], [51.20830715621813, 35.72454427007472], [51.20827902280918, 35.72457870641677], [51.20764407004586, 35.72458157407456], [51.207645141219814, 35.72508639466681], [51.20761700761197, 35.72512083075843], [51.20667864949786, 35.72512244983576], [51.20665039152992, 35.725088171783675], [51.206648612255194, 35.7248537317951], [51.20631792906321, 35.72485434523872], [51.20631829442927, 35.725088677092316], [51.20629016042178, 35.7251231126785], [51.20566418909351, 35.72511129910142], [51.20566289295482, 35.72459956954091], [51.20598542970143, 35.724584332610426], [51.205985065321514, 35.72435000057138], [51.206009503893036, 35.724316895318815], [51.206316441899695, 35.724313275352564], [51.20631504740013, 35.7237723892781], [51.206019433596715, 35.72377265735632], [51.205990075269376, 35.72375514072872], [51.205981948582846, 35.723231979423446], [51.20531863247203, 35.72323311307845], [51.205304617802426, 35.72349449203484], [51.204655916148944, 35.72350473221517], [51.20465627662075, 35.723739064416655], [51.20462433401437, 35.723774460667336], [51.20332978264495, 35.72377747047276], [51.203333758823675, 35.725360324786976], [51.2033054410667, 35.72539868252183], [51.202378687425075, 35.72540196892408], [51.202341700501115, 35.725377361912095], [51.202346479293276, 35.724875681755805], [51.20300072885809, 35.72485989483175], [51.20300004295897, 35.724589497749925], [51.20134158622552, 35.72459228411891], [51.20134110560724, 35.725104804380976], [51.20130679005175, 35.725133083850835], [51.20101123546508, 35.725133816802575], [51.20101226482931, 35.725638638585735], [51.20097643713599, 35.72567461639813], [51.2000385175925, 35.725671653802195], [51.20001730564891, 35.725636440712655], [51.20001615331487, 35.72517546236554], [51.20005216420915, 35.72513556177281], [51.200347719135266, 35.725134831266686], [51.20034737124422, 35.724900498293856], [51.20037181149942, 35.72486739497511], [51.20067875277564, 35.72486378947181], [51.200678403921515, 35.72462945654234], [51.200699296857536, 35.724598039097515], [51.20100978417338, 35.72459274676134], [51.20100910500789, 35.72432234963426], [51.20071348966181, 35.72432260467725], [51.20067734194166, 35.724282890913564], [51.20067704719196, 35.7240884783403], [51.2006945753511, 35.72405908663031], [51.20100842520369, 35.72405176857194], [51.2010070665941, 35.72351088229529], [51.20001204265791, 35.72351254031177], [51.19999801105051, 35.72377391894269], [51.199349305870086, 35.72378413027761], [51.19934965081665, 35.72401846336889], [51.199325210186835, 35.724051566366754], [51.19868656457034, 35.724055716595736], [51.198688753593785, 35.72565019368276], [51.19865443749136, 35.72567847205494], [51.19835888016941, 35.72567919849651], [51.19835922225757, 35.72591353166563], [51.19833478133386, 35.72594663432897], [51.198027835279206, 35.72595023390865], [51.198028002999024, 35.726733243575076], [51.1979936867604, 35.72676152167653], [51.19769812483285, 35.72676224650808], [51.197698465009964, 35.72699657973777], [51.19767757113982, 35.72702799630785], [51.19673575338824, 35.727033500035475], [51.196703690935955, 35.726998271607854], [51.19670377077288, 35.72679605467563], [51.196739032606004, 35.72676396513416], [51.19703459487262, 35.72676324274839], [51.19703340739479, 35.726262343419094], [51.19705448454623, 35.72622700388413], [51.19769669586578, 35.72622117650335], [51.19769851440133, 35.725704954798026], [51.19773151595643, 35.725680377741426], [51.19802707355581, 35.725679652930474], [51.198026404441435, 35.72540925580319], [51.196367930213654, 35.725411973678085], [51.19637035481596, 35.72673214985667], [51.19633509280023, 35.726764239249235], [51.19603948683269, 35.726765896508944], [51.19604284408468, 35.72811731322237], [51.19635677922016, 35.728123581627294], [51.19637441881195, 35.728152867119825], [51.19637490521047, 35.72835119767642], [51.19633907615364, 35.728387173397074], [51.196043507194005, 35.72838789418304], [51.19604450537223, 35.728892716590096], [51.19601636827396, 35.72892714827409], [51.1954212982355, 35.72892984032701], [51.19538599770005, 35.72890877334742], [51.195395331051586, 35.728668481133695], [51.19571235098868, 35.72865883126128], [51.19571168962308, 35.72838843423057], [51.195048330340526, 35.728389511404366], [51.195037187756554, 35.72864824617526], [51.19475718427495, 35.72866042697686], [51.19471732155936, 35.728624442560985], [51.1947165127432, 35.72839004870815], [51.194420881401875, 35.72839028833351], [51.194386484627074, 35.728362172984845], [51.19438445627976, 35.728156159246474], [51.19440535105077, 35.72812474371317], [51.195047578635084, 35.728118930486765], [51.19506162595221, 35.727857552277655], [51.195378642597795, 35.727847903310895], [51.19537830919391, 35.72761356962329], [51.19540275093073, 35.7275804680028], [51.19570970431755, 35.72757687521903], [51.19570771972217, 35.72676550002082], [51.19541209498185, 35.726765742062824], [51.19538273769179, 35.72674822194232], [51.19537467984611, 35.72622506088434], [51.19504305515295, 35.72622559894186], [51.19503454403996, 35.7264814183464], [51.19471199673539, 35.726496625249936], [51.194712328166126, 35.72673095899931], [51.19468788615382, 35.72676406041285], [51.19438093607504, 35.72676765064206], [51.19436688655905, 35.727029028790355], [51.194049873171856, 35.727038675118145], [51.19405020267576, 35.72727300895399], [51.19402576046622, 35.72730611014172], [51.193718808025814, 35.72730969867821], [51.19370831612294, 35.72783892252897], [51.19338839444114, 35.72785121038823], [51.19338221113422, 35.72810387031256], [51.19335289208967, 35.728121518664366], [51.193057323696515, 35.728122232109214], [51.19305765031753, 35.72835656606172], [51.19303675509294, 35.72838798121891], [51.1927262507089, 35.72839325291407], [51.19272657636637, 35.72862758690979], [51.19270904591885, 35.728656976538865], [51.19239517547827, 35.72866427280277], [51.192396761257406, 35.728934714313716], [51.192727461619846, 35.728934139078625], [51.1927271359541, 35.72869980499307], [51.19276688835915, 35.72866363183035], [51.19304690694915, 35.72867488724605], [51.19305928151239, 35.728933607251776], [51.19372264538474, 35.728932541030005], [51.193736696915224, 35.72867116293691], [51.194025404253225, 35.72866332977412], [51.19405365837081, 35.72869761260706], [51.194054465251156, 35.72893200645938], [51.194350098949094, 35.72893176763861], [51.194379456061206, 35.72894928810503], [51.194380013292054, 35.72918422282242], [51.19434677194726, 35.729202070647574], [51.19339166359326, 35.729203655535414], [51.19339199121545, 35.72943798937967], [51.19335223889128, 35.72947416286111], [51.19242924768457, 35.72947487463228], [51.192397186511876, 35.7294396444094], [51.19239638447413, 35.72920525091488], [51.19206474736629, 35.72920578080136], [51.19205622693579, 35.729461600106404], [51.19173366653663, 35.729476798850705], [51.19173398931079, 35.72971113296303], [51.19170954641181, 35.72974423336227], [51.19140258346384, 35.7297478159838], [51.19138852450149, 35.73000919381853], [51.191071498147906, 35.73001883220063], [51.19107181899473, 35.73025316639933], [51.191047375898485, 35.73028626657268], [51.19074041058877, 35.73028984750115], [51.190737520911384, 35.73108011246399], [51.19070618961895, 35.731101132854214], [51.19041060840584, 35.73110183983117], [51.190410058168965, 35.731614361103716], [51.19037574035979, 35.73164263606123], [51.19008015684355, 35.73164334223262], [51.19007227293887, 35.73216965037312], [51.189749700820215, 35.73218484369145], [51.18975162538063, 35.73299621844192], [51.19006873556038, 35.73300483459904], [51.1900808605467, 35.73324151980227], [51.190043935266885, 35.73326629289579], [51.1894205213618, 35.73326732198938], [51.189421161582594, 35.73353771890042], [51.19040176822171, 35.73354528781958], [51.19041286655497, 35.73405601571784], [51.19037761285435, 35.734077235006545], [51.189754192293904, 35.734078265848794], [51.189752323019285, 35.73459448766541], [51.18971932004601, 35.73461906163665], [51.189423724076455, 35.73461976623043], [51.18942404019305, 35.73485410048908], [51.189384286737926, 35.7348902720571], [51.18876984942623, 35.73487662707821], [51.18877483421339, 35.73462982834335], [51.18909188022859, 35.73462019614355], [51.18909064981435, 35.7340802458715], [51.18875894428156, 35.73407983127018], [51.18875838361074, 35.73459235250997], [51.18872406546116, 35.73462062679097], [51.18842846930754, 35.734621328938736], [51.18842290786786, 35.73514447759246], [51.18839358832867, 35.73516212432241], [51.18809798987158, 35.7351628256644], [51.18809571061129, 35.736223579018606], [51.188064378971006, 35.736244598466364], [51.18776877596817, 35.736245299012054], [51.187769087271846, 35.73647963347351], [51.187744643195145, 35.7365127325297], [51.187437651501284, 35.7365163050561], [51.18743708248428, 35.737028826264435], [51.1874027640624, 35.73705710000428], [51.18710715757346, 35.73705779893345], [51.18710158764681, 35.737580947445636], [51.187072267975616, 35.73759859374442], [51.18677665918298, 35.73759929186766], [51.18676321730715, 35.73813115777348], [51.18644615632969, 35.7381407838587], [51.186446786610375, 35.73841118059636], [51.186763918705566, 35.73841980554832], [51.1867791856776, 35.73868115470707], [51.18711086218478, 35.73868063927251], [51.187110229652916, 35.73841024255724], [51.186793097614064, 35.738401618449], [51.186780981958435, 35.738164932875], [51.18681398533682, 35.738140360038784], [51.18710959652608, 35.73813966190661], [51.18712366898045, 35.73787828462896], [51.18740860739782, 35.73786952065804], [51.187440667007685, 35.73790475291734], [51.1874420886523, 35.73840963413818], [51.18773776075251, 35.738409411460616], [51.18777370237634, 35.7384452129285], [51.18777625652131, 35.73945108597626], [51.187755176172175, 35.73948642263908], [51.187133920949144, 35.73948739977562], [51.18711271335398, 35.73945218260479], [51.1871114953285, 35.73895121989873], [51.18677981769841, 35.738951735338404], [51.186782344361355, 35.74003359793388], [51.187096327528735, 35.740039890674296], [51.187113964541645, 35.74006917862173], [51.18711461183058, 35.74026358568933], [51.18707859642983, 35.740303480333594], [51.186451201213224, 35.740304693111135], [51.186453723556255, 35.74138655548306], [51.1867708680022, 35.74139518037802], [51.186771430095355, 35.741647509844995], [51.18613711717151, 35.741648510227684], [51.18612059309241, 35.740846184060764], [51.185824911265456, 35.74084640270085], [51.1857905162463, 35.74081828381847], [51.18578876632625, 35.7400635950712], [51.18582308499184, 35.74003532199776], [51.18611870421403, 35.74003462627893], [51.18611807500486, 35.73976422960935], [51.18578639398322, 35.73976474232005], [51.18577231729556, 35.74002611936136], [51.18545524825632, 35.74003574281347]], [[51.236872824560656, 35.73751109592198], [51.23655568800985, 35.73750260530022], [51.236549441690826, 35.737255838283474], [51.23752101209891, 35.7372483512366], [51.237528868008965, 35.738036093814], [51.23688905272749, 35.738042928266694], [51.236872824560656, 35.73751109592198]], [[51.23555055381114, 35.73913653626923], [51.235550102532464, 35.73890221000746], [51.23557453225097, 35.7388690945566], [51.23617337940606, 35.73886487193487], [51.23621325376674, 35.738900836080454], [51.23621418438982, 35.73913523531842], [51.23653424083268, 35.73914635415425], [51.23654070587903, 35.739657820558456], [51.236511391107896, 35.73967548317186], [51.23621578264158, 35.73967630283816], [51.236217380174786, 35.740217186386374], [51.23685622587981, 35.74021901734174], [51.2368807963292, 35.74025197024697], [51.236869918625864, 35.74047470886124], [51.235918518617176, 35.740487540344695], [51.23588644449871, 35.74045232837519], [51.2358855148015, 35.74021792934207], [51.23556545409002, 35.74020680866903], [51.23555214757373, 35.73967760381474], [51.23525646374119, 35.73967794399612], [51.23522030426226, 35.739638246426175], [51.23522563241962, 35.739155015675465], [51.23525494724272, 35.73913735347679], [51.23555055381114, 35.73913653626923]], [[51.23657546852269, 35.73561820867582], [51.236535593962664, 35.735582244679584], [51.23654647268165, 35.735359505950555], [51.2368547948493, 35.7353588713485], [51.23685549836536, 35.73560592797403], [51.23657546852269, 35.73561820867582]], [[51.236190682727155, 35.73615085305808], [51.23555641753392, 35.73615211840932], [51.23555017421141, 35.73590535124013], [51.236195526838294, 35.73590405172204], [51.236190682727155, 35.73615085305808]], [[51.23487764642459, 35.73593206392229], [51.23491364536604, 35.735892147050386], [51.235191547868986, 35.735898144326605], [51.23520940222992, 35.735931337030905], [51.235203278379444, 35.73614408016246], [51.23517004071999, 35.736161942842436], [51.23489606012226, 35.73615574502142], [51.234878409687916, 35.73612646984335], [51.23487764642459, 35.73593206392229]], [[51.23190125293473, 35.73918371032852], [51.23193725289247, 35.73914379482948], [51.232232860094605, 35.73914298577622], [51.23223241853091, 35.738908658941206], [51.23226435276405, 35.73887325112894], [51.23322737949923, 35.738870572674685], [51.2332413046025, 35.73860919274226], [51.23355835783221, 35.738599441241625], [51.23356362549901, 35.738076295769744], [51.23359294048639, 35.738058634121984], [51.2338885428876, 35.738057821015275], [51.23388809650286, 35.73782349441406], [51.23392003024048, 35.73778808591421], [51.23418351978443, 35.737786996175814], [51.23421490629245, 35.73780786307696], [51.23422102883174, 35.738287670271184], [51.23418502956512, 35.738327586856386], [51.23388942626013, 35.73832840078491], [51.23389021692731, 35.73859879669034], [51.23451374481584, 35.738597628847465], [51.23455303206931, 35.738629714959515], [51.23455499320128, 35.739102411118886], [51.234523059571046, 35.739137819913516], [51.23392010634521, 35.739138042988266], [51.23389184021524, 35.739103775394405], [51.23389091639668, 35.73886937657707], [51.233559240103226, 35.73887002099334], [51.23356081962345, 35.73941090471731], [51.233856502276666, 35.739410568620016], [51.233890907020665, 35.73943866754215], [51.23389382803324, 35.73991516640309], [51.233861894205475, 35.73995057492459], [51.23259169227518, 35.739950765624044], [51.232567123030904, 35.73991781120503], [51.23256620307355, 35.73968341260276], [51.232249058209334, 35.739674910462284], [51.2322336459342, 35.7394135655996], [51.231919658640074, 35.73940739215795], [51.23190200903405, 35.73937811619069], [51.23190125293473, 35.73918371032852]], [[51.234217068167716, 35.73693523079133], [51.234181068898216, 35.736975147368994], [51.233921467195024, 35.736975652840165], [51.23389210615267, 35.73695814544836], [51.23388396016131, 35.73647497843857], [51.23390166033453, 35.73644165416096], [51.23417564060677, 35.73643437181855], [51.23420892020767, 35.73645206387419], [51.234217068167716, 35.73693523079133]], [[51.232850182955495, 35.73697792319841], [51.23289005637459, 35.73701388897283], [51.23287916772318, 35.73723662702613], [51.23257083778775, 35.73723725100122], [51.2325701469506, 35.73699019437128], [51.232850182955495, 35.73697792319841]], [[51.23222359774673, 35.735937215156206], [51.232259597597626, 35.735897299520566], [51.2325375001504, 35.73590330302182], [51.2325553536415, 35.735936496472526], [51.23254922282416, 35.73614923928747], [51.23251598492462, 35.73616710100265], [51.232242004253806, 35.73616089704586], [51.2322243545621, 35.73613162115581], [51.23222359774673, 35.735937215156206]], [[51.23189647678867, 35.7375206981589], [51.232192151367514, 35.73752036618208], [51.23222655577182, 35.737548465801716], [51.232231257680255, 35.73884031559311], [51.232196004595586, 35.73887242065817], [51.231900398668444, 35.73887322970604], [51.23190083925983, 35.739107556495526], [51.231879955401816, 35.73913898354062], [51.2316015282354, 35.739143481057276], [51.23156945540194, 35.73910826727398], [51.231570921083375, 35.73862804843317], [51.231603916987176, 35.73860345814814], [51.23189952201043, 35.73860264992205], [51.23189878671225, 35.73833318929469], [51.231603060323906, 35.73833258515609], [51.23156865595737, 35.73830448527332], [51.231573017862765, 35.737265518751045], [51.23188106569849, 35.73725935309743], [51.23189647678867, 35.7375206981589]], [[51.231878511487174, 35.731339556808955], [51.23191451146144, 35.73129964135323], [51.23219239495313, 35.7313056457326], [51.232210248322886, 35.73133883929455], [51.23220411649862, 35.7315515822672], [51.23217087857142, 35.73156944384539], [51.2318969169579, 35.731563239022606], [51.23187926736917, 35.73153396302688], [51.231878511487174, 35.731339556808955]], [[51.230555461014696, 35.73269454750488], [51.230591461440774, 35.732654632659724], [51.2311977237579, 35.73265799390389], [51.231218742505675, 35.73268927927304], [51.23121965833973, 35.732923678089115], [51.231536775090674, 35.732932183014064], [51.231547349028425, 35.73317241578778], [51.23151210036052, 35.733193651311254], [51.230888695792366, 35.733194895248126], [51.23087476303006, 35.73345627522486], [51.230578791572476, 35.73346121563781], [51.23055756928228, 35.73342601232411], [51.230555461014696, 35.73269454750488]], [[51.23121738275853, 35.73215229809688], [51.231253382958414, 35.73211238294569], [51.23153126982687, 35.732118388863434], [51.23154912298142, 35.73215158260878], [51.23154298943977, 35.732364325467366], [51.23150975145212, 35.73238218680729], [51.231235786456196, 35.73237598046826], [51.231218137051314, 35.732346704297534], [51.23121738275853, 35.73215229809688]], [[51.23121636948632, 35.73180173267883], [51.231180369182894, 35.731841647837335], [51.23090248369909, 35.73183564110135], [51.230884630705795, 35.73180244712902], [51.23089076598198, 35.73158970436154], [51.23092400394238, 35.73157184323062], [51.231197965862435, 35.7315780503185], [51.231215615209166, 35.73160732645974], [51.23121636948632, 35.73180173267883]], [[51.22691073488348, 35.73428442125694], [51.22659361335406, 35.734275903858894], [51.22658739665712, 35.73402913579391], [51.228568708436036, 35.73401070156038], [51.22856827772813, 35.73377637384574], [51.2285964049385, 35.733741929771995], [51.229894923836, 35.73373768531345], [51.22989448925201, 35.73350335781438], [51.229918920667885, 35.73347024432395], [51.23051772321961, 35.73346605010191], [51.23055700952272, 35.73349813811287], [51.23055244317555, 35.7339891655546], [51.23052312781351, 35.73400682617891], [51.23022754174729, 35.734007631044484], [51.23021806807598, 35.734807342530466], [51.22989812584375, 35.73481972973273], [51.22989205671943, 35.73507238758805], [51.229862741291264, 35.73509004799711], [51.22956715061526, 35.73509085125545], [51.229567584280865, 35.73532517862994], [51.22953945728837, 35.73535962310844], [51.22857266550128, 35.73536323414554], [51.22857309626181, 35.735597561678404], [51.22854116083465, 35.735632967960704], [51.227949844179875, 35.73563485918698], [51.22791285326902, 35.73561026303189], [51.22792377839838, 35.735373509211556], [51.228240819335035, 35.735363772022026], [51.22823927602187, 35.73482288773038], [51.22659514577407, 35.734816880223015], [51.22659446398216, 35.73456455108969], [51.22691150184521, 35.73455481747739], [51.22691073488348, 35.73428442125694]], [[51.22985267649839, 35.732926343030755], [51.22989254906703, 35.73296231028361], [51.2298816521579, 35.7331850479843], [51.229573338955326, 35.73318566385329], [51.229572657117906, 35.73293860698706], [51.22985267649839, 35.732926343030755]], [[51.227903670637915, 35.733470983733305], [51.22791761288905, 35.73320960385596], [51.228220109304694, 35.73320900926958], [51.22822710259929, 35.73372626541439], [51.22758176778062, 35.73372752095964], [51.22758663747606, 35.73348071998902], [51.227903670637915, 35.733470983733305]], [[51.226217266805676, 35.737802045334654], [51.22625713834747, 35.73783801434128], [51.226257698960765, 35.73803634400255], [51.22623326638755, 35.73806945628331], [51.225634425881864, 35.73807362923394], [51.22559743533325, 35.73804903210584], [51.22559399544722, 35.737839330239346], [51.22561842814341, 35.737806218211304], [51.226217266805676, 35.737802045334654]], [[51.22625558509135, 35.737220956283366], [51.22621958309414, 35.73726086915346], [51.22595998002666, 35.73726135743453], [51.2259306197608, 35.73724384741605], [51.225922521571285, 35.73676067905822], [51.225940224368394, 35.73672735700688], [51.226214206037945, 35.73672009306818], [51.22624748493312, 35.73673778801772], [51.22625558509135, 35.737220956283366]], [[51.22618896092778, 35.72779397942183], [51.226228832456854, 35.72782994848181], [51.22622566401572, 35.72831372311784], [51.22619433737669, 35.72833475631392], [51.225919835733514, 35.72833074726724], [51.225898615028235, 35.72829554244866], [51.225901988892424, 35.72781568563034], [51.225933315488646, 35.727794652535], [51.22618896092778, 35.72779397942183]], [[51.225578330520165, 35.73235341492663], [51.225542328285655, 35.732393327461466], [51.22528274539164, 35.73239381421446], [51.2252533851891, 35.73237630396119], [51.225245291307026, 35.731893135039996], [51.22526299433592, 35.731859813192656], [51.225536955830954, 35.731852550889954], [51.22557023466983, 35.731870246097564], [51.225578330520165, 35.73235341492663]], [[51.223287528477336, 35.738357587012146], [51.224253579106886, 35.73835576948852], [51.22426054748807, 35.738873025597535], [51.223634496108545, 35.73888711117643], [51.22360623305517, 35.73885283964975], [51.223605339380434, 35.73861844223047], [51.223282646143, 35.73860438752997], [51.223287528477336, 35.738357587012146]], [[51.22394265176385, 35.75484711445907], [51.22398252266958, 35.75488308450851], [51.223979342036465, 35.755366856610706], [51.22394801509196, 35.75538788906733], [51.223673401175574, 35.75538387522099], [51.22365218118565, 35.75534866977292], [51.22365556714722, 35.75486881551165], [51.22368689404885, 35.754847783155896], [51.22394265176385, 35.75484711445907]], [[51.22331814254216, 35.7545777407148], [51.22333209890405, 35.75431636206254], [51.22363468300618, 35.75431577909231], [51.223641648269876, 35.754833033820226], [51.22236340264486, 35.754850044053555], [51.222324118188475, 35.75481795226028], [51.222322980894475, 35.75461574423093], [51.22235491808535, 35.7545803405018], [51.22331814254216, 35.7545777407148]], [[51.22356879174737, 35.73076517472935], [51.22293457063575, 35.73076637220446], [51.222928364870626, 35.73051960365025], [51.223573673421654, 35.73051837384342], [51.22356879174737, 35.73076517472935]], [[51.2219559591126, 35.736737113624024], [51.22259022998678, 35.736735921213956], [51.22260561138077, 35.73699726716645], [51.22290128251387, 35.73699695804288], [51.22293064240829, 35.737014469071184], [51.22292894951294, 35.73725256338976], [51.22230291141447, 35.73726664188137], [51.22227464876104, 35.73723236984008], [51.22227375902666, 35.73699797253565], [51.221951072791164, 35.73698391414033], [51.2219559591126, 35.736737113624024]], [[51.22262219509932, 35.728612100826275], [51.22258232449252, 35.728576129996966], [51.22259324137906, 35.72835339341823], [51.22290153482406, 35.72835279634131], [51.22290219673447, 35.72859985353149], [51.22262219509932, 35.728612100826275]], [[51.22196472026824, 35.74346912099385], [51.22197247442184, 35.74268785041472], [51.22228056449681, 35.74269279974562], [51.22229173761986, 35.74344960143952], [51.22227066902462, 35.743484949093606], [51.22199610527605, 35.74348999229095], [51.22196472026824, 35.74346912099385]], [[51.22195164251952, 35.75485080448381], [51.22199151286148, 35.75488677550503], [51.22198059489979, 35.75510951087499], [51.221672190537944, 35.75511010592462], [51.22167153166535, 35.754863049907556], [51.22195164251952, 35.75485080448381]], [[51.22134318640414, 35.74592579045291], [51.22130311292281, 35.7458859012351], [51.22130201898895, 35.74542100189285], [51.221326452959254, 35.74538789131439], [51.22160886336557, 35.74538736433042], [51.22163342929493, 35.74542032247435], [51.22163431735312, 35.74565471944186], [51.221930024298054, 35.74565441258544], [51.221963095463884, 35.74567882609358], [51.22196652605426, 35.74588852787412], [51.22194209220748, 35.74592163870655], [51.22134318640414, 35.74592579045291]], [[51.22163288296558, 35.74515382688239], [51.221668886435346, 35.74511391614345], [51.22194682732591, 35.74511994435383], [51.22196467736151, 35.7451531407556], [51.221958518936944, 35.745365881903425], [51.22192528007278, 35.74538373979075], [51.22165126097284, 35.74537751148002], [51.22163361423262, 35.74534823277417], [51.22163288296558, 35.74515382688239]], [[51.22162913421923, 35.743801387735466], [51.221665137691716, 35.74376147700367], [51.221943072971214, 35.74376750524216], [51.22196092300327, 35.74380070164897], [51.22195476454044, 35.74401344285495], [51.22192152567694, 35.744031300737674], [51.22164751218783, 35.744025072399104], [51.22162986545045, 35.74399579368857], [51.22162913421923, 35.743801387735466]], [[51.22159580845494, 35.74619581454528], [51.22163567869217, 35.7462317857737], [51.221624759574155, 35.74645452145239], [51.22131639112956, 35.74645511540475], [51.221315733512164, 35.74620805899165], [51.22159580845494, 35.74619581454528]], [[51.220662882684124, 35.754352235029415], [51.220702809102946, 35.754312124667145], [51.22131740862551, 35.754325603654664], [51.22131252080251, 35.75457240335864], [51.22099535537785, 35.75458305892093], [51.220996146345726, 35.75485251776309], [51.22131335246226, 35.75486104977647], [51.22131401882006, 35.755113378087785], [51.22069336748912, 35.75512188788333], [51.22066510529922, 35.755087615288154], [51.2206642198566, 35.75485321895565], [51.220341459815835, 35.7548391564088], [51.220338483095155, 35.75460107776555], [51.220367799403256, 35.75458342044304], [51.220663472741855, 35.75458263961136], [51.220662882684124, 35.754352235029415]], [[51.22092349184998, 35.72857519448376], [51.22088748801678, 35.7286151048355], [51.22060961580794, 35.72860907391423], [51.220591766193536, 35.72857587703856], [51.220597928551776, 35.72836313536407], [51.220631167440715, 35.72834527798203], [51.22090511617675, 35.72835150890831], [51.22092276263906, 35.72838078781877], [51.22092349184998, 35.72857519448376]], [[51.22065370143102, 35.75102631150891], [51.220617697529114, 35.75106622182413], [51.220018528762175, 35.751065791611246], [51.21999026677825, 35.75103151874405], [51.21999123180913, 35.7508254903572], [51.22002946604034, 35.7507970030508], [51.220624710337006, 35.750797633257925], [51.220652972433975, 35.75083190585225], [51.22065370143102, 35.75102631150891]], [[51.220355992101986, 35.74890298257594], [51.22031612212746, 35.74886701071969], [51.22032704475303, 35.748644275411344], [51.22063542242299, 35.74864368407553], [51.220636078066015, 35.748890740390785], [51.220355992101986, 35.74890298257594]], [[51.220284840379975, 35.73758260045456], [51.22032084431962, 35.73754269037384], [51.22059875381571, 35.737548721854346], [51.220616603396444, 35.737581918657575], [51.22061044127393, 35.73779465997154], [51.220577202293505, 35.73781251735063], [51.22030321457504, 35.73780628581591], [51.22028556822219, 35.7377770067278], [51.220284840379975, 35.73758260045456]], [[51.220277390810914, 35.73487771819854], [51.22031339475598, 35.73483780813201], [51.220591293034474, 35.73484383966839], [51.220609142608154, 35.734877036481656], [51.2206029804096, 35.73508977791196], [51.220569741430495, 35.73510763528189], [51.22029576492913, 35.735101403691836], [51.220278118581945, 35.73507212459441], [51.220277390810914, 35.73487771819854]], [[51.21994415124872, 35.73433734842281], [51.21998015530851, 35.73429743851366], [51.22027574460146, 35.73429665891664], [51.22027533816668, 35.734062329788784], [51.22029977245707, 35.73402921959954], [51.220570750162906, 35.73402586718218], [51.22060382110705, 35.73405028125438], [51.22060817594149, 35.73452654846842], [51.22058355965792, 35.73456358230376], [51.21997314015342, 35.73456602779373], [51.21994487819958, 35.734531754852696], [51.21994415124872, 35.73433734842281]], [[51.220273666398604, 35.733525276613086], [51.22030967034637, 35.73348536655365], [51.22058756301662, 35.73349139811795], [51.220605412586785, 35.73352459493622], [51.22059925035022, 35.7337373364247], [51.22056601137177, 35.73375519379006], [51.2202920404784, 35.733748962172335], [51.22027439413404, 35.733719683070255], [51.220273666398604, 35.733525276613086]], [[51.22030905027723, 35.731862236368805], [51.22026918032383, 35.73182626442406], [51.22028010344157, 35.73160352839241], [51.22058841041646, 35.731602937462455], [51.22058906553196, 35.731849994546096], [51.22030905027723, 35.731862236368805]], [[51.2202993687726, 35.7283458858869], [51.22025949882356, 35.728309913923916], [51.220270422042795, 35.72808717774302], [51.22057871443721, 35.72808658689677], [51.2205793694439, 35.72833364413895], [51.2202993687726, 35.7283458858869]], [[51.21998656199149, 35.74975516267345], [51.22002256602049, 35.749715252683515], [51.22030052601986, 35.74972128469112], [51.22031837552353, 35.74975448154253], [51.22031221287192, 35.74996722229293], [51.220278973855564, 35.74998507959259], [51.22000493563307, 35.74997884753951], [51.219987289347614, 35.74994956840433], [51.21998656199149, 35.74975516267345]], [[51.219696831033936, 35.75052712204079], [51.21965696124531, 35.750491149869134], [51.219667885633, 35.75026841474688], [51.21997627005908, 35.750267825152335], [51.21997692378021, 35.750514881405685], [51.219696831033936, 35.75052712204079]], [[51.219653740041274, 35.7348388213269], [51.21961387027205, 35.734802849074], [51.219624795111535, 35.73458011328571], [51.21993311444587, 35.734579524063705], [51.21993376768276, 35.73482658102449], [51.219653740041274, 35.7348388213269]], [[51.21989143555963, 35.729699081593346], [51.21993130530671, 35.729735053716766], [51.219920381191265, 35.72995778980305], [51.21961208114046, 35.729958378914525], [51.21961142896092, 35.72971132172916], [51.21989143555963, 35.729699081593346]], [[51.21963740389166, 35.72888807583781], [51.2195975341298, 35.72885210355411], [51.21960074246525, 35.728368329370404], [51.219632069888156, 35.72834729854847], [51.21990657198255, 35.72835132211024], [51.21992779060108, 35.72838652879854], [51.219924381091076, 35.72886638517763], [51.219893053625356, 35.728887416100285], [51.21963740389166, 35.72888807583781]], [[51.21966493407318, 35.753462521010825], [51.219628929835025, 35.7535024308748], [51.21935095437737, 35.753496397353594], [51.219333105133316, 35.75346320019672], [51.2193392702781, 35.75325045975257], [51.21937250929906, 35.753232602768975], [51.219646561289025, 35.753238836255335], [51.21966420743196, 35.75326811543601], [51.21966493407318, 35.753462521010825]], [[51.21930419413575, 35.728347703708444], [51.219264324468476, 35.728311731260206], [51.21927525039835, 35.72808899525486], [51.21958354282292, 35.72808840707611], [51.2195841948745, 35.72833546433521], [51.21930419413575, 35.728347703708444]], [[51.21634963331068, 35.754590567334354], [51.21603242921243, 35.7545820219094], [51.21602624338416, 35.754335253825055], [51.216659670508946, 35.75432419237932], [51.216680685060815, 35.75435548213968], [51.216681558812006, 35.75458987804868], [51.21697730218784, 35.7545895832511], [51.21700666149484, 35.75460709619494], [51.217014127096604, 35.754859767323005], [51.218009540079755, 35.75485796735622], [51.21802351340388, 35.75459658902149], [51.21831232697142, 35.75458869585616], [51.2183405883803, 35.754622969321936], [51.218341467004166, 35.75485736544879], [51.218996061772074, 35.75487082973935], [51.21900477115594, 35.75536876579816], [51.21897045924527, 35.75539705268514], [51.21869247591705, 35.755391017645394], [51.21867482999191, 35.75536173817252], [51.21867395037789, 35.75512734212595], [51.218342206264026, 35.755127944822846], [51.218328233970944, 35.75538932308174], [51.218011061816235, 35.75539898812906], [51.21769380827984, 35.75539049318875], [51.21767844212092, 35.755129147668306], [51.217346697977554, 35.75512974761938], [51.21733562683363, 35.75538848164707], [51.217055513693026, 35.75540071604593], [51.217015644650175, 35.75536474260381], [51.2170147699005, 35.75513034678635], [51.21569650126302, 35.755118063251906], [51.215687031510214, 35.75489831316133], [51.21571146714829, 35.75486520448216], [51.2163503651218, 35.754860962833284], [51.21634963331068, 35.754590567334354]], [[51.21871173940516, 35.75431576115583], [51.21867186989377, 35.75427978851793], [51.21868279688637, 35.754057053732346], [51.21899119706188, 35.75405646671815], [51.218991847941226, 35.75430352281762], [51.21871173940516, 35.75431576115583]], [[51.21861863065608, 35.73488074322097], [51.21865463516939, 35.73484083392714], [51.218932533475886, 35.73484686935401], [51.21895038250585, 35.73488006663367], [51.21894421595326, 35.7350928078644], [51.218910976824176, 35.73511066463136], [51.21863700028029, 35.735104429206565], [51.21861935439732, 35.73507514966425], [51.21861863065608, 35.73488074322097]], [[51.21661258183781, 35.729164002918964], [51.21662656026035, 35.72890262349246], [51.216943576748186, 35.728892916693546], [51.21695464978982, 35.728634181386035], [51.21723857083934, 35.728622132923306], [51.21727472410364, 35.72866183890973], [51.21727686517363, 35.72943329529232], [51.21759396515144, 35.72944183767006], [51.21760933040284, 35.72970318441066], [51.2179409690418, 35.72970258410327], [51.217940569550436, 35.72946825435406], [51.21797250807683, 35.7294328525468], [51.218923796016625, 35.72944205887585], [51.21893831026228, 35.7307505510942], [51.218903053864864, 35.730782650335925], [51.21860747904534, 35.73078342660016], [51.21859715046487, 35.73131265025239], [51.21696189569428, 35.73131563569548], [51.21694978176497, 35.73109298388106], [51.216977912478995, 35.731058544243375], [51.217944653495714, 35.731055026746986], [51.21794391693656, 35.730784630204084], [51.21762681140479, 35.730776088699926], [51.21761460741174, 35.73053940836407], [51.21765152823907, 35.73051462360501], [51.21827491364086, 35.73051344842046], [51.218274175980255, 35.73024305185911], [51.21764291912093, 35.73024338161797], [51.217610850446555, 35.73020816195532], [51.21760997454087, 35.72997376499708], [51.216964296920445, 35.72996815132373], [51.216946651512316, 35.729938871319085], [51.216945777558415, 35.729704474441], [51.2166387520231, 35.72970194027506], [51.21661418752603, 35.729668980325336], [51.21661331455221, 35.72943458348167], [51.21631767583151, 35.729434876950876], [51.21628460550718, 35.729410461193794], [51.21629556415733, 35.72917370883451], [51.21661258183781, 35.729164002918964]], [[51.21760497919843, 35.728120335086416], [51.21764098406605, 35.72808042629124], [51.21826827188334, 35.72807905127623], [51.21826787147192, 35.727844721505186], [51.218299809901595, 35.72780931956701], [51.21890636670966, 35.727810489495965], [51.21893093181675, 35.727843448627745], [51.218926979259464, 35.72805673423573], [51.21889565166326, 35.7280777647962], [51.21860008804997, 35.72807854100494], [51.218600778266755, 35.72834800230245], [51.218917922450736, 35.72835747650097], [51.21893013012801, 35.72859415668331], [51.218893209411114, 35.72861894196958], [51.217631000835645, 35.72861819009692], [51.21760643604525, 35.728585230485564], [51.21760497919843, 35.728120335086416]], [[51.21804069699232, 35.75161209085485], [51.218000827672185, 35.751576117879125], [51.2180002872488, 35.75137778869503], [51.2180247221993, 35.75134467923198], [51.21863897780756, 35.751343557403914], [51.21866374596543, 35.75138043441049], [51.21866200051471, 35.75185673390398], [51.21862900236204, 35.751881319185244], [51.21835795283114, 35.75187896300755], [51.21833338779869, 35.75184600372079], [51.21833250926833, 35.75161160757339], [51.21804069699232, 35.75161209085485]], [[51.21829850243452, 35.75377553416878], [51.2183383717415, 35.75381150697713], [51.218338913050886, 35.75400983604691], [51.21831447812895, 35.754042945658895], [51.21771550479175, 35.75404707951453], [51.21767851548512, 35.75402247908029], [51.217675095897185, 35.7538127773098], [51.21769953094212, 35.75377966795075], [51.21829850243452, 35.75377553416878]], [[51.217615125062395, 35.73186718456908], [51.217298015093185, 35.731858642199285], [51.21729182601744, 35.731611873190396], [51.2179250644285, 35.73160080564189], [51.21794607932004, 35.73163209508109], [51.21794695624815, 35.731866492120844], [51.2182640664319, 35.731875032664604], [51.21827627231051, 35.73211171280241], [51.21823935148882, 35.73213649782257], [51.21764056582469, 35.73213454104524], [51.217616001027494, 35.732101581448354], [51.217615125062395, 35.73186718456908]], [[51.21004052250348, 35.75297872369075], [51.21004665320281, 35.75272606562943], [51.21007597052994, 35.75270841170801], [51.210371637956435, 35.752707656207484], [51.2103856357472, 35.75244627821705], [51.21103457623261, 35.75243600615646], [51.211034196442995, 35.75220167631402], [51.21107002106651, 35.75216569386911], [51.21233284771969, 35.75216499916902], [51.21236110733701, 35.752199274929886], [51.21236268698334, 35.752704157960764], [51.2126944211651, 35.75270357179098], [51.21269709286869, 35.751913312155324], [51.212732343761736, 35.75189208399632], [51.21335590752319, 35.75189093370827], [51.213354799005536, 35.75138611657704], [51.21339062294608, 35.75135013308284], [51.213674658561395, 35.75136113916215], [51.213687099161554, 35.75161985703984], [51.21400429064303, 35.751628408717856], [51.21401964496926, 35.75188975480371], [51.214342391492295, 35.75190383472465], [51.21433748291322, 35.75215063414846], [51.214020369517335, 35.7521603343887], [51.21402104494889, 35.75242979467133], [51.21435282639584, 35.75243013929865], [51.21436681146814, 35.75216876106437], [51.21468392490091, 35.75215905997922], [51.2146826256904, 35.75165816655194], [51.21470033216724, 35.7516248476028], [51.215677936740114, 35.75161630414512], [51.215677594552545, 35.75083330074049], [51.215711907053866, 35.750805015239195], [51.21600756556431, 35.75080424590714], [51.216007171242744, 35.750569916839126], [51.21603911033093, 35.750534515764855], [51.21630265306797, 35.75053346510992], [51.21633572330469, 35.75055788079896], [51.216340939761814, 35.75134462483117], [51.217304192265985, 35.75134370229643], [51.21733626078221, 35.75137892198582], [51.21733713638575, 35.75161331811062], [51.21796077028972, 35.75161223569454], [51.21800005361017, 35.751644329546096], [51.218001917604695, 35.752117025400395], [51.21797378714394, 35.752151465528726], [51.21700678382527, 35.75215498424979], [51.217007181113054, 35.752389312965455], [51.21696743554569, 35.75242549802754], [51.21637217791279, 35.7524248497488], [51.216343917018506, 35.752390575491695], [51.21634304430744, 35.752156179641794], [51.21601131247681, 35.75215677586687], [51.21600520040354, 35.752409433591566], [51.21597588358882, 35.75242708945859], [51.215680218501305, 35.752427858824], [51.21568061190885, 35.75266218775434], [51.215644788552204, 35.75269817231043], [51.215045605986106, 35.75269771732389], [51.21501734548849, 35.75266344256035], [51.21501647665992, 35.75242904690519], [51.214684743667604, 35.75242963947545], [51.21468513415863, 35.752663968576535], [51.21466424528402, 35.752695390404966], [51.214021817952386, 35.75270130959913], [51.21400783178946, 35.7529626877192], [51.21335888771686, 35.75297297607281], [51.21335927433581, 35.753207305375234], [51.21332733436209, 35.75324270536315], [51.21304231974311, 35.75323491025373], [51.2130269685067, 35.7529735642076], [51.21236340594345, 35.75297473753824], [51.212349414486205, 35.75323611554964], [51.21170046776151, 35.75324639488743], [51.211700849527695, 35.753480724461006], [51.21166890905696, 35.75351612375652], [51.211383893322214, 35.75350832463777], [51.21136854738062, 35.753246978450996], [51.2107059188208, 35.75324809496966], [51.2107053613256, 35.753482472384725], [51.210680924120965, 35.75351557937143], [51.210078036113245, 35.75351948953329], [51.210042087871834, 35.75348369822843], [51.21004123360966, 35.75324930329641], [51.209745496924135, 35.75324958092386], [51.20970954878004, 35.753213789466905], [51.209709028879345, 35.75301546022765], [51.20972655445994, 35.75298606603212], [51.21004052250348, 35.75297872369075]], [[51.21799988674454, 35.751301639231556], [51.21796388193358, 35.75134154831087], [51.21736471074642, 35.75134110486113], [51.217336449556235, 35.751306830979956], [51.217337421394355, 35.7511008026656], [51.21737565614982, 35.75107231654842], [51.21797090288991, 35.75107295990297], [51.21799916419315, 35.75110723351128], [51.21799988674454, 35.751301639231556]], [[51.217644098173935, 35.72780973784577], [51.21760422897694, 35.72777376458601], [51.217615159439944, 35.72755102885042], [51.21792344967155, 35.72755044513024], [51.21792409678141, 35.7277975024418], [51.217644098173935, 35.72780973784577]], [[51.217619477062165, 35.733450032740436], [51.21758347210227, 35.73348994157252], [51.21730557965119, 35.733483902971365], [51.21728773111148, 35.73345070518105], [51.21729390204025, 35.733237964115304], [51.21732714123149, 35.733220107922634], [51.21760111023756, 35.73322634641806], [51.217618755781686, 35.733255626201384], [51.217619477062165, 35.733450032740436]], [[51.21634612682557, 35.75327811997864], [51.216382132098275, 35.75323821167181], [51.21698131946427, 35.75323865997876], [51.217009580473565, 35.7532729339582], [51.21700860783607, 35.753478962182356], [51.21697037291196, 35.75350744814091], [51.21637510629682, 35.75350679990648], [51.2163468454006, 35.75347252565414], [51.21634612682557, 35.75327811997864]], [[51.21696824285606, 35.75269598544263], [51.21700811178584, 35.752731958904306], [51.21699718019193, 35.75295469348681], [51.21668878466282, 35.752955275133694], [51.216688140650334, 35.75270821893472], [51.21696824285606, 35.75269598544263]], [[51.21297581106362, 35.73376891397855], [51.212658693970084, 35.733760359192594], [51.21265251860999, 35.733513589857026], [51.21330683697912, 35.73349774589508], [51.21330645096646, 35.733263415533855], [51.21333839087879, 35.733228015648955], [51.21396960629393, 35.73322607938298], [51.21396921834709, 35.73299174912221], [51.21400504211875, 35.732955765416335], [51.21493580549519, 35.73295563400411], [51.214964065872636, 35.73298990883377], [51.214964934097, 35.73322430540541], [51.21561379473579, 35.73323225990432], [51.215629153755536, 35.733493606659664], [51.21596080815657, 35.733493011756316], [51.21596041437384, 35.7332586818495], [51.21599235349061, 35.73322328085593], [51.2162772853332, 35.73323106911358], [51.21629358204286, 35.733492460055736], [51.21662430085392, 35.73349181907517], [51.21662390512868, 35.733257489282046], [51.216652035938715, 35.73322304976123], [51.216919314941, 35.7332210362285], [51.21695526508657, 35.73325682446205], [51.216956718397064, 35.73372171941914], [51.21693901258215, 35.73375503899093], [51.21596163074453, 35.733763592070304], [51.215962024543295, 35.733997921848086], [51.21593758888806, 35.73403103058009], [51.215298863807625, 35.7340352695223], [51.215293477129464, 35.73455841651757], [51.21526416025363, 35.73457607210997], [51.214968569054285, 35.73457683948351], [51.21496895996433, 35.73481116939248], [51.214944524013234, 35.734844277786], [51.214637544003544, 35.7348479201243], [51.21462355937292, 35.73510929909458], [51.21364301041304, 35.73512017979633], [51.21364339745444, 35.7353545099063], [51.21360757348642, 35.73539049347579], [51.21302014246789, 35.735391727737415], [51.21298483981528, 35.735370667723416], [51.212977251456, 35.73430989088306], [51.21235376204204, 35.734310946890616], [51.21231677356426, 35.73428634412717], [51.2123133683482, 35.73407664102314], [51.2123378050181, 35.73404353356805], [51.212976530911696, 35.734039310475424], [51.21297581106362, 35.73376891397855]], [[51.216619111220304, 35.731558409610486], [51.21658310591577, 35.73159831796922], [51.21630522129915, 35.731592276995485], [51.216287373090516, 35.73155907891849], [51.21629354668368, 35.73134633789119], [51.21632678596399, 35.731328482066566], [51.216600747144795, 35.7313347229007], [51.2166183924065, 35.73136400295735], [51.216619111220304, 35.731558409610486]], [[51.21659723096813, 35.72888449694419], [51.21596302514106, 35.72888565696937], [51.21595684009012, 35.7286388877056], [51.216602133359565, 35.72863769636063], [51.21659723096813, 35.72888449694419]], [[51.21659218552428, 35.727009235361535], [51.21659356934049, 35.72753205369449], [51.21629109634476, 35.727532617881366], [51.216284179184576, 35.72701535988005], [51.21659218552428, 35.727009235361535]], [[51.216347374329914, 35.75373902261325], [51.21631136895525, 35.75377893093177], [51.215712177449674, 35.75377847930183], [51.215683916751544, 35.75374420479686], [51.21568489278279, 35.75353817662879], [51.21572312786503, 35.75350969124479], [51.21631839493737, 35.7535103427241], [51.21634665574857, 35.75354461695617], [51.216347374329914, 35.75373902261325]], [[51.21625666583173, 35.720198478559006], [51.216220660391265, 35.720238386704736], [51.21594282285931, 35.72023234472305], [51.21592497478841, 35.720199146511575], [51.21593114956475, 35.719986405035165], [51.215964388869665, 35.71996854936877], [51.21623830297165, 35.719974791197515], [51.21625594811717, 35.72000407138156], [51.21625666583173, 35.720198478559006]], [[51.21568888521964, 35.75567370892136], [51.215371676731316, 35.75566516173916], [51.21536549283993, 35.75541839364532], [51.215980074743015, 35.75540265173719], [51.2160153776555, 35.75542371052741], [51.21602285447135, 35.756444493464464], [51.21599823663002, 35.75648152574071], [51.215399242973184, 35.756485648093324], [51.21536225402892, 35.75646104668482], [51.21537321473818, 35.756224295639846], [51.21569034478776, 35.756214591794446], [51.21568888521964, 35.75567370892136]], [[51.215674176101416, 35.735386999707174], [51.21563430745877, 35.735351025515435], [51.21564524312884, 35.73512829045325], [51.21595356482638, 35.73512771189145], [51.21595420625557, 35.7353747688949], [51.215674176101416, 35.735386999707174]], [[51.2153912261719, 35.75351028597394], [51.21535135760123, 35.753474311712395], [51.21536229366346, 35.75325157747917], [51.21567069056968, 35.75325099938487], [51.21567133156197, 35.75349805557666], [51.2153912261719, 35.75351028597394]], [[51.21531995465337, 35.7364605230699], [51.21530797155094, 35.73567931127446], [51.21533929953956, 35.73565828198374], [51.21561383203297, 35.73566231534868], [51.21563504921065, 35.73569752338474], [51.215628000106065, 35.73645440097223], [51.21531995465337, 35.7364605230699]], [[51.21030983293981, 35.7291752758014], [51.210295834349324, 35.72943665477889], [51.209987799624336, 35.7294316731064], [51.20997975141716, 35.72865954331615], [51.21001667345123, 35.72863476179263], [51.2106400448829, 35.728633626212286], [51.21063966678809, 35.728399295161736], [51.21067160750376, 35.72836389640765], [51.21126286477345, 35.7283620903475], [51.21129816713364, 35.72838315107181], [51.21128887998093, 35.72862344524573], [51.21097186350261, 35.72863313696452], [51.210972576442856, 35.728903533727866], [51.211635939330684, 35.72890236874605], [51.21163450863529, 35.72836148326875], [51.21132057028823, 35.728355255183466], [51.21130292646156, 35.728325973661356], [51.21130296944911, 35.728123756753966], [51.21133822764849, 35.72809166084549], [51.2116337927903, 35.72809090256958], [51.211635521546256, 35.72757468276082], [51.21166852077599, 35.72755010027222], [51.21196408361435, 35.72754934119193], [51.211963701668445, 35.727315010315785], [51.211984591303505, 35.72728358941955], [51.21225516951044, 35.727278384049], [51.21228844717484, 35.727296084095364], [51.21229646305586, 35.727779255613356], [51.21226045626684, 35.72781916194425], [51.21196489252418, 35.72781992184552], [51.21196560879877, 35.72809031862814], [51.2122972408732, 35.72808973390062], [51.212296857939776, 35.72785540310736], [51.21232129462156, 35.72782229567721], [51.21295996893753, 35.727818072847086], [51.21295958407039, 35.72758374215418], [51.21299152409139, 35.72754834243396], [51.21362269248721, 35.727546408146765], [51.21363668049773, 35.72728502881965], [51.21395369090753, 35.72727533006076], [51.21395239749718, 35.72677443416617], [51.21397346889109, 35.72673908925136], [51.21459461755251, 35.72673797256599], [51.214615834371116, 35.72677318095538], [51.21461722408949, 35.72727414855936], [51.2149488527226, 35.72727355653451], [51.21494739971845, 35.726732671027236], [51.214630311491455, 35.72672412142556], [51.21462413043986, 35.72647735194433], [51.21557018952203, 35.726461020924056], [51.215605492402254, 35.72648207995269], [51.21560481441342, 35.72698414299001], [51.21557549757245, 35.727001798668226], [51.215279937815595, 35.727002566704094], [51.21527968814341, 35.7280597634045], [51.21524668943081, 35.728084347299905], [51.21495108161491, 35.72808605109797], [51.21495330496877, 35.7288964885829], [51.21526032705647, 35.72889902700928], [51.21528489108253, 35.728931987393565], [51.21528576015275, 35.729166384180296], [51.21560841261295, 35.72918046096387], [51.21561879287914, 35.72966677740326], [51.21560108661649, 35.72970009658918], [51.21530175429914, 35.72969831171617], [51.215286396416595, 35.729436964831784], [51.21464072354733, 35.72943133859279], [51.21462287588787, 35.7293981400417], [51.214621486028165, 35.72889717273448], [51.214325849812425, 35.72889746129967], [51.21429446579072, 35.72887658719336], [51.214295151864334, 35.728374524325936], [51.21432446875768, 35.72835686905625], [51.21462003445859, 35.728356103438934], [51.21461858361944, 35.727815218017504], [51.21362350700703, 35.72781698877081], [51.213626216551084, 35.72913716058746], [51.21359095883072, 35.72916925750844], [51.21329538973462, 35.72917002069716], [51.21329611054098, 35.729440417395594], [51.21361005377674, 35.72944664015983], [51.21362769819905, 35.729475921023415], [51.21362856242789, 35.729710317558684], [51.213935587715405, 35.72971285937553], [51.21396015134913, 35.729745820213616], [51.213961016557946, 35.729980216783396], [51.21428367211901, 35.72999429720358], [51.21429347293118, 35.73025011506968], [51.21461057580516, 35.73025866543723], [51.214625778329925, 35.730480022537314], [51.214604707104115, 35.73051536771265], [51.21363072967262, 35.73052187537263], [51.21363111657249, 35.73075620570523], [51.213606680217026, 35.73078931362667], [51.212996291697685, 35.73079172344167], [51.2129680318345, 35.73075744782176], [51.21297200006532, 35.730544162812215], [51.21300332835826, 35.73052313437794], [51.21329890327407, 35.73052237197783], [51.21329818242961, 35.7302519753282], [51.212663118616724, 35.73025133296275], [51.212634858853725, 35.73021705721375], [51.212633997522936, 35.72998266094199], [51.212338357077925, 35.729982944635736], [51.21230299381701, 35.72995103351448], [51.212301882311046, 35.729748824025656], [51.21231940719149, 35.7297194291977], [51.212633278254366, 35.729712080333385], [51.21263184077404, 35.729171194963996], [51.21163674716622, 35.72917294934454], [51.21163501850732, 35.729689168918306], [51.211602019186074, 35.72971375139904], [51.21130644747443, 35.72971450970765], [51.21130682755168, 35.72994884047661], [51.21126708034505, 35.7299850226793], [51.21098705622182, 35.729973810766666], [51.21097462471751, 35.729715091854516], [51.21065197105227, 35.72970100221753], [51.210641469548726, 35.729174695622724], [51.21030983293981, 35.7291752758014]], [[51.21557456309478, 35.72808395318938], [51.215614431618846, 35.72811992742395], [51.215603495710596, 35.72834266281776], [51.21529520225967, 35.72834324033141], [51.21529456293563, 35.728096183000424], [51.21557456309478, 35.72808395318938]], [[51.21497371937092, 35.73651024784754], [51.215009725131154, 35.73647034024535], [51.21528763022837, 35.73647638419863], [51.21530547806624, 35.73650958249846], [51.21529930197931, 35.736722323219475], [51.21526606251956, 35.73674017866526], [51.21499207915325, 35.73673393483645], [51.2149744342883, 35.73670465432086], [51.21497371937092, 35.73651024784754]], [[51.21501139473039, 35.73565867555266], [51.2149715262753, 35.73562270103869], [51.21498246374544, 35.73539996610532], [51.215290786584575, 35.735399389316065], [51.2152914260512, 35.73564644631838], [51.21501139473039, 35.73565867555266]], [[51.21495772737013, 35.73055950211055], [51.21499373314198, 35.73051959453882], [51.21527161356365, 35.73052563861206], [51.215289461386384, 35.73055883693343], [51.21528328513619, 35.73077157791069], [51.21525004567928, 35.73078943333681], [51.214976086987484, 35.730783189389214], [51.214958442134694, 35.7307539088536], [51.21495772737013, 35.73055950211055]], [[51.21439551432999, 35.75486470157674], [51.215008487004575, 35.7548724842964], [51.21501901339781, 35.755112718609944], [51.21498768527873, 35.75513374782822], [51.21469200878348, 35.755134514800545], [51.214692399358235, 35.75536884377059], [51.214667963347644, 35.755401952133546], [51.21438196154036, 35.75540079259275], [51.21436074469605, 35.75536558417438], [51.214364186210304, 35.75488573057524], [51.21439551432999, 35.75486470157674]], [[51.214978013865526, 35.752970047418785], [51.215017882231784, 35.75300602185074], [51.21501841529326, 35.753204351009096], [51.214993979377695, 35.75323745947732], [51.21439501263, 35.75324157672398], [51.21435802384113, 35.75321697488042], [51.214354612924026, 35.75300727280723], [51.21437904896258, 35.752974164591954], [51.214978013865526, 35.752970047418785]], [[51.21431020156251, 35.73651143140074], [51.21434620755004, 35.736471524107664], [51.21461719352963, 35.7364738896083], [51.21464175737319, 35.73650685019037], [51.21464262473458, 35.73674124656944], [51.21493829370716, 35.73674095702959], [51.21497136372172, 35.736765373290034], [51.21496040142733, 35.73700212513923], [51.21464335098713, 35.737011826825906], [51.214643741001154, 35.73724615667379], [51.214619304955605, 35.737279264963256], [51.21434831392309, 35.737282603907566], [51.21431524392522, 35.737258187405025], [51.21431020156251, 35.73651143140074]], [[51.214932193898676, 35.735929306693684], [51.21497206224436, 35.735965281212], [51.21497259485946, 35.73616361113863], [51.21494815891098, 35.736196719537645], [51.21434933359761, 35.736200836087534], [51.214312344809116, 35.73617623417465], [51.214308934357184, 35.735966531316436], [51.21433337042859, 35.73593342317013], [51.214932193898676, 35.735929306693684]], [[51.2145984242534, 35.7202815192692], [51.21463443015891, 35.72024161190449], [51.21491226798158, 35.72024765696247], [51.214930115669475, 35.72028085541423], [51.21492393826723, 35.72049359679407], [51.214890698785204, 35.72051145206571], [51.21461678268772, 35.72050520714648], [51.21459913794874, 35.72047592648742], [51.2145984242534, 35.7202815192692]], [[51.21468967545681, 35.754282970404155], [51.2146536695147, 35.75432287795199], [51.21437569060619, 35.75431683276689], [51.21435784299239, 35.75428363421225], [51.214364021188736, 35.75407089440376], [51.21439726065973, 35.754053039227806], [51.214671316144056, 35.75405928421059], [51.214688960895074, 35.75408856472463], [51.21468967545681, 35.754282970404155]], [[51.21399589435625, 35.73756300275462], [51.214630172436436, 35.73756185302255], [51.21463635374267, 35.73780862199341], [51.213990984441104, 35.73780980279215], [51.21399589435625, 35.73756300275462]], [[51.214282452764536, 35.72615279489211], [51.21424644665406, 35.72619270214164], [51.21398688922777, 35.72619316442348], [51.213957530123956, 35.72617565042938], [51.213949504363136, 35.72569247900825], [51.213967211125016, 35.72565916033807], [51.21424114719425, 35.725651924234185], [51.21427442503601, 35.72566962356246], [51.214282452764536, 35.72615279489211]], [[51.21395426473348, 35.732946573342666], [51.21299835619956, 35.73295431742138], [51.212973792779536, 35.73292135622771], [51.21297609023711, 35.732711625896066], [51.21301301179887, 35.73268684309312], [51.21395917487302, 35.73269977308686], [51.21395426473348, 35.732946573342666]], [[51.213655043648366, 35.754595337377026], [51.213694911640665, 35.75463131244856], [51.21368397105372, 35.7548540463633], [51.2133755675658, 35.75485461915329], [51.21337493335846, 35.75460756298457], [51.213655043648366, 35.754595337377026]], [[51.213275109134926, 35.72159624137084], [51.21328909839971, 35.72133486179253], [51.21359154591335, 35.721334305524984], [51.213598445783376, 35.721851564324325], [51.2123207459478, 35.72186846522986], [51.2122814638831, 35.72183636859622], [51.21228035259047, 35.721634158739306], [51.21231229281999, 35.72159875932342], [51.213275109134926, 35.72159624137084]], [[51.211947040110346, 35.72109768864011], [51.21198696946667, 35.721057582764544], [51.21324154994362, 35.7210561339551], [51.213273617226555, 35.72109135545291], [51.213273579070325, 35.72129357268623], [51.213234398697004, 35.721325869203746], [51.21197981436585, 35.721327317961254], [51.21194774738318, 35.72129209589622], [51.211947040110346, 35.72109768864011]], [[51.21274450884224, 35.75649037245119], [51.21270464101984, 35.75645439690903], [51.21271558423612, 35.75623166327244], [51.213023993573245, 35.75623109223025], [51.21302462676483, 35.75647814833184], [51.21274450884224, 35.75649037245119]], [[51.2129743099261, 35.733187855385175], [51.212938303374756, 35.73322776205247], [51.21266041196971, 35.733221712553075], [51.21264256495311, 35.73318851345608], [51.21264874807951, 35.732975772939106], [51.21268198769046, 35.732957918435524], [51.212955955691264, 35.732964167672755], [51.21297359993501, 35.73299344870252], [51.2129743099261, 35.733187855385175]], [[51.2127051578829, 35.7567208949563], [51.2126691512633, 35.75676080158831], [51.21239116221715, 35.75675475177943], [51.21237331525022, 35.75672155267321], [51.21237949861033, 35.75650881321044], [51.212412738262294, 35.756490958750696], [51.21268680390113, 35.756497208290654], [51.212704448099586, 35.756526489331016], [51.2127051578829, 35.7567208949563]], [[51.21195906797902, 35.725656011517785], [51.2113203459922, 35.72565404746332], [51.21129578307832, 35.72562108566902], [51.211298085053045, 35.72541135509533], [51.21133500687743, 35.725386573023485], [51.212269000084355, 35.72538964704097], [51.212290216113935, 35.72542485617698], [51.21228241709342, 35.72591124591155], [51.21197441514303, 35.725917358877545], [51.21195906797902, 35.725656011517785]], [[51.21196796663803, 35.72348295886244], [51.21195601691157, 35.7227017446633], [51.21198734533478, 35.72268071661546], [51.21226182409002, 35.72268475788826], [51.21228304011293, 35.72271996703489], [51.21227595849719, 35.723476845952234], [51.21196796663803, 35.72348295886244]], [[51.20867094570795, 35.7367517514584], [51.20933437378961, 35.736750598947935], [51.20933399933423, 35.736516268063035], [51.209373746992185, 35.736480086789086], [51.20965379828925, 35.736491302468906], [51.20966622575965, 35.73675002122556], [51.21032965378466, 35.73674886322687], [51.21034074763241, 35.73649012841983], [51.210620782903554, 35.73647791031211], [51.21066065002855, 35.73651388693122], [51.21066150572632, 35.73674828275993], [51.210993173734, 35.73674770150572], [51.21099279442152, 35.73651337090433], [51.21101723148337, 35.73648026389526], [51.211623860179664, 35.736476917973526], [51.21165592699387, 35.7365121400951], [51.21165678560755, 35.7367465360615], [51.21195245418885, 35.736746253863394], [51.21198552371088, 35.73677067128803], [51.21198907873534, 35.73725474919662], [51.21194989805572, 35.737287045166475], [51.21033116873758, 35.737289931853304], [51.21033154613104, 35.737524262426064], [51.21029960523672, 35.737559661094195], [51.20903694476834, 35.73756186313097], [51.20900487864805, 35.73752663988957], [51.20900402778538, 35.73729224442797], [51.20838051412345, 35.73729327992539], [51.20834352626699, 35.73726867548799], [51.20834756266595, 35.736496507610596], [51.20865560883809, 35.73649040420648], [51.20867094570795, 35.7367517514584]], [[51.211297068324065, 35.726198063986644], [51.21129668836129, 35.72596373293172], [51.211321125344035, 35.72593062585078], [51.211919865936764, 35.725926524685605], [51.2119568542625, 35.7259511276479], [51.211945883081434, 35.72618787951699], [51.21162887683274, 35.72619757296163], [51.211629257773886, 35.726431903844016], [51.21160836797388, 35.726463324663946], [51.21097514271557, 35.7264545559809], [51.21098006182348, 35.726207755607476], [51.211297068324065, 35.726198063986644]], [[51.20929545077286, 35.72187371884755], [51.20929507676604, 35.72163938724352], [51.20931596718781, 35.721607967177704], [51.21028983492124, 35.72160149501777], [51.21028945801046, 35.721367163570505], [51.21032139883687, 35.72133176498687], [51.211938619438925, 35.72134276711116], [51.21194807837102, 35.72156251938917], [51.21191994605586, 35.721596957108275], [51.21095332155941, 35.72160042583796], [51.210955460347, 35.7224118009657], [51.21125106935044, 35.72241152068307], [51.21128042811601, 35.722429035587794], [51.21128843771985, 35.72291220772316], [51.211252430580664, 35.722952113566095], [51.21095688681884, 35.72295287092571], [51.21094502944162, 35.72402571709405], [51.209973602750914, 35.72402189642955], [51.20997227950489, 35.72351016691416], [51.21062651567562, 35.723494338013914], [51.210625804046295, 35.72322394100088], [51.210303177379956, 35.723209850304784], [51.21029267847931, 35.72268354311981], [51.20997560781725, 35.7226749809756], [51.2099602671139, 35.72241363328746], [51.20932526868128, 35.722412973058475], [51.20929700992424, 35.72237869600859], [51.20929615854669, 35.72214429986743], [51.20897353663521, 35.72213020549302], [51.2089784617713, 35.72188340503975], [51.20929545077286, 35.72187371884755]], [[51.21031258525816, 35.7302572306396], [51.209663750162484, 35.730249247119765], [51.209656874927454, 35.72973198865862], [51.21061827959083, 35.72971871158718], [51.21064304495088, 35.72975559153453], [51.21064440993804, 35.730256558349], [51.211607399402965, 35.730255682329144], [51.21163946620727, 35.73029090447916], [51.21163942410985, 35.730493121297584], [51.21160024334533, 35.730525417079875], [51.21097685666188, 35.73052655778217], [51.21096286023409, 35.730787936736874], [51.21067795265102, 35.73079675758304], [51.21064588604795, 35.730761535005676], [51.21064503053067, 35.73052713903166], [51.21034938810181, 35.73052741784285], [51.2103200293553, 35.7305099026582], [51.21031258525816, 35.7302572306396]], [[51.21096193798342, 35.72488628274516], [51.21099794512964, 35.72484637705609], [51.211275802067696, 35.72485243057729], [51.21129364857141, 35.724885630037825], [51.21128746172086, 35.725098370779115], [51.211254221906735, 35.725116224739935], [51.21098028666272, 35.72510997147928], [51.2109626429354, 35.72508068985752], [51.21096193798342, 35.72488628274516]], [[51.21075631043995, 35.75757582709339], [51.21071644318019, 35.75753985058483], [51.21072739179514, 35.75731711734724], [51.21103580568272, 35.757316551621486], [51.211036432988244, 35.75756360770689], [51.21075631043995, 35.75757582709339]], [[51.209634386135264, 35.72461811236616], [51.2096703937364, 35.72457820729631], [51.20996594462322, 35.72457745316509], [51.209965568593184, 35.72434312180505], [51.20999750951422, 35.72430772334645], [51.210945821209705, 35.72431436508418], [51.21094645568644, 35.724566694946], [51.21062945594646, 35.724576385687676], [51.21063083125419, 35.72511633616311], [51.210926499830435, 35.72511699202022], [51.2109558585629, 35.72513450702612], [51.210954843904, 35.725643090544125], [51.21064684297926, 35.7256491999495], [51.21063150006132, 35.72538785245548], [51.20998270530861, 35.72537987053157], [51.20996665473505, 35.7248480340516], [51.2096527312137, 35.72484180150614], [51.209635087858224, 35.724812519527816], [51.209634386135264, 35.72461811236616]], [[51.210037194557, 35.736478930469644], [51.20999732751018, 35.73644295353265], [51.21000827851582, 35.73622021951467], [51.210316604866534, 35.736219656048476], [51.21031722957639, 35.73646671309605], [51.210037194557, 35.736478930469644]], [[51.20963848715295, 35.72620096488257], [51.209649583446556, 35.725942229606254], [51.209929575009255, 35.725930013295674], [51.20996944193389, 35.72596599029061], [51.20997029536836, 35.726200386468605], [51.210292934417616, 35.7262144779391], [51.21028943519429, 35.727002255933314], [51.2099869642574, 35.7270028036797], [51.20997162341445, 35.72674145618513], [51.209317263864705, 35.726727941188514], [51.20931361209506, 35.72621937185276], [51.20934292948126, 35.72620171823065], [51.20963848715295, 35.72620096488257]], [[51.208648276283384, 35.72809620827536], [51.20833118344301, 35.72808764179938], [51.20832502103811, 35.72784087182077], [51.208979293556055, 35.727825051871015], [51.20899329638854, 35.727563672826975], [51.20931030892201, 35.72755398651292], [51.209309044564534, 35.72705308971016], [51.209330117538066, 35.72701774627049], [51.20996334761916, 35.72702652372122], [51.209958425505846, 35.727273324005445], [51.209641414344844, 35.727283012137605], [51.20962953986892, 35.728355857515204], [51.208677384466256, 35.72836488135382], [51.208649125897345, 35.72833060407578], [51.208648276283384, 35.72809620827536]], [[51.20971928191444, 35.75699662686637], [51.20968327427205, 35.75703653210726], [51.20940528405578, 35.75703047529465], [51.209387438067736, 35.75699727534886], [51.20939362926609, 35.75678453625957], [51.20942686918788, 35.75676668288531], [51.20970093602301, 35.756772939328485], [51.2097185793857, 35.756802221169714], [51.20971928191444, 35.75699662686637]], [[51.20868937251578, 35.72998971368795], [51.209302138873994, 35.7299975264422], [51.209312648143545, 35.730237762784306], [51.209281319285864, 35.730258789879215], [51.208985744896886, 35.73025954249229], [51.208986118192726, 35.73049387363179], [51.208961680448944, 35.73052697995749], [51.20867578176689, 35.730525806276795], [51.20865456689297, 35.73049059595903], [51.20865804365746, 35.73001074056335], [51.20868937251578, 35.72998971368795]], [[51.208930190869566, 35.72430881171053], [51.208970057510484, 35.72434478919863], [51.208959103427766, 35.724567523579616], [51.20865082548238, 35.724568083224334], [51.20865020596998, 35.72432102561393], [51.208930190869566, 35.72430881171053]], [[51.20868177031111, 35.75622700030534], [51.20872183952405, 35.756266895784016], [51.20872205584154, 35.757009980700595], [51.20868774180968, 35.757038263326564], [51.208420367049186, 35.75703719923177], [51.208391905916415, 35.756999003951606], [51.20839169267597, 35.7562559190529], [51.20842600668, 35.75622763655739], [51.20868177031111, 35.75622700030534]], [[51.20743223122004, 35.75541769516228], [51.207392364902766, 35.75538171702341], [51.20739185070581, 35.75518338784668], [51.20741274164376, 35.75515196826771], [51.208055190806604, 35.75514608455101], [51.208069195943814, 35.75488470680691], [51.20836170768937, 35.75487815268277], [51.20838647230747, 35.75491503335481], [51.20838852960794, 35.75568648523977], [51.20870573710194, 35.755695051078824], [51.208717916052585, 35.75593173184968], [51.20868491623954, 35.755956313266864], [51.20838923519082, 35.75595706475199], [51.20838960731604, 35.75619139476269], [51.208365169422116, 35.7562245009617], [51.2080827139783, 35.75622499657733], [51.208058151992574, 35.75619203376087], [51.20805730348579, 35.7559576392183], [51.20740270179851, 35.75594411451063], [51.20740763086958, 35.75569731564898], [51.20772476039725, 35.75568763318271], [51.20772405774101, 35.75541723756994], [51.20743223122004, 35.75541769516228]], [[51.20802624531151, 35.72863821927026], [51.20798617625366, 35.72859832331586], [51.20798516050507, 35.72813342214852], [51.20800959847489, 35.72810031619787], [51.20829193745877, 35.72809982113332], [51.208316499415346, 35.728132783920415], [51.208317348057484, 35.72836717977837], [51.20861298140135, 35.72836690590176], [51.20864605037415, 35.72839132465156], [51.20864944592363, 35.72860102828911], [51.20862500807717, 35.72863413449345], [51.20802624531151, 35.72863821927026]], [[51.20768294382835, 35.72566361437201], [51.20829567433067, 35.725671432418075], [51.2083110097943, 35.7259327801844], [51.2086249377277, 35.72593901618046], [51.20864258075046, 35.72596829838968], [51.208641586097734, 35.72617432763628], [51.208607272047956, 35.726202610135026], [51.2083117143436, 35.72620336103845], [51.20829770930134, 35.72646474003478], [51.20798070114476, 35.72647442370296], [51.20796669505186, 35.72673580266759], [51.20767799667041, 35.726743670031226], [51.20764953583485, 35.72670547435326], [51.20764862966967, 35.72569189646665], [51.20768294382835, 35.72566361437201]], [[51.20732745265349, 35.73080334496957], [51.20732802054382, 35.730568965816225], [51.207352458707334, 35.73053586008384], [51.20795903825215, 35.73053253287243], [51.20799110397137, 35.73056775654926], [51.20799195171496, 35.730802152259415], [51.208305899800735, 35.73080838903036], [51.2083235427403, 35.73083767131263], [51.208323492288585, 35.731039888100106], [51.20828431072783, 35.73107218232741], [51.20766091881368, 35.731073305865756], [51.20764691180817, 35.731334684601975], [51.2073620017787, 35.73134349743629], [51.207329936161635, 35.73130827347222], [51.207329090344984, 35.731073877980094], [51.20703344610754, 35.731074148646265], [51.20699749876946, 35.73103835587879], [51.20699698600924, 35.73084002559964], [51.20701451238143, 35.730810632185374], [51.20732745265349, 35.73080334496957]], [[51.208005788192665, 35.73052261441005], [51.20800445919119, 35.72999979605322], [51.20830694274113, 35.729999253429014], [51.208313809493845, 35.73051651200399], [51.208005788192665, 35.73052261441005]], [[51.20827311164889, 35.72674436196734], [51.20831297810479, 35.72678033976692], [51.20830202228179, 35.72700307392672], [51.20799373422515, 35.72700363184806], [51.20799311661147, 35.7267565743367], [51.20827311164889, 35.72674436196734]], [[51.20772983180901, 35.757621126529585], [51.20776584002952, 35.757581222223294], [51.208043832787034, 35.757587282885], [51.20806167828404, 35.75762048316315], [51.208055483597484, 35.757833222091435], [51.20802224346839, 35.75785107495135], [51.2077481723813, 35.75784481465562], [51.20773052951761, 35.757815532251065], [51.20772983180901, 35.757621126529585]], [[51.20768906990115, 35.74193283195399], [51.20772507815124, 35.741892927725345], [51.20800300580254, 35.741898988692675], [51.208020851260954, 35.74193218902575], [51.208014656158255, 35.742144928630765], [51.20798141603641, 35.74216278144055], [51.20770741005295, 35.74215652084211], [51.20768976722025, 35.74212723838654], [51.20768906990115, 35.74193283195399]], [[51.202018572744535, 35.73000095123189], [51.201701473104414, 35.72999236700136], [51.201695330316994, 35.72974559652397], [51.20233508002672, 35.72973895368107], [51.202351764889535, 35.73054127942152], [51.20268340732881, 35.73054072116086], [51.20268549410147, 35.729479968528764], [51.202720746206516, 35.729458744379734], [51.203344125999855, 35.729457646573536], [51.2033581467906, 35.72919626793433], [51.20367516726276, 35.729186596705276], [51.20368131840338, 35.72893393723567], [51.20371063634934, 35.728916285465246], [51.20400620628258, 35.72891554592144], [51.204005847600584, 35.72868121375216], [51.2040267395596, 35.72864979528078], [51.204337243059335, 35.72864449422205], [51.20433462814374, 35.72760261876059], [51.20435925000596, 35.7275655907737], [51.20498022786585, 35.727568220548015], [51.20499807231043, 35.72760142177025], [51.20499940184599, 35.72810238801462], [51.20564169343295, 35.72810605606191], [51.20566270475225, 35.72813734927404], [51.2056635456219, 35.72837174476428], [51.2059591786161, 35.72837147741156], [51.20598853686199, 35.72838899404915], [51.205995967406764, 35.72864166616407], [51.20632760189379, 35.72864109788387], [51.20632723642245, 35.72840676609728], [51.206355370339175, 35.72837233051559], [51.20699035495207, 35.728369469649806], [51.20699649575971, 35.72811681029894], [51.20702581337662, 35.7280991574369], [51.20732137932736, 35.72809840975745], [51.20733538744798, 35.72783703082281], [51.20761640134252, 35.72782764945084], [51.207649470151, 35.72785206859058], [51.20764977053277, 35.72861770427177], [51.2076184414577, 35.728638730762334], [51.2073228734818, 35.72863947926795], [51.207323241873546, 35.72887381076894], [51.207298803631126, 35.72890691651875], [51.20699184688163, 35.72891053914734], [51.20699008831567, 35.729426759323594], [51.20695708821927, 35.72945133999477], [51.206661516757165, 35.72945208688586], [51.20666188323096, 35.72968641846082], [51.2066374447918, 35.729719523986006], [51.206007739867154, 35.72970904256026], [51.20599657223363, 35.728912246998114], [51.2053332090251, 35.72891338088887], [51.20533357159852, 35.72914771271618], [51.20529382268508, 35.72918389200876], [51.2050138019861, 35.729172665831506], [51.20500138946405, 35.72891394655576], [51.20466975381763, 35.728914511184], [51.20465573720832, 35.729175889843276], [51.20433871705877, 35.729185563785805], [51.204339407597644, 35.72945596063806], [51.204635044906254, 35.729455696526514], [51.2046694436848, 35.72948380761167], [51.20467321348147, 35.730266863202445], [51.20496885420128, 35.73026659825978], [51.20500480085461, 35.7303023919304], [51.20499949320561, 35.730789538455625], [51.204970175311146, 35.730807190644455], [51.20467459787295, 35.73080793267055], [51.20467652545888, 35.73157931864813], [51.20465190364444, 35.73161634680032], [51.20405311603419, 35.73162041182121], [51.20401479840963, 35.731592114725856], [51.20401856428553, 35.73109728561297], [51.204047882199134, 35.73107963372675], [51.204343461036146, 35.7310788933264], [51.20434207952842, 35.73053800779453], [51.20401043713412, 35.73053857062744], [51.20399641845683, 35.73079994917391], [51.20367939143937, 35.73080962137158], [51.203675940593506, 35.73132939610712], [51.203644610996534, 35.73135042116953], [51.20338115012841, 35.73135029183254], [51.203349085695656, 35.7313150662015], [51.203348251539424, 35.73108067126162], [51.20305260782769, 35.73108093214098], [51.20302324979372, 35.73106341455006], [51.20301582847582, 35.730810742660914], [51.202032341936636, 35.73080064821817], [51.202018572744535, 35.73000095123189]], [[51.20709969301581, 35.75514777932099], [51.20705982679285, 35.755111801018856], [51.207070785426794, 35.75488906832544], [51.207379189312334, 35.754888512446584], [51.20737980569656, 35.7551355687008], [51.20709969301581, 35.75514777932099]], [[51.20734879176241, 35.75406539488087], [51.20738865796833, 35.75410137303211], [51.20738537728841, 35.75458514423095], [51.20735404816903, 35.7546061706896], [51.2070794371729, 35.75460211852525], [51.20705822280238, 35.75456690777015], [51.207061708014464, 35.75408705462876], [51.20709303709093, 35.754066028270884], [51.20734879176241, 35.75406539488087]], [[51.200753429469906, 35.75461751401722], [51.200767457960154, 35.754356136677686], [51.20108458330537, 35.75434647204539], [51.201098610743244, 35.754085094673975], [51.20139466935736, 35.75408022859304], [51.20141588174986, 35.75411544111643], [51.20141603005808, 35.75485852630192], [51.201381714519265, 35.754886805890244], [51.20108603659108, 35.754887539403335], [51.20108671678011, 35.755157935152084], [51.201750297943654, 35.75515682397044], [51.20175140627557, 35.754370117703736], [51.20178440715959, 35.754345538992524], [51.20208008287374, 35.754344803858295], [51.20207871549929, 35.753803920346904], [51.20177159191006, 35.75380134832091], [51.201747031801446, 35.75376838332096], [51.201746201850526, 35.753533989553326], [51.20142900456706, 35.75352540491989], [51.20141300887488, 35.752993570031016], [51.201117274454504, 35.75299382643064], [51.20108287631129, 35.7529657139333], [51.201080830325886, 35.75275970167229], [51.20110527033254, 35.75272659802002], [51.20174419710259, 35.752721497716124], [51.20174347108664, 35.75245203839024], [51.201119832489404, 35.75245303665234], [51.20108453127994, 35.7524319719807], [51.201093847589924, 35.75219168010365], [51.20141100755449, 35.752181078104854], [51.20141028267511, 35.75191161874833], [51.201114552749495, 35.751911875127526], [51.20108317044554, 35.75189099630297], [51.201078108648844, 35.75167775031545], [51.20111005221182, 35.75164235547858], [51.202696968891445, 35.751638922663325], [51.20273024569092, 35.75165662613059], [51.20273903865648, 35.752450272804225], [51.203056231767896, 35.752458853851586], [51.20307223829579, 35.7529906886809], [51.2033679731369, 35.75299042738273], [51.203404121708644, 35.753030139757136], [51.20339860301637, 35.753513366063736], [51.203369284951854, 35.75353101777234], [51.20307361300633, 35.75353175615537], [51.20307396950252, 35.75376608719059], [51.203049530017005, 35.753799191555146], [51.20274246930397, 35.75380280360631], [51.20274315506866, 35.7540731993763], [51.2037385591691, 35.7540715175369], [51.20374062965128, 35.75301076932152], [51.20377195916254, 35.75298974416625], [51.20406762889401, 35.75298900416227], [51.20406726950417, 35.75275467315487], [51.20409540407861, 35.75272023835696], [51.204730591096215, 35.75271738878552], [51.204729536995046, 35.75221257010614], [51.204761479463016, 35.75217717374089], [51.20602819088331, 35.75217596206576], [51.206056448613985, 35.7522102402377], [51.20605729117053, 35.752444634765745], [51.20635302415961, 35.75244436613179], [51.20638238243152, 35.752461882588165], [51.20638981476816, 35.75271455365895], [51.207025064518746, 35.75271522850095], [51.207053322548255, 35.752749506289916], [51.2070541680391, 35.752983900933614], [51.207349903407184, 35.75298362984043], [51.20738526536197, 35.75301554303496], [51.2073863649109, 35.75321775162478], [51.20736883861984, 35.75324714523088], [51.20705486903434, 35.75325448059052], [51.207040860615415, 35.75351585827973], [51.2067237400312, 35.75352553896477], [51.20672410722209, 35.75375986937677], [51.206695973364226, 35.753794305209716], [51.20642860913124, 35.753796296179196], [51.20639722614061, 35.753775419280444], [51.20639111996104, 35.753255621108366], [51.20606031968972, 35.75325614226704], [51.206045371752424, 35.75351756753167], [51.20539642124252, 35.75352781257581], [51.20539678454443, 35.75376214321456], [51.205372345753226, 35.7537952483775], [51.20473345461237, 35.75379943159976], [51.20471943878586, 35.754060809128106], [51.204402315456754, 35.75407048359291], [51.20439452619722, 35.75459678926718], [51.204071864656925, 35.75461202235457], [51.2040737881531, 35.7553834051745], [51.20404166259256, 35.755422724587774], [51.200791561174334, 35.75542877050169], [51.20075561564499, 35.75539297498327], [51.20075410917511, 35.75488809370669], [51.19880310871731, 35.75489128783712], [51.198763244844734, 35.754855305485], [51.198763318975466, 35.75465308979533], [51.19879858028759, 35.754620999268475], [51.200753429469906, 35.75461751401722]], [[51.20735778212425, 35.74212382303786], [51.20732177365802, 35.742163727122175], [51.20704384514394, 35.74215766456914], [51.207025999954254, 35.74212446391781], [51.20703219764743, 35.741911724468544], [51.20706543777215, 35.741893871986534], [51.207339442929204, 35.74190013408918], [51.20735708561208, 35.741929416602304], [51.20735778212425, 35.74212382303786]], [[51.20702039781676, 35.73996048856322], [51.20698438923283, 35.74000039248226], [51.206706469690026, 35.739994329108946], [51.206688624614415, 35.73996112835679], [51.20669482323571, 35.73974838885443], [51.20672806338941, 35.73973053649993], [51.20700205957864, 35.739736799411276], [51.207019702164374, 35.739766082020424], [51.20702039781676, 35.73996048856322]], [[51.207016896896455, 35.738608046980104], [51.206980888309985, 35.73864795089247], [51.206702974376896, 35.73864188749296], [51.20668512930459, 35.7386086867361], [51.206691327961515, 35.73839594717539], [51.2067245681146, 35.73837809482517], [51.206998558694444, 35.738384357762484], [51.20701620127752, 35.73841364037602], [51.207016896896455, 35.738608046980104]], [[51.20669794249619, 35.728099528250375], [51.20665807639872, 35.728063549654486], [51.20666903667038, 35.727840815867594], [51.2069773283437, 35.727840261483344], [51.20697794295588, 35.72808731896245], [51.20669794249619, 35.728099528250375]], [[51.20632281106584, 35.72674767584811], [51.20697717028089, 35.72676120722571], [51.2069736388464, 35.72754898507425], [51.2066776907394, 35.72755386490864], [51.20665667906606, 35.727522571969565], [51.20665583530565, 35.72728817641085], [51.20636020686961, 35.72728844537252], [51.20633084851081, 35.72727092886482], [51.20632341694967, 35.72701825676201], [51.20600341644955, 35.727007055492614], [51.20599947709439, 35.72649242489371], [51.20630748193246, 35.72648632793548], [51.20632281106584, 35.72674767584811]], [[51.206399650879305, 35.75654146111908], [51.206435659556625, 35.75650155743703], [51.20671364784275, 35.75650762123493], [51.2067314929017, 35.756540821890425], [51.206725294699574, 35.75675356070424], [51.20669205445113, 35.756771413077864], [51.2064179878236, 35.75676514969078], [51.20640034533376, 35.756735866926384], [51.206399650879305, 35.75654146111908]], [[51.20635608970776, 35.75514905721744], [51.206395955632956, 35.755185035849244], [51.20639679925082, 35.75541943029882], [51.20669254464553, 35.755419160790964], [51.206725613296065, 35.75544358021544], [51.20672988668202, 35.75591984700959], [51.20670526561485, 35.75595687597143], [51.20610627604826, 35.755960951886195], [51.20606928855391, 35.75593634653832], [51.206067330361776, 35.75517426890469], [51.20610033052586, 35.75514968850912], [51.20635608970776, 35.75514905721744]], [[51.20639545984633, 35.754918535568784], [51.20643146852669, 35.75487863189472], [51.206709450075714, 35.754884695724044], [51.2067272951307, 35.75491789638519], [51.20672109688577, 35.755130635269026], [51.20668785663808, 35.7551484876375], [51.20641379674739, 35.755142224219284], [51.206396154260744, 35.755112941449646], [51.20639545984633, 35.754918535568784]], [[51.20639336445549, 35.75410707262893], [51.20642937313737, 35.75406716895886], [51.20670735131803, 35.7540732328039], [51.20672519637104, 35.75410643346786], [51.20671899810473, 35.754319172386715], [51.20668575785741, 35.75433702475261], [51.20641170133493, 35.75433076131884], [51.20639405884988, 35.75430147854657], [51.20639336445549, 35.75410707262893]], [[51.20608884421539, 35.74919875847943], [51.20604897828131, 35.74916277966252], [51.20605993979019, 35.748940046892365], [51.206368319002486, 35.7489394938165], [51.20636893225546, 35.749186550354956], [51.20608884421539, 35.74919875847943]], [[51.20436972326805, 35.74135754839198], [51.20407403675811, 35.74135781191495], [51.204042654067365, 35.741336934134964], [51.204036711704504, 35.7408571229736], [51.20405778645097, 35.74082178116917], [51.204671806084335, 35.740817730518174], [51.20470006339853, 35.740852009245025], [51.20470090172871, 35.741086404064596], [51.20503165152262, 35.74108588680753], [51.205032225903636, 35.74085150777256], [51.205060360198615, 35.7408170726446], [51.205991224863375, 35.740813950634276], [51.206027171821795, 35.740849743803736], [51.206028014040655, 35.74108413880759], [51.20632369984701, 35.74108387039345], [51.20635508275124, 35.74110474735458], [51.20636085629083, 35.74158848146774], [51.206325030182235, 35.74162446175899], [51.20602940815015, 35.741625207255034], [51.20602977304306, 35.741859538355314], [51.20600163896464, 35.74189397388531], [51.20536654218097, 35.74189682997172], [51.20536690513853, 35.74213116117217], [51.20533107873759, 35.74216714101479], [51.20440400797749, 35.74216814470073], [51.204371943232, 35.7421329195342], [51.20437110584183, 35.74189852490956], [51.20371662158379, 35.741884979475614], [51.2037071844571, 35.741665226691275], [51.203731623690615, 35.74163212216926], [51.20437041422075, 35.741627944695374], [51.20436972326805, 35.74135754839198]], [[51.205993182002786, 35.72755980276295], [51.205979169588346, 35.727821181561666], [51.20567669516434, 35.72782171808505], [51.20566984534556, 35.72730445898235], [51.20631512799628, 35.72730332434112], [51.206310195070806, 35.72755012440774], [51.205993182002786, 35.72755980276295]], [[51.206047540668315, 35.75434718962119], [51.206048858398795, 35.754870005848765], [51.20574627175329, 35.75487054295309], [51.20573942022814, 35.754353286310575], [51.206047540668315, 35.75434718962119]], [[51.20573854554734, 35.75754447922255], [51.20570253654164, 35.757584382609416], [51.20542454401837, 35.7575783164617], [51.20540669933518, 35.75754511539711], [51.20541290098011, 35.757332376814645], [51.205446141261675, 35.75731452488715], [51.20572021043865, 35.7573207905314], [51.20573785268726, 35.75735007343988], [51.20573854554734, 35.75754447922255]], [[51.20537868252421, 35.73107717681517], [51.205338816799085, 35.73104119758672], [51.20534978060476, 35.730818464162056], [51.205658084652846, 35.730817913268424], [51.20565869541073, 35.73106497063453], [51.20537868252421, 35.73107717681517]], [[51.20536896334601, 35.72729033357807], [51.20532909762526, 35.72725435433129], [51.205340061532844, 35.727031620745244], [51.20564834987951, 35.727031069935656], [51.205648960528166, 35.727278127472495], [51.20536896334601, 35.72729033357807]], [[51.20473766813116, 35.75546234586932], [51.204773677378924, 35.75542244296617], [51.20537288345068, 35.755422949153896], [51.20540114098827, 35.755457227566055], [51.20540013858916, 35.755663255422895], [51.2053619013721, 35.755691736181774], [51.20476661594948, 35.75569103045654], [51.20473835852503, 35.75565675177147], [51.20473766813116, 35.75546234586932]], [[51.20502912040949, 35.73973339767219], [51.20504313557932, 35.739472019402406], [51.20535121195889, 35.73947701415731], [51.20536292002795, 35.740504308338416], [51.20533829846436, 35.740541336763606], [51.20506729374813, 35.74054465468729], [51.205035910928586, 35.740523777264315], [51.20502981421141, 35.74000397796059], [51.20473413322896, 35.74000424308934], [51.204701064817726, 35.73997982284552], [51.20471205649889, 35.739743072680554], [51.20502912040949, 35.73973339767219]], [[51.20503654949558, 35.7270204103596], [51.2049966838691, 35.72698443094979], [51.20500764868743, 35.726761697411085], [51.205315935922066, 35.726761147496624], [51.20531654557794, 35.72700820505092], [51.20503654949558, 35.7270204103596]], [[51.20507485275903, 35.75754561264562], [51.20503884352595, 35.75758551572302], [51.204760850992706, 35.75757944801769], [51.20474300652722, 35.75754624676632], [51.20474920991564, 35.75733350826456], [51.20478245025713, 35.75731565657848], [51.205056519449926, 35.757321923758006], [51.20507416151266, 35.75735120684465], [51.20507485275903, 35.75754561264562]], [[51.204780995717, 35.756774681580644], [51.20474113015015, 35.75673870215268], [51.2047520950734, 35.75651596994122], [51.20506050576302, 35.756515420257365], [51.20506111528995, 35.75676247647541], [51.204780995717, 35.756774681580644]], [[51.204775452612, 35.75461078063345], [51.20473558704764, 35.75457480119504], [51.204746552029, 35.754352068891315], [51.20505495373465, 35.75435151925537], [51.20505556319929, 35.75459857557099], [51.204775452612, 35.75461078063345]], [[51.20474012920461, 35.74081589374081], [51.20470026365616, 35.740779914235816], [51.20471122900786, 35.74055718134401], [51.205019573463254, 35.740556632013444], [51.20502018253088, 35.740803688951075], [51.20474012920461, 35.74081589374081]], [[51.204719361940086, 35.732701239571156], [51.20467949640099, 35.73266526002701], [51.20469046197044, 35.73244252678929], [51.204998772767375, 35.73244197763829], [51.20499938160161, 35.732689034941785], [51.204719361940086, 35.732701239571156]], [[51.20440766102752, 35.740545969571265], [51.20436779557335, 35.740509989903124], [51.20437876183638, 35.74028725705873], [51.204687105178955, 35.74028670862375], [51.20468771325319, 35.74053376557884], [51.20440766102752, 35.740545969571265]], [[51.20368633444825, 35.73355449636309], [51.203722344077576, 35.733514594030424], [51.20401793306426, 35.73351385439875], [51.20401757424712, 35.733279522451376], [51.20403846619731, 35.73324810396376], [51.2043168699483, 35.733243671097206], [51.2043489345861, 35.733278896290116], [51.20434977172093, 35.733513291380945], [51.20466373050505, 35.733519537745686], [51.204681372428546, 35.733548820997704], [51.204681312840094, 35.73375103765573], [51.204642130405105, 35.73378333018202], [51.20371908642356, 35.733784128766885], [51.203687021888385, 35.733748903285466], [51.20368633444825, 35.73355449636309]], [[51.20335100186389, 35.73216262616876], [51.2030338930332, 35.732154045542366], [51.20302774624972, 35.731907275281], [51.20367042623864, 35.73190325375923], [51.20368352332814, 35.732432461737424], [51.203979172896695, 35.73243219920002], [51.204013571541395, 35.73246031054855], [51.20400193712048, 35.73296385880092], [51.203709516266976, 35.732970401750784], [51.20368495560473, 35.732937437357045], [51.20368412042915, 35.73270304243914], [51.20336145588919, 35.732688932763146], [51.20335100186389, 35.73216262616876]], [[51.20345568836744, 35.757588396652615], [51.203415823175675, 35.7575524165807], [51.203426791696344, 35.75732968463991], [51.203735205792576, 35.75732913849896], [51.20373581139726, 35.75757619470138], [51.20345568836744, 35.757588396652615]], [[51.203393764079046, 35.733244467270175], [51.203353898915175, 35.73320848708153], [51.20336486808508, 35.73298575410258], [51.20367318116283, 35.732985208496984], [51.20367378607153, 35.73323226579705], [51.203393764079046, 35.733244467270175]], [[51.20269118745623, 35.72782678385863], [51.202689207348584, 35.72703347614456], [51.20299167871128, 35.72703294741934], [51.20300699726783, 35.72729429561141], [51.203302625422026, 35.72729403480317], [51.20333569351883, 35.72731845562578], [51.20333092101259, 35.727820135637735], [51.20269118745623, 35.72782678385863]], [[51.20267122093485, 35.7257120007564], [51.20270723091945, 35.725672098925216], [51.20331680560021, 35.72567761186187], [51.203334649496554, 35.725710813556695], [51.20332912917046, 35.72619404227472], [51.20329588863621, 35.726211893345855], [51.20269023232536, 35.7262061808914], [51.20267238858822, 35.72617297897275], [51.20267122093485, 35.7257120007564]], [[51.20109126258435, 35.741092537212175], [51.20105139806933, 35.74105655592827], [51.20106237335872, 35.74083382369681], [51.20138234717882, 35.74082151488576], [51.20138098520263, 35.74028063013246], [51.2010853035806, 35.740280886292034], [51.2010559457433, 35.74026336807112], [51.20104799681873, 35.73978019576016], [51.20108400734561, 35.73974029463406], [51.20137962261326, 35.739739561407326], [51.20138005461321, 35.73868236453693], [51.2014169780106, 35.738657586623944], [51.20204043435223, 35.73865649533237], [51.202043895447495, 35.73813672103169], [51.202075225175726, 35.73811569652495], [51.20234621828392, 35.738118089850296], [51.20237098080341, 35.73815497272767], [51.202371136882036, 35.73889806006268], [51.20233682153956, 35.73892634000014], [51.20204120997556, 35.73892707565847], [51.202042363063, 35.73970627077826], [51.20200710246273, 35.73973836268434], [51.20171148747306, 35.73973909754257], [51.20171285165701, 35.74027998233366], [51.2023673222788, 35.7402935387384], [51.20236237791752, 35.74054033800405], [51.2020453101806, 35.74055000595644], [51.20204599325446, 35.74082040233521], [51.20270046842451, 35.740833956888224], [51.20270844777104, 35.74160608604915], [51.202671524484124, 35.74163086450894], [51.201744575250785, 35.74163070187834], [51.20171631874371, 35.741596421993286], [51.20171548914702, 35.741362027715034], [51.201408417272056, 35.7413594545916], [51.2013838572843, 35.74132648942982], [51.201383028667664, 35.74109209518641], [51.20109126258435, 35.741092537212175]], [[51.20103833090396, 35.73595327746948], [51.201052358910246, 35.735691899262285], [51.20136940678563, 35.735682234125065], [51.20136905567595, 35.73544790183006], [51.201393495614774, 35.735414798129575], [51.20170048042349, 35.73541118986474], [51.20171091961338, 35.73488196658174], [51.20203086860939, 35.734869656092066], [51.20203051558057, 35.73463532387089], [51.2020549553226, 35.734602219945614], [51.20236193664696, 35.73459860999329], [51.20236905589128, 35.733801813718486], [51.2026770912708, 35.733795726375455], [51.20269100858019, 35.73538840654286], [51.20265967885265, 35.73540943125935], [51.20236408192523, 35.735410167666345], [51.2023644359483, 35.73564449968907], [51.20233630075981, 35.735678933802276], [51.20170125481508, 35.735681770342794], [51.20170261872641, 35.7362226554998], [51.20201974429334, 35.73623123955509], [51.2020258881694, 35.73647800970422], [51.201703301183045, 35.736493236002296], [51.20170365329478, 35.73672756808582], [51.20166390334776, 35.73676374563841], [51.20106507838689, 35.7367617062309], [51.201040518505884, 35.736728740937295], [51.201039690994754, 35.736494346547126], [51.20038525221608, 35.73648078259664], [51.20038952488258, 35.7359634946918], [51.20103833090396, 35.73595327746948]], [[51.202024720145516, 35.73243525817518], [51.20202436718754, 35.732200925836615], [51.202048806934, 35.73216782192062], [51.20264759951415, 35.73216376687829], [51.20268458639, 35.73218837374855], [51.20267358872438, 35.73242512395591], [51.202356554695974, 35.73243479262946], [51.202356908632275, 35.7326691247957], [51.202336016129905, 35.732700542802995], [51.20170273939304, 35.73269172459747], [51.20170768586591, 35.73244492502444], [51.202024720145516, 35.73243525817518]], [[51.2010192979752, 35.72837959272117], [51.20102276616995, 35.72785981738025], [51.20105409602833, 35.72783879326666], [51.2013136608495, 35.72783835888662], [51.201349606433645, 35.727874154225134], [51.20135043466518, 35.728108549128024], [51.20164606596677, 35.72810829238169], [51.20167542379171, 35.72812581044277], [51.201682840859114, 35.728378482506], [51.20201447434412, 35.728377926118334], [51.20201412150422, 35.72814359358409], [51.202042256720325, 35.72810915964651], [51.20265617459585, 35.72811112121354], [51.20267738737667, 35.72814633341014], [51.20267837228889, 35.728611234682994], [51.202642545087905, 35.72864721326038], [51.202346976181495, 35.728647949538995], [51.202333636276606, 35.72917981693288], [51.202016615628075, 35.72918948464958], [51.202005495181226, 35.729448219539634], [51.201721569881954, 35.729460231149694], [51.201685624096484, 35.729424435964845], [51.20168479485381, 35.72919004117603], [51.20104974113797, 35.72918933737931], [51.20102148485021, 35.729155057189736], [51.201020657558594, 35.72892066248182], [51.2007250231341, 35.72892091761145], [51.200695665326286, 35.72890339924809], [51.20069441148425, 35.728397975702684], [51.200723729726015, 35.72838032491847], [51.2010192979752, 35.72837959272117]], [[51.202347342794674, 35.74460679331253], [51.20238720757987, 35.7446427739381], [51.20237623596784, 35.7448655062768], [51.20206787369588, 35.744866048583695], [51.202067273305815, 35.74461899178257], [51.202347342794674, 35.74460679331253]], [[51.202370093945675, 35.737804484500415], [51.20233408376687, 35.73784438624474], [51.202056173130366, 35.73783831193473], [51.202038329582905, 35.73780510986915], [51.20204454045401, 35.73759237083767], [51.202077781026325, 35.73757452017855], [51.20235176835051, 35.73758079386984], [51.20236940963178, 35.737610077731716], [51.202370093945675, 35.737804484500415]], [[51.20138925119032, 35.743526397667104], [51.201696332177484, 35.74352897073198], [51.201720892192036, 35.743561935745376], [51.20172172185142, 35.74379633003635], [51.202017418318356, 35.74379607217742], [51.20205277895479, 35.74382798773152], [51.20205371994528, 35.744578871786615], [51.20201940453757, 35.7446071516092], [51.20172376936264, 35.744607886559585], [51.201724804131686, 35.74511270640153], [51.20169286066361, 35.745148101498486], [51.20142934035414, 35.745149120001535], [51.20139494214742, 35.74512100761078], [51.20138984080776, 35.743796977906655], [51.201094144585234, 35.743797234132614], [51.20106478674883, 35.743779715921924], [51.20106586268441, 35.7432711340429], [51.20137393742851, 35.74326505004962], [51.20138925119032, 35.743526397667104]], [[51.201634647208884, 35.72513272775535], [51.20167451178401, 35.72516870879723], [51.20166353784862, 35.725391441848714], [51.201355256333, 35.72539198195211], [51.201354658464766, 35.72514492426263], [51.201634647208884, 35.72513272775535]], [[51.20106814627378, 35.73189592666762], [51.20102828176918, 35.731859945340126], [51.20103925730094, 35.731637212716265], [51.20134756483486, 35.7316366733655], [51.20134816280846, 35.731883730762874], [51.20106814627378, 35.73189592666762]], [[51.20106928713468, 35.754066965753566], [51.1997887862667, 35.75407742043158], [51.19975672288546, 35.75404219337058], [51.199756794522806, 35.753839977641725], [51.19979597803062, 35.753807687348846], [51.20107423505199, 35.753820167163056], [51.20106928713468, 35.754066965753566]], [[51.20070928910332, 35.737035785533664], [51.200723318136006, 35.73677440739524], [51.201031383230216, 35.7367794137677], [51.20104235582358, 35.73753622096824], [51.201021279986016, 35.737571561845506], [51.200735354566596, 35.737573725730826], [51.20071079478265, 35.73754076032599], [51.20070996821999, 35.73730636601604], [51.20041429903831, 35.73730662048792], [51.20038291681957, 35.73728574137571], [51.200392235479335, 35.737045448919446], [51.20070928910332, 35.737035785533664]], [[51.19909839237695, 35.756243197760995], [51.199430141528396, 35.756242648128094], [51.19944417421174, 35.7559812709408], [51.1997613065757, 35.75597160983632], [51.199760100687044, 35.75547071376682], [51.19978117686723, 35.755435373280505], [51.200715547596644, 35.755429089758564], [51.20075084867095, 35.75545015458079], [51.20075507701315, 35.75594158656638], [51.200720761338076, 35.75596986588366], [51.20042507879733, 35.75597059778518], [51.20042628887679, 35.75647149356098], [51.20040521285787, 35.756506834297305], [51.198795536524486, 35.75651251276413], [51.19876707873474, 35.75647431367594], [51.198774957975886, 35.75598792854266], [51.19908308564759, 35.75598185050074], [51.19909839237695, 35.756243197760995]], [[51.20007027410522, 35.746814549371], [51.20010628496021, 35.74677464867517], [51.20070541946383, 35.74677517838036], [51.2007336755966, 35.74680945860471], [51.20073266105059, 35.74701548673556], [51.20069442291311, 35.74704396537473], [51.20009920901682, 35.74704323628969], [51.20007095299718, 35.747008955792566], [51.20007027410522, 35.746814549371]], [[51.19573816342615, 35.73920789244709], [51.19574367711261, 35.73868474454169], [51.19577299584995, 35.73866709536943], [51.19606860762153, 35.73866637521034], [51.19607345607087, 35.737872738715716], [51.196102774775156, 35.7378550894363], [51.196398383121384, 35.737854368476704], [51.196398046521296, 35.73762003543971], [51.19642248794315, 35.73758693344042], [51.1967294826271, 35.73758333791031], [51.19672914506317, 35.73734900491666], [51.19675003913871, 35.7373175886433], [51.197060579888785, 35.73731230642768], [51.197065418626195, 35.73651866982665], [51.197098659647516, 35.73650082097995], [51.19772209900289, 35.7364997521196], [51.197720761993736, 35.73595886685619], [51.19740363834946, 35.73595027117956], [51.19739517532178, 35.735706660156154], [51.19742841631278, 35.7356888111913], [51.1980518488657, 35.73568774064306], [51.19805050966676, 35.735146855317254], [51.1977188480306, 35.735147400867454], [51.197707714075264, 35.73540613538871], [51.197427682717674, 35.73541832265185], [51.19738781924282, 35.735382339561326], [51.197387002461696, 35.7351479456226], [51.19673521633664, 35.73513726304758], [51.19672833712808, 35.73435530338456], [51.19676157817842, 35.73433745466499], [51.197716749905055, 35.73433584292708], [51.19771640951916, 35.73410150994625], [51.19775616049694, 35.73406533433651], [51.198036201575206, 35.73407657777574], [51.19804859209925, 35.7343352972733], [51.19838025036007, 35.73433475082476], [51.19837990803153, 35.73410041795669], [51.198419658819795, 35.734064242023955], [51.19869969990562, 35.734075483879735], [51.198712092536404, 35.73433420334143], [51.199043750779346, 35.734333655063715], [51.19905778519385, 35.73407227690061], [51.199374826769265, 35.73406261713434], [51.19938528127158, 35.73353339374178], [51.19970522520547, 35.733521089593175], [51.199704879014966, 35.733286756911625], [51.199729319453304, 35.73325365378903], [51.200018598856175, 35.733256859477486], [51.2000364416831, 35.733290062078936], [51.20003774041235, 35.733791027157466], [51.20035485561107, 35.73379961571259], [51.200370165900615, 35.734060963844406], [51.200687282274885, 35.73406955150409], [51.20069776659835, 35.7343097889777], [51.20066251415509, 35.73433101232691], [51.199375593258864, 35.73433319771239], [51.199376267153, 35.73460359441551], [51.19969338561315, 35.73461218473377], [51.19970869380813, 35.73487353288977], [51.200025813443915, 35.734882122312584], [51.200037967043976, 35.73511880562809], [51.200004965786476, 35.73514338360699], [51.19970936948487, 35.735144113486136], [51.19971057412218, 35.73564501134239], [51.19969286262719, 35.735678326094344], [51.19904720861889, 35.73568619019353], [51.19903317420619, 35.73594756821255], [51.198716124820194, 35.73595722717318], [51.1987162999828, 35.73674023535194], [51.198681983886516, 35.73676851376767], [51.19838638061121, 35.73676924041566], [51.19838088404889, 35.73729238825209], [51.19835156549524, 35.737310038271275], [51.19805595991588, 35.73731076411393], [51.19805630136495, 35.73754509677919], [51.19803186036284, 35.73757819937212], [51.19772486604635, 35.73758179832485], [51.19772520653165, 35.73781613103349], [51.197704312681594, 35.737847547640584], [51.197393769932816, 35.73785283161958], [51.19739554531075, 35.738902516252935], [51.197360283553785, 35.73893460613038], [51.19706467106193, 35.73893532955682], [51.19705916600253, 35.739458477278426], [51.19702592489298, 35.739476326099194], [51.19607068934074, 35.7394779326464], [51.19605664550422, 35.73973931031609], [51.195771699994346, 35.739748095229], [51.1957396378194, 35.73971286643849], [51.19573882577555, 35.73947847291303], [51.1954431482731, 35.73947871518827], [51.19540720431593, 35.739442917186274], [51.19540672011705, 35.73924458711608], [51.195424249741166, 35.739215196776776], [51.19573816342615, 35.73920789244709]], [[51.20039518223246, 35.72811018963901], [51.20035531792008, 35.72807420797012], [51.20036629535863, 35.72785147530266], [51.200674587208844, 35.7278509378125], [51.20067518310543, 35.72809799539089], [51.20039518223246, 35.72811018963901]], [[51.20036709335752, 35.72701920579861], [51.20036581332271, 35.72649638687579], [51.20066828250668, 35.72649586421443], [51.20067510062208, 35.72701312391064], [51.20036709335752, 35.72701920579861]], [[51.200353083472606, 35.72725875587061], [51.2003170725929, 35.727298656637124], [51.200039205669206, 35.72729257746008], [51.20002136279939, 35.72725937479938], [51.200027579164846, 35.72704663555448], [51.20006081991231, 35.72702878565141], [51.20033476354371, 35.72703506414085], [51.20035240424764, 35.72706434856967], [51.200353083472606, 35.72725875587061]], [[51.20034563327629, 35.72428337645623], [51.200309622391195, 35.724323277208555], [51.200031767800745, 35.72431719797572], [51.200013924937956, 35.72428399530503], [51.20002014137922, 35.72407125593159], [51.20005338212538, 35.72405340603766], [51.20032731342425, 35.724059684582365], [51.200344954122514, 35.7240889690205], [51.20034563327629, 35.72428337645623]], [[51.19975807030018, 35.73866035228176], [51.19971820616383, 35.73862437033904], [51.19972918513329, 35.73840163823986], [51.20003752075059, 35.738401102300294], [51.20003811497314, 35.738648159413394], [51.19975807030018, 35.73866035228176]], [[51.20000281856616, 35.72568550166049], [51.20000409633598, 35.726208320667475], [51.19970162847471, 35.72620884159285], [51.19969481664505, 35.72569158171713], [51.20000281856616, 35.72568550166049]], [[51.20001460089465, 35.72455441741001], [51.19997858989645, 35.72459431800915], [51.19937963973251, 35.72459378411854], [51.199351383948596, 35.72455950327666], [51.1993524024575, 35.72435347419237], [51.199390640761116, 35.72432499622126], [51.199985666642974, 35.724325729408115], [51.200013922539945, 35.724360009977524], [51.20001460089465, 35.72455441741001]], [[51.19968829160541, 35.72671888078829], [51.199652280497546, 35.72675878124324], [51.1990533123726, 35.726758245780175], [51.199025056684356, 35.72672396482035], [51.19902607598984, 35.72651793584036], [51.19906431435818, 35.72648945800899], [51.19965935820333, 35.72649019275748], [51.199687614004645, 35.726524473444805], [51.19968829160541, 35.72671888078829]], [[51.19913696551972, 35.755702202167704], [51.199097101552226, 35.755666219981336], [51.19910808188478, 35.75544348872788], [51.19941648823951, 35.75544295420057], [51.199417080967905, 35.75569001055555], [51.19913696551972, 35.755702202167704]], [[51.19539317655271, 35.73379865897769], [51.195392842981335, 35.733564325576424], [51.195424788262216, 35.733528933174405], [51.196719503487344, 35.733526008023624], [51.196718838599395, 35.73325561122847], [51.19641180104391, 35.733253025165695], [51.19638724254829, 35.73322005825878], [51.19638642874411, 35.732985664367895], [51.196090778099695, 35.73298590815526], [51.19605638098368, 35.732957793512774], [51.19605434826908, 35.732751780072334], [51.196071877718644, 35.73272238957563], [51.19638576436194, 35.732715083619915], [51.196385427907266, 35.73248075033553], [51.19641737289153, 35.732445357522295], [51.19735571148992, 35.73244609441034], [51.19738027020404, 35.73247906095169], [51.197376260836464, 35.73269234469893], [51.19734493041336, 35.73271336748993], [51.19704934370621, 35.732714090801316], [51.19705000969796, 35.73298448761549], [51.19771345314884, 35.732983445236364], [51.19804515163145, 35.73298285371856], [51.19804395754453, 35.73248195516857], [51.19806503434297, 35.73244661529451], [51.19867517734549, 35.73244164913335], [51.19870724030411, 35.732476876691486], [51.19870806089502, 35.73271127103217], [51.199015096631484, 35.7327138511256], [51.19903965583862, 35.73274681709454], [51.199040477409056, 35.73298121147005], [51.19933612860708, 35.73298096034103], [51.19937148857882, 35.733012877100556], [51.199372567528, 35.73321508685431], [51.199348126914664, 35.73324818988679], [51.198709405059695, 35.73325234047892], [51.198707593392264, 35.73376856127802], [51.198674591913054, 35.73379313873518], [51.198379000969155, 35.733793865327776], [51.1983793432892, 35.734028198106046], [51.19834739880986, 35.73406359176872], [51.1980839244391, 35.734064602794376], [51.19805254252074, 35.73404372283249], [51.19804649132617, 35.73352392316256], [51.197714836421, 35.73352446868035], [51.19771584537775, 35.734029290299716], [51.19767609429046, 35.734065465901544], [51.19742042631496, 35.73406569325457], [51.19738904448247, 35.734044813052954], [51.1973829975831, 35.73352501340315], [51.19705134266013, 35.73352555709185], [51.19704583726106, 35.73404870530914], [51.197016518576696, 35.73406635488131], [51.19672092620312, 35.7340670774024], [51.19671475344029, 35.73431973688344], [51.19668543472298, 35.73433738634695], [51.19638984116675, 35.73433810805771], [51.19639017767421, 35.73457244114812], [51.19635823259919, 35.73460783398146], [51.196073295504895, 35.73459999756674], [51.19605799892791, 35.73433864913758], [51.19542290313137, 35.73433791572311], [51.19539464852257, 35.7343036333995], [51.19539383760326, 35.73406923969293], [51.19507116913248, 35.73405510719771], [51.195076135246104, 35.733808308063644], [51.19539317655271, 35.73379865897769]], [[51.19902552720559, 35.72699046902454], [51.19898951587105, 35.72703036917179], [51.19871165004985, 35.727024286878226], [51.19869380761563, 35.726991083843764], [51.19870002746981, 35.72677834474876], [51.198733268337044, 35.72676049532874], [51.199007210877625, 35.726766776889974], [51.199024851209664, 35.72679606167531], [51.19902552720559, 35.72699046902454]], [[51.19809688871981, 35.753850530625805], [51.19813290024403, 35.7538106308247], [51.198410877423434, 35.75381671414237], [51.19842871975474, 35.753849917141466], [51.19842249969128, 35.75406265506202], [51.198389258695144, 35.75408050440975], [51.19811520310102, 35.75407422178241], [51.19809756293966, 35.75404493678271], [51.19809688871981, 35.753850530625805]], [[51.19837052698235, 35.746506841201175], [51.1984105927724, 35.74654674188188], [51.198410882414564, 35.74674115345937], [51.19838274604535, 35.74677558610006], [51.197455726170844, 35.746778835363244], [51.19741740983729, 35.74675053535297], [51.19741537337635, 35.74654452261288], [51.1974435099607, 35.746510090370954], [51.19837052698235, 35.746506841201175]], [[51.19808287258536, 35.754090079682555], [51.198094690529366, 35.75487129218354], [51.19806336019254, 35.75489231528578], [51.197788747838715, 35.754888241677506], [51.197767536613796, 35.75485302795372], [51.19777475270419, 35.7540961550149], [51.19808287258536, 35.754090079682555]], [[51.19709195120593, 35.74408362765067], [51.19804800006417, 35.74407601051621], [51.198072558995776, 35.74410897678543], [51.19807022292759, 35.744318705906196], [51.198033298906566, 35.74434348241028], [51.197086991279704, 35.744330426442986], [51.19709195120593, 35.74408362765067]], [[51.19775141439591, 35.7321719131792], [51.1977115508307, 35.73213593023534], [51.19771489080143, 35.73165215764849], [51.197746221094675, 35.73163113472028], [51.198020737216304, 35.731635208728036], [51.19804194843346, 35.7316704223943], [51.198038408336075, 35.73215027689499], [51.19800707799994, 35.732171299923806], [51.19775141439591, 35.7321719131792]], [[51.19703925785559, 35.72865666580035], [51.19703976582752, 35.72814414513642], [51.197074082173934, 35.72811586743166], [51.19736964998194, 35.7281151442058], [51.19738011791013, 35.72758592028463], [51.198020130980005, 35.72758484535633], [51.198030035826974, 35.72808938951729], [51.197997034235726, 35.72811396669568], [51.19770146670514, 35.728114691552314], [51.19770096296978, 35.72862721202779], [51.1976666466638, 35.72865548999915], [51.19737107683018, 35.728656214050694], [51.197372266531104, 35.729157112976004], [51.19735118943225, 35.729192452662], [51.19674887446447, 35.72919816701345], [51.196713573769124, 35.72917710055869], [51.19671436910822, 35.72867503769322], [51.19674368774458, 35.728657388221066], [51.19703925785559, 35.72865666580035]], [[51.197668138206204, 35.73081960038873], [51.1977080016602, 35.7308555833447], [51.19769701703115, 35.731078315445565], [51.19738871185475, 35.73107884500126], [51.197388125648146, 35.730831787506496], [51.197668138206204, 35.73081960038873]], [[51.19107666664074, 35.73218274380305], [51.19106260669037, 35.73244412150736], [51.19075455992157, 35.73243908834698], [51.19075271246864, 35.731656870048624], [51.19140702138568, 35.73164114682382], [51.19142108025251, 35.73137976899242], [51.19172356986448, 35.7313792695789], [51.19174014919063, 35.73218159640967], [51.19203579604752, 35.732181363238915], [51.192071738923715, 35.732217162775214], [51.1920722147359, 35.732415493209515], [51.19205468410867, 35.73244488267278], [51.191740797843195, 35.7324521772562], [51.19174139770771, 35.73272163873689], [51.192037094988834, 35.732722340986925], [51.19207245315949, 35.73275426093426], [51.19207643704676, 35.7340744892239], [51.192393552090536, 35.73408309913074], [51.19240883695424, 35.73434444797387], [51.19274049536475, 35.734343917073126], [51.19273984390572, 35.73407352025081], [51.19242588472516, 35.734067242278144], [51.19240824618034, 35.7340379557042], [51.192408336726544, 35.73383573910064], [51.19244359962637, 35.733803651409794], [51.19273919183395, 35.733802939493195], [51.19273886603301, 35.73356860564173], [51.192763308552266, 35.73353550491081], [51.193070287080175, 35.733531918827076], [51.19306898166917, 35.73299103314605], [51.192445505742505, 35.73299198595091], [51.19241222975948, 35.732974278720874], [51.19240288978303, 35.7319101404525], [51.192107244160475, 35.73191037443294], [51.19207417783149, 35.73188594924495], [51.192069201178356, 35.731099203700616], [51.191445741077715, 35.73110015127777], [51.19141246518223, 35.731082443680386], [51.191419785884655, 35.730838791102094], [51.19173685941996, 35.73082821536643], [51.19173616765617, 35.730558754863296], [51.19141906742032, 35.73055014306122], [51.1914106220807, 35.7303065310651], [51.191439941243374, 35.73028888333892], [51.19173551906381, 35.73028817393139], [51.19174957691092, 35.73002679601872], [51.1920382899777, 35.73001896771672], [51.19206654350188, 35.73005325130473], [51.19206799399515, 35.730558133787284], [51.19239963671012, 35.730557603874594], [51.19239931197047, 35.73032326981085], [51.192420207319095, 35.730291854877855], [51.19306245326865, 35.73028605223989], [51.19307650687784, 35.73002467424784], [51.19339353291546, 35.730015030574386], [51.19339705038473, 35.72949525466555], [51.193428381243045, 35.729474233301325], [51.193695642330226, 35.729475331205705], [51.19372409825006, 35.72951353234784], [51.1937279773464, 35.731096452627995], [51.19404508031046, 35.73110505814463], [51.19406037038423, 35.73136640697061], [51.19439108009568, 35.73136591909261], [51.194404751210705, 35.730563515713186], [51.19472177920675, 35.73055386847116], [51.19473582751045, 35.73029249039241], [51.19502454151769, 35.73028465475557], [51.19505279593567, 35.73031893720189], [51.195054265284654, 35.730823820030224], [51.19538590904268, 35.73082328188213], [51.195389413580365, 35.73030350623412], [51.195424666578084, 35.73028228496279], [51.195698623770696, 35.730288574127215], [51.19571646517675, 35.73032177795068], [51.19571655896367, 35.7310648663113], [51.195682242248594, 35.73109314346707], [51.195386661958246, 35.73109386267238], [51.195387274070356, 35.73136332416611], [51.19568296626803, 35.731364017459086], [51.19571232350911, 35.73138153748086], [51.195720056827575, 35.73186863460691], [51.19568422758009, 35.731904610042584], [51.19538864392722, 35.73190532926275], [51.19538996496924, 35.732446214967155], [51.195721615448555, 35.73244567587256], [51.19573566051685, 35.7321842978205], [51.19602807871471, 35.73217777476325], [51.19605283904704, 35.73221465991769], [51.19605095841538, 35.73269096011425], [51.19601795649314, 35.73271553653389], [51.195722369539254, 35.732716256584204], [51.195722704058284, 35.732950589865375], [51.19568295240125, 35.73298676449324], [51.19540291610883, 35.732975515432024], [51.19539053401351, 35.732716795802496], [51.195058882402805, 35.7327173339879], [51.19504483518374, 35.732978711905496], [51.194727797278226, 35.73298836013094], [51.194717312252294, 35.73351758347232], [51.19439736726273, 35.73352987415183], [51.19439769791943, 35.73376420761914], [51.19437325582031, 35.733797308944595], [51.19406627653805, 35.73380089845555], [51.1940669324738, 35.73407129526894], [51.195050458648325, 35.73408145503163], [51.19505235723962, 35.734869489872494], [51.19474694858759, 35.73487264135002], [51.19473165624159, 35.734611292812495], [51.19373743016243, 35.73461285183233], [51.19373714868961, 35.73488329614898], [51.194720684920604, 35.73489345859489], [51.19473056952949, 35.73539800261771], [51.19469756738649, 35.73542257853006], [51.19440196897623, 35.73542329536863], [51.19440257787595, 35.73569275668059], [51.19471974823831, 35.7357022957488], [51.19473504056889, 35.735963644308825], [51.19735300296675, 35.73595961705295], [51.197388947398665, 35.735995414162296], [51.19738292634919, 35.736212070869975], [51.19734968527103, 35.73622991980152], [51.196062732053306, 35.736232069852456], [51.19606306764292, 35.73646640290805], [51.196038626044135, 35.73649950481322], [51.1953998765814, 35.73650363786822], [51.19539005696575, 35.73730334950161], [51.195070096434186, 35.737315642061944], [51.19506391858703, 35.737568301469075], [51.19503459970459, 35.73758595039458], [51.19473899238697, 35.737586668088056], [51.19473932412882, 35.737821001303864], [51.19471488213591, 35.73785410275818], [51.19409381899484, 35.73785141974485], [51.19407617997866, 35.73782213362716], [51.19407537284828, 35.73758774025374], [51.19377970342763, 35.737587978415405], [51.19374530678353, 35.737559862826615], [51.19374164335297, 35.73677680903325], [51.19344597734513, 35.73677704636444], [51.19341061874312, 35.73674512701566], [51.193409759339566, 35.73599424168433], [51.19344407643413, 35.73596596546207], [51.19373967742541, 35.73596525106028], [51.193739022550176, 35.73569485432695], [51.19340735855556, 35.73569538799786], [51.19339621092341, 35.73595412239666], [51.193116177043755, 35.73596629937646], [51.19307631479007, 35.73593031418514], [51.19307551062842, 35.73569592087109], [51.19275838885263, 35.735687312729816], [51.19274245103683, 35.7351554753131], [51.19243540613607, 35.73515287906213], [51.192410848819385, 35.735119910790765], [51.19241004662407, 35.73488551753532], [51.1921143886529, 35.7348857515694], [51.192083007507414, 35.734864869452466], [51.192076994920285, 35.73434507003796], [51.19079000717506, 35.734347071641906], [51.19075470720078, 35.73432600284638], [51.19075185587169, 35.73383086730115], [51.19078485858704, 35.73380629292899], [51.19108045110199, 35.73380558508893], [51.19107985343811, 35.7335361236469], [51.1907658485734, 35.73352890584629], [51.19074821049395, 35.73349961882599], [51.190749250907615, 35.73329359034986], [51.19078356855083, 35.73326531523822], [51.19107915882382, 35.73326460740786], [51.1910863900207, 35.73246781043776], [51.191408963025985, 35.73245261353103], [51.19140831611247, 35.73218221660239], [51.19107666664074, 35.73218274380305]], [[51.196712996414725, 35.73086119866318], [51.19674900843465, 35.73082129958866], [51.197008585706484, 35.73082087446871], [51.19703794307728, 35.73083839405422], [51.19704667824128, 35.73163204361499], [51.19736378398252, 35.731640640222835], [51.19737894007046, 35.731862001706986], [51.19736122780137, 35.73189531579658], [51.19675552557569, 35.73190305585664], [51.196722249209344, 35.731885350191135], [51.196712996414725, 35.73086119866318]], [[51.19671085682983, 35.73000974519697], [51.196393758038916, 35.73000114673046], [51.196387630989726, 35.729754375787], [51.19734903775231, 35.72974120591262], [51.197373798536894, 35.72977809060242], [51.197371925644916, 35.730254391077], [51.197335001518496, 35.7302791672475], [51.19673623011033, 35.73027710606285], [51.196711671521406, 35.73024413925915], [51.19671085682983, 35.73000974519697]], [[51.19707660638517, 35.72757469029656], [51.197036743013, 35.72753870700781], [51.197047729500696, 35.727315974907604], [51.19735601919891, 35.72731544632061], [51.19735660523019, 35.727562503974426], [51.19707660638517, 35.72757469029656]], [[51.196744932491754, 35.743844650537625], [51.196780944488495, 35.74380475140228], [51.197058880154664, 35.743810838019435], [51.197076722027255, 35.74384404142517], [51.19707049822593, 35.74405677961634], [51.197037257114374, 35.744074628451024], [51.19676324302027, 35.7440683425706], [51.19674560324937, 35.74403905718384], [51.196744932491754, 35.743844650537625]], [[51.192762100601286, 35.74327004004029], [51.19342558341582, 35.74326897508878], [51.193429100071015, 35.7427492003987], [51.193460430929676, 35.74272817899266], [51.193723939535325, 35.74272832997407], [51.1937562029344, 35.7427674777556], [51.19375811818543, 35.7435389295062], [51.19442160319227, 35.74353785905454], [51.194435652167634, 35.74327648158527], [51.19475273286455, 35.74326683408948], [51.19476678078785, 35.74300545658816], [51.19508386029219, 35.742995808207894], [51.195097907163465, 35.74273443067451], [51.19538667276321, 35.74272659398561], [51.195415129286296, 35.742764794416914], [51.19541904372646, 35.744347711274926], [51.19575074357634, 35.744347171945435], [51.19575040873611, 35.74411283910821], [51.195782353901805, 35.74407744652302], [51.19671333344795, 35.74407592631335], [51.196745395831535, 35.744111154655556], [51.196745036566256, 35.744587671066256], [51.19670679764181, 35.744616147910094], [51.19541970512037, 35.7446182915145], [51.195420700098694, 35.745123112531964], [51.195384870770994, 35.745159087876026], [51.19478574981223, 35.745158531586036], [51.19475749538449, 35.74512424905176], [51.19475668610498, 35.744889855892794], [51.19442498398306, 35.744890392488166], [51.19442564139911, 35.7451607887962], [51.19474280285141, 35.745169392252336], [51.19474338901232, 35.745421721430816], [51.193791019812025, 35.74543062731254], [51.193762765681754, 35.74539634439881], [51.1937766655317, 35.74517097035308], [51.19409375422242, 35.74516132459941], [51.19409178474096, 35.744349951699725], [51.19379608724465, 35.744350189984445], [51.193766730120906, 35.74433266936602], [51.193758681976554, 35.74380950986751], [51.193426984317945, 35.74381004369695], [51.19342829266938, 35.7443509283917], [51.193745450592324, 35.74435953453475], [51.193751570090036, 35.74460630503982], [51.192779903538266, 35.74461343374582], [51.192763313088854, 35.74381110878631], [51.19246761801654, 35.743811343797354], [51.192432259653984, 35.7437794240428], [51.192438740186816, 35.74301475249411], [51.19274681441339, 35.74300869162668], [51.192762100601286, 35.74327004004029]], [[51.19603797148791, 35.742453324461266], [51.19607783448489, 35.74248930817227], [51.19606684563652, 35.7427120394807], [51.19575849217038, 35.742712564836125], [51.1957579105702, 35.74246550784053], [51.19603797148791, 35.742453324461266]], [[51.19605934552932, 35.736794132948845], [51.19605134043937, 35.73757540208024], [51.195743272273184, 35.73757038236196], [51.19573234962808, 35.73681357396749], [51.19575342720673, 35.73677823481624], [51.19602796395562, 35.73677325225679], [51.19605934552932, 35.736794132948845]], [[51.19604478304561, 35.73488867476008], [51.196046035939986, 35.7354114930638], [51.19574352983528, 35.73541200380163], [51.19573674271175, 35.73489474434804], [51.19604478304561, 35.73488867476008]], [[51.19571381844924, 35.72923988779362], [51.195749830812815, 35.72919998919026], [51.19602770591539, 35.72920607841066], [51.1960455474277, 35.72923928214446], [51.196039320647905, 35.729452020845656], [51.19600607945282, 35.72946986927445], [51.19573212591132, 35.72946358082683], [51.19571448644632, 35.72943429512832], [51.19571381844924, 35.72923988779362]], [[51.19571744507382, 35.74705216505265], [51.195757307981864, 35.747088148904275], [51.195746318347375, 35.747310879957034], [51.19543794579112, 35.74731140451994], [51.195437365050545, 35.747064347726635], [51.19571744507382, 35.74705216505265]], [[51.195368454705346, 35.74002000803522], [51.195408317511664, 35.740055992081125], [51.195409128598385, 35.740290385641], [51.19570480962606, 35.74029014334982], [51.19573787646655, 35.74031456710022], [51.19574208391122, 35.740790836461876], [51.19571745901074, 35.740827861460396], [51.195435067213666, 35.74082832677803], [51.19541050900042, 35.740795359556266], [51.19540969789818, 35.74056096612263], [51.195114015948086, 35.740561207601864], [51.19508094912443, 35.74053678360827], [51.19508142755552, 35.74004163777649], [51.195112758196764, 35.740020615779855], [51.195368454705346, 35.74002000803522]], [[51.19573480155415, 35.73781546292292], [51.19569878910298, 35.73785536157562], [51.19542087837286, 35.73784927170162], [51.19540303700108, 35.73781606777059], [51.19540926529041, 35.737603329547944], [51.195442506462, 35.737585481301004], [51.19571649393802, 35.7375917703329], [51.19573413336171, 35.73762105597428], [51.19573480155415, 35.73781546292292]], [[51.19476591082881, 35.74867669048254], [51.1944701952704, 35.748676930478226], [51.194438813824924, 35.74865604924412], [51.19444749170257, 35.748145269890415], [51.19541366601248, 35.74814368622136], [51.19541425425264, 35.74839601525567], [51.19509715249253, 35.74840566467954], [51.195097764047766, 35.74867512539784], [51.19539352807008, 35.74867581918941], [51.19542288527444, 35.74869333927176], [51.195421774193186, 35.74920192065545], [51.19511367455218, 35.74920798879288], [51.195098380716495, 35.74894664092705], [51.19480266399027, 35.74894688174379], [51.19477330677048, 35.74892936146685], [51.19476591082881, 35.74867669048254]], [[51.19476327501783, 35.74759473798658], [51.194446103566975, 35.74758613453271], [51.19443998194094, 35.74733936422045], [51.195073353374895, 35.7473284187388], [51.19509436164517, 35.747359715137215], [51.195095171965285, 35.74759410834367], [51.195412343632874, 35.74760270997047], [51.19542448424287, 35.74783939353032], [51.19538755980247, 35.74786416892394], [51.194788642401704, 35.7478620984563], [51.19476408437335, 35.74782913103179], [51.19476327501783, 35.74759473798658]], [[51.19474087629575, 35.73839813389115], [51.19442374302661, 35.7383895302536], [51.194417621651006, 35.73814275952004], [51.19505091676984, 35.738131814406394], [51.19507212699112, 35.738167029002454], [51.19507339484793, 35.73866799298077], [51.195369069093594, 35.73866775153517], [51.19540442808813, 35.73869967000925], [51.195405497132086, 35.73890187963166], [51.195387967450586, 35.73893127000074], [51.19507405493414, 35.7389385734818], [51.19507655031941, 35.73998044889974], [51.19504442161235, 35.740019764384115], [51.194780922488235, 35.740020768230266], [51.19474556355589, 35.739988849474464], [51.19474087629575, 35.73839813389115]], [[51.195059593462695, 35.73302780937955], [51.19509560604674, 35.73298791106764], [51.19537349685942, 35.73299400177465], [51.19539133816296, 35.733027205682454], [51.19538510973632, 35.73323994413892], [51.19535186847966, 35.73325779233794], [51.19507789922283, 35.73325150242533], [51.195060259936525, 35.73322221656052], [51.195059593462695, 35.73302780937955]], [[51.19475941352667, 35.74597180881781], [51.194745365644614, 35.74623318611358], [51.19444281461685, 35.74623369361129], [51.19443603527128, 35.745716435003786], [51.19508147112797, 35.74571536172391], [51.195076505261035, 35.74596216033271], [51.19475941352667, 35.74597180881781]], [[51.19476717708036, 35.74917758800579], [51.19473116430839, 35.74921748624746], [51.19445320643279, 35.74921139424598], [51.19443536536125, 35.74917819007228], [51.194441595981765, 35.74896545246268], [51.19447483724811, 35.748947604543645], [51.194748871875646, 35.74895389567144], [51.19476651104171, 35.7489831815451], [51.19476717708036, 35.74917758800579]], [[51.19442611476807, 35.72893145242351], [51.19438625214616, 35.72889546784714], [51.194397245827346, 35.7286727362776], [51.19470554120458, 35.72867221477537], [51.194706119392734, 35.72891927240842], [51.19442611476807, 35.72893145242351]], [[51.19414624498649, 35.750300580913404], [51.194106382435166, 35.750264596273055], [51.19411737647619, 35.75004186567624], [51.194425760508985, 35.75004134461479], [51.19442633829496, 35.75028840128947], [51.19414624498649, 35.750300580913404]], [[51.19410421006151, 35.74944914875851], [51.194068197062734, 35.74948904669208], [51.19380854259625, 35.74948946567841], [51.19377918547377, 35.749471945074376], [51.19377127986805, 35.748988772387605], [51.193788993242386, 35.748955459300994], [51.1940630264502, 35.74894826954883], [51.19409630248572, 35.74896597616221], [51.19410421006151, 35.74944914875851]], [[51.19342180070744, 35.741686122919056], [51.193461736229224, 35.741646026219115], [51.19407623008873, 35.741659646698636], [51.19407257418676, 35.742447422235955], [51.19376448585326, 35.74244239728525], [51.193754094074116, 35.74191609122323], [51.1934401021897, 35.7419098160357], [51.19342246335183, 35.74188052975235], [51.19342180070744, 35.741686122919056]], [[51.19379279666541, 35.74137500392919], [51.19375293421785, 35.74133901908616], [51.19376392939016, 35.74111628816693], [51.19407227639086, 35.74111576818247], [51.19407285294763, 35.74136282526456], [51.19379279666541, 35.74137500392919]], [[51.19315210230503, 35.75084315936876], [51.19311203815662, 35.75080325604877], [51.19310971489905, 35.74952300612775], [51.19314497761971, 35.7494909180831], [51.19340851429665, 35.74949106967821], [51.19344057570067, 35.74952629938778], [51.19344203573787, 35.75003118033714], [51.19373775693691, 35.75003094276416], [51.19377215349039, 35.750059058314086], [51.19377426916683, 35.750539445392164], [51.19373900651217, 35.750571533726415], [51.19344334511393, 35.750572248393894], [51.193432197923215, 35.75083098211159], [51.19315210230503, 35.75084315936876]], [[51.19341918375962, 35.740604169066295], [51.19345519689835, 35.74056427149224], [51.19373311914436, 35.74057036595214], [51.1937509599214, 35.74060357030149], [51.19374472732817, 35.74081630822767], [51.193711485918456, 35.74083415584628], [51.19343748521489, 35.740827862235236], [51.193419846379015, 35.74079857594861], [51.19341918375962, 35.740604169066295]], [[51.19338909888272, 35.72816168573374], [51.19342511204328, 35.728121788216995], [51.1936846781851, 35.72812137030546], [51.19371403523262, 35.72813889099302], [51.193721939628254, 35.72862206556056], [51.19370422614944, 35.72865537861864], [51.19343027738358, 35.7286625672727], [51.19339700131031, 35.72864486039163], [51.19338909888272, 35.72816168573374]], [[51.19338239067492, 35.7419166432634], [51.19342225291935, 35.74195262827163], [51.19341125682406, 35.74217535912966], [51.193102905531276, 35.742175877356225], [51.19310233183147, 35.74192882029633], [51.19338239067492, 35.7419166432634]], [[51.19308806053334, 35.74087519040745], [51.193124073785214, 35.74083529298676], [51.193383692662174, 35.74083487557858], [51.19341304967415, 35.74085239634007], [51.193420952800835, 35.74133556979359], [51.19340323924203, 35.7413688828001], [51.19312923772899, 35.74137607091537], [51.193095961690744, 35.74135836395137], [51.19308806053334, 35.74087519040745]], [[51.192775991073546, 35.74299050363995], [51.19277475883515, 35.7424676859165], [51.19307729441321, 35.742467182820576], [51.19308406506039, 35.74298444185841], [51.192775991073546, 35.74299050363995]], [[51.19304995571023, 35.74164668765183], [51.193089817860354, 35.741682672823124], [51.1930788208541, 35.741905403633474], [51.19277047067473, 35.741905920964726], [51.19276989796794, 35.7416588638877], [51.19304995571023, 35.74164668765183]], [[51.19274911177773, 35.73790034826915], [51.19278512514842, 35.737860451016736], [51.19306303618375, 35.73786654708211], [51.193080876737014, 35.73789975162681], [51.193074642335155, 35.73811248958886], [51.19304140086668, 35.7381303369582], [51.19276741136757, 35.738124041764465], [51.192749772722436, 35.738094755291705], [51.19274911177773, 35.73790034826915]], [[51.192468282334474, 35.74245908800636], [51.19242842026172, 35.74242310252091], [51.192439419023096, 35.74220037188485], [51.192747770548095, 35.742199855436425], [51.192748343191525, 35.742446912489605], [51.192468282334474, 35.74245908800636]], [[51.19242450560692, 35.740876253382105], [51.192460519086026, 35.74083635627064], [51.192738442467366, 35.74084245306053], [51.19275628291861, 35.74087565768885], [51.192750047718924, 35.74108839548156], [51.192716806219224, 35.7411062427391], [51.192442804371645, 35.74109994683149], [51.19242516581396, 35.74107066027872], [51.19242450560692, 35.740876253382105]], [[51.19242886917883, 35.74268960816406], [51.19239285560006, 35.742729505293234], [51.19211492462911, 35.74272340772492], [51.19209708433417, 35.74269020287693], [51.192103321213395, 35.74247746527063], [51.19213656268662, 35.74245961821543], [51.19241057043144, 35.74246591483077], [51.192428208935176, 35.7424952013472], [51.19242886917883, 35.74268960816406]], [[51.191776163284665, 35.741116834305885], [51.19241047177178, 35.74111580368183], [51.192416587244736, 35.74136257445153], [51.19177118752771, 35.741363632925214], [51.191776163284665, 35.741116834305885]], [[51.192065446708206, 35.729516255890154], [51.19210146032072, 35.72947635898527], [51.19237933659371, 35.729482456758085], [51.19239717691031, 35.729515661516444], [51.192390940561026, 35.72972839976012], [51.192357699036215, 35.72974624686348], [51.19208374429236, 35.72973994998607], [51.19206610584833, 35.72971066331017], [51.192065446708206, 35.729516255890154]], [[51.19180471435052, 35.742460147715185], [51.19176485246577, 35.742424161906044], [51.191775853035416, 35.742201431388516], [51.192084204577995, 35.742200916719455], [51.19208477525003, 35.74244797378249], [51.19180471435052, 35.742460147715185]], [[51.192091236352624, 35.74025574224857], [51.19205522265599, 35.74029563921197], [51.19177730177937, 35.74028954082152], [51.19175946159877, 35.74025633587239], [51.19176569940862, 35.74004359820134], [51.191798940910765, 35.74002575127394], [51.19207293856473, 35.74003204869984], [51.19209057697112, 35.74006133531258], [51.192091236352624, 35.74025574224857]], [[51.19112692712343, 35.73651045518425], [51.191087065433095, 35.73647446902463], [51.19109806796009, 35.73625173837103], [51.19140639483394, 35.73625122560428], [51.19140696337474, 35.736498282945426], [51.19112692712343, 35.73651045518425]], [[51.19105216142966, 35.73867449139875], [51.191092023012594, 35.73871047755447], [51.19108102050711, 35.7389332081366], [51.19077268261893, 35.73893372006848], [51.19077211590583, 35.7386866628278], [51.19105216142966, 35.73867449139875]], [[51.18982107197518, 35.74543867718788], [51.189781210651276, 35.74540269042101], [51.189792216571696, 35.74517996038658], [51.19010058051254, 35.74517945099455], [51.19010114534973, 35.745426507952835], [51.18982107197518, 35.74543867718788]], [[51.18876537608956, 35.73682470472972], [51.18880139082533, 35.736784809337266], [51.189079297425174, 35.73679091476024], [51.189097136670476, 35.73682412042758], [51.18909089179151, 35.737036857948894], [51.18905764996404, 35.73705470386776], [51.188783664865326, 35.73704839945047], [51.18876602733683, 35.73701911190689], [51.18876537608956, 35.73682470472972]], [[51.187079800354, 35.74246758752788], [51.18711966081292, 35.74250357560864], [51.18710864755254, 35.74272630531674], [51.186800293849984, 35.74272680665033], [51.18679973886412, 35.74247974952229], [51.187079800354, 35.74246758752788]], [[51.186470790033965, 35.742459462071295], [51.186469598122734, 35.741936644108065], [51.18677213162012, 35.74193615746123], [51.18677886221202, 35.74245341719603], [51.186470790033965, 35.742459462071295]]]}}, {"type": "Feature", "properties": {"cls": 0}, "geometry": {"type": "Polygon", "coordinates": [[[51.23821124597015, 35.74129530431514], [51.238212051335054, 35.74156570000261], [51.2385437387002, 35.74156504271519], [51.238542932213925, 35.741294647034216], [51.23821124597015, 35.74129530431514]]]}}, {"type": "Feature", "properties": {"cls": 0}, "geometry": {"type": "Polygon", "coordinates": [[[51.23456803253262, 35.74346637623198], [51.2345696191431, 35.74400725950279], [51.23490131672613, 35.744006612220616], [51.23490289486348, 35.74349039683153], [51.23493589021188, 35.74346580523352], [51.23523151478302, 35.743464988746005], [51.235230719439365, 35.7431945930858], [51.234899025233084, 35.74319524126362], [51.23488510554745, 35.74345662101012], [51.23456803253262, 35.74346637623198]]]}}, {"type": "Feature", "properties": {"cls": 0}, "geometry": {"type": "Polygon", "coordinates": [[[51.23423228354614, 35.742114584331425], [51.234233075482535, 35.74238498005964], [51.23456476634227, 35.74238433373077], [51.23456397328444, 35.742113938008934], [51.23423228354614, 35.742114584331425]]]}}, {"type": "Feature", "properties": {"cls": 0}, "geometry": {"type": "Polygon", "coordinates": [[[51.23356634996912, 35.74130441119315], [51.233569509806856, 35.742386270114444], [51.23390120068768, 35.74238562561524], [51.233899781599575, 35.741884735185735], [51.2339208461782, 35.74184938387988], [51.234563179480666, 35.74184335835215], [51.234562386443976, 35.74157296260592], [51.234245233409474, 35.741564465851596], [51.234229814706005, 35.741303121260245], [51.23356634996912, 35.74130441119315]]]}}, {"type": "Feature", "properties": {"cls": 0}, "geometry": {"type": "Polygon", "coordinates": [[[51.231576462924814, 35.74157874702374], [51.231578029191866, 35.74211963057986], [51.23189518416993, 35.74212813439616], [51.231910595433675, 35.74238947924002], [51.23224228636699, 35.74238883931502], [51.23224184469467, 35.742154512638116], [51.23228158580334, 35.742118320189775], [51.23256166085008, 35.74212948110863], [51.23257416121441, 35.742388198334616], [51.233237634990935, 35.74238691383998], [51.233234479641915, 35.741305054893196], [51.232902793228156, 35.74130569753727], [51.23290323681574, 35.74154002403629], [51.23287130269238, 35.741575432150114], [51.231576462924814, 35.74157874702374]]]}}, {"type": "Feature", "properties": {"cls": 0}, "geometry": {"type": "Polygon", "coordinates": [[[51.232204682655365, 35.729405506509295], [51.23220546736989, 35.72967590284914], [51.23253710556267, 35.72967526230746], [51.23253631972742, 35.729404865973954], [51.232204682655365, 35.729405506509295]]]}}, {"type": "Feature", "properties": {"cls": 0}, "geometry": {"type": "Polygon", "coordinates": [[[51.231208713777185, 35.72913693450713], [51.231209495118236, 35.72940733087814], [51.231541132220805, 35.72940669308601], [51.23154034975905, 35.72913629672132], [51.231208713777185, 35.72913693450713]]]}}, {"type": "Feature", "properties": {"cls": 0}, "geometry": {"type": "Polygon", "coordinates": [[[51.22991834277301, 35.74185241640299], [51.229919897841064, 35.74239329999768], [51.23124693764884, 35.742390756555594], [51.23124615580827, 35.74212036077022], [51.23028301719335, 35.742121394498724], [51.2302509447494, 35.74208618017427], [51.23025003152516, 35.741851781979584], [51.22991834277301, 35.74185241640299]]]}}, {"type": "Feature", "properties": {"cls": 0}, "geometry": {"type": "Polygon", "coordinates": [[[51.230246229461144, 35.74049934283762], [51.23024934429018, 35.74158120215849], [51.23091281147948, 35.741579930510085], [51.23090968767424, 35.74049807123956], [51.230246229461144, 35.74049934283762]]]}}, {"type": "Feature", "properties": {"cls": 0}, "geometry": {"type": "Polygon", "coordinates": [[[51.22856107206919, 35.73130591115172], [51.22856184452449, 35.731576307475294], [51.22952865937429, 35.73157623330549], [51.229556924114966, 35.73161050256316], [51.22955783505418, 35.731844901197235], [51.22985348575485, 35.731844575053344], [51.229882846330234, 35.7318620837996], [51.22989035159627, 35.73211475608667], [51.23022199995667, 35.732114121889374], [51.230220443433225, 35.73157323738], [51.229596974588034, 35.73157438266598], [51.22955865197567, 35.73154609703132], [51.22955653335202, 35.73134008535112], [51.22957405337299, 35.73131068591207], [51.22988792767283, 35.731303291412985], [51.229887150743664, 35.73103289510221], [51.22889203513398, 35.73103479227089], [51.22887809593783, 35.731296172232994], [51.22856107206919, 35.73130591115172]]]}}, {"type": "Feature", "properties": {"cls": 0}, "geometry": {"type": "Polygon", "coordinates": [[[51.22959199840871, 35.74374646425779], [51.22959277470299, 35.74401686000139], [51.22992447244307, 35.744016226442625], [51.22992369502726, 35.74374583070528], [51.22959199840871, 35.74374646425779]]]}}, {"type": "Feature", "properties": {"cls": 0}, "geometry": {"type": "Polygon", "coordinates": [[[51.22957724375356, 35.73860719554446], [51.229578019851374, 35.73887759151987], [51.229909696269324, 35.73887695808028], [51.22990891905029, 35.738606562111144], [51.22957724375356, 35.73860719554446]]]}}, {"type": "Feature", "properties": {"cls": 0}, "geometry": {"type": "Polygon", "coordinates": [[[51.2292392740916, 35.73644392414858], [51.229240048985275, 35.736714320227875], [51.229571716437455, 35.73671368775311], [51.22957094042266, 35.736443291680075], [51.2292392740916, 35.73644392414858]]]}}, {"type": "Feature", "properties": {"cls": 0}, "geometry": {"type": "Polygon", "coordinates": [[[51.228264843983276, 35.743748989595964], [51.2282656157903, 35.744019385364545], [51.228597313571676, 35.744018755465355], [51.22861125333303, 35.74375737603016], [51.228928328885445, 35.743747636864654], [51.22892789688508, 35.743513309681006], [51.22895232857783, 35.743480196489045], [51.22925934195453, 35.74347651734925], [51.22925856680301, 35.743206121574985], [51.228926872408444, 35.74320675328519], [51.22892080046759, 35.74345941079715], [51.22889148493836, 35.74347707090568], [51.22859585931818, 35.74347787189793], [51.22858191949951, 35.743739251275095], [51.228264843983276, 35.743748989595964]]]}}, {"type": "Feature", "properties": {"cls": 0}, "geometry": {"type": "Polygon", "coordinates": [[[51.22626722352888, 35.741318359699626], [51.22626875387244, 35.741859243480064], [51.228231039028486, 35.741857303255856], [51.22825930339176, 35.7418915729729], [51.22825537577009, 35.74210485867132], [51.2282240493917, 35.74212589263729], [51.22792842925178, 35.742126691969474], [51.22792919987539, 35.742397087817494], [51.22856436630675, 35.7423976490193], [51.22859263077027, 35.74243191860699], [51.2285935391509, 35.74266631665541], [51.22892523131037, 35.742665685872566], [51.228924457311564, 35.74239529005544], [51.22862876310042, 35.74239561397783], [51.228592605871384, 35.742355913322385], [51.228594292789616, 35.741879612592705], [51.22862728919111, 35.74185502345732], [51.2289229082374, 35.74185422250038], [51.22892213426954, 35.74158382664666], [51.227299325004644, 35.74158666510651], [51.2272633717411, 35.74155088158195], [51.22726246728478, 35.74131648377407], [51.22626722352888, 35.741318359699626]]]}}, {"type": "Feature", "properties": {"cls": 0}, "geometry": {"type": "Polygon", "coordinates": [[[51.22792997124382, 35.74266766757613], [51.22793151290964, 35.743208551172565], [51.228594993710935, 35.74320729225747], [51.228594220813285, 35.74293689645851], [51.228277063093415, 35.742928383712986], [51.22826166342471, 35.74266703862297], [51.22792997124382, 35.74266766757613]]]}}, {"type": "Feature", "properties": {"cls": 0}, "geometry": {"type": "Polygon", "coordinates": [[[51.227255641267064, 35.73888209243021], [51.22725640952437, 35.73915248843706], [51.22791985670069, 35.739151233368005], [51.22791908620057, 35.73888083737358], [51.227255641267064, 35.73888209243021]]]}}, {"type": "Feature", "properties": {"cls": 0}, "geometry": {"type": "Polygon", "coordinates": [[[51.226277173860964, 35.74483470114927], [51.22628023548371, 35.74591655998829], [51.22659740535756, 35.74592507795944], [51.22661279979057, 35.74618642313012], [51.227608104120506, 35.74618454412521], [51.227607334475394, 35.7459141484418], [51.22731162583224, 35.745914469175474], [51.227278553698284, 35.74589005775349], [51.22727399909469, 35.745373800369784], [51.22665041606661, 35.745374930791236], [51.22661113059234, 35.745342840980456], [51.22661572042812, 35.744851814846356], [51.22664503610851, 35.74483415547479], [51.22694066786844, 35.74483335934771], [51.22694024166306, 35.744599031873506], [51.22696467394876, 35.74456591936074], [51.22727169218176, 35.744562245308856], [51.22727092372001, 35.74429184954604], [51.226939224774355, 35.74429247579184], [51.22693314665156, 35.744545133350876], [51.226903830924584, 35.744562792806136], [51.226608200440054, 35.74456358892797], [51.226594254298156, 35.744824968142524], [51.226277173860964, 35.74483470114927]]]}}, {"type": "Feature", "properties": {"cls": 0}, "geometry": {"type": "Polygon", "coordinates": [[[51.22723719737665, 35.732390377531814], [51.227237965388355, 35.73266077383146], [51.22756961607464, 35.73266014693772], [51.227568846942056, 35.73238975064426], [51.22723719737665, 35.732390377531814]]]}}, {"type": "Feature", "properties": {"cls": 0}, "geometry": {"type": "Polygon", "coordinates": [[[51.22696533251529, 35.75348905178175], [51.22696610020316, 35.75375944713591], [51.22729783844024, 35.75375882067307], [51.227297069630325, 35.753488425325116], [51.22696533251529, 35.75348905178175]]]}}, {"type": "Feature", "properties": {"cls": 0}, "geometry": {"type": "Polygon", "coordinates": [[[51.22663503730009, 35.75403065202307], [51.22663580388603, 35.75430104735901], [51.226967544379185, 35.75430042179901], [51.22696677667117, 35.75403002646925], [51.22663503730009, 35.75403065202307]]]}}, {"type": "Feature", "properties": {"cls": 0}, "geometry": {"type": "Polygon", "coordinates": [[[51.22626110110426, 35.73915445624423], [51.226261866007114, 35.73942485225742], [51.226593544772044, 35.739424227952696], [51.22659277874793, 35.739153831945686], [51.22626110110426, 35.73915445624423]]]}}, {"type": "Feature", "properties": {"cls": 0}, "geometry": {"type": "Polygon", "coordinates": [[[51.225304662128835, 35.75295119594902], [51.225305424184626, 35.75322159135843], [51.225637160226974, 35.753220969484026], [51.225651109210844, 35.7529595906374], [51.22596822355666, 35.75294985926772], [51.22596780000234, 35.75271553201656], [51.22599223256911, 35.7526824198111], [51.226299284640646, 35.75267874813627], [51.22629851923858, 35.75240835272092], [51.225634961957866, 35.752409599246604], [51.225629643497946, 35.75293274386761], [51.225600327637046, 35.75295040291234], [51.225304662128835, 35.75295119594902]]]}}, {"type": "Feature", "properties": {"cls": 0}, "geometry": {"type": "Polygon", "coordinates": [[[51.22328801342951, 35.74375832922851], [51.2232917898682, 35.74511067625723], [51.22360895590462, 35.74511920225975], [51.223624340766506, 35.745380547744794], [51.225615021642476, 35.74537683095401], [51.22562190947024, 35.74458003730625], [51.2262763160627, 35.74456412152566], [51.22627555096649, 35.74429372574426], [51.22595838799398, 35.744285206798665], [51.22594299569964, 35.74402386155247], [51.22561129783553, 35.7440244841325], [51.225605215557025, 35.74427714176919], [51.2255758996985, 35.74429480078567], [51.22528027008315, 35.744295593639336], [51.22528069142001, 35.74452992130964], [51.22525625856242, 35.7445630332762], [51.22465344544141, 35.74456701647608], [51.22461728956151, 35.74452731397188], [51.224615076505394, 35.743755858857455], [51.22328801342951, 35.74375832922851]], [[51.22427018484769, 35.74428834468234], [51.223635851576574, 35.74428954633762], [51.22362964342063, 35.744042778464056], [51.22427506412959, 35.74404154435832], [51.22427018484769, 35.74428834468234]]]}}, {"type": "Feature", "properties": {"cls": 0}, "geometry": {"type": "Polygon", "coordinates": [[[51.22526731603857, 35.739697299830496], [51.22526807759703, 35.739967695837784], [51.2262633046102, 35.73996582823852], [51.22626253968726, 35.73969543224971], [51.22526731603857, 35.739697299830496]]]}}, {"type": "Feature", "properties": {"cls": 0}, "geometry": {"type": "Polygon", "coordinates": [[[51.22590488421449, 35.73049945786925], [51.22590564767024, 35.73076985427903], [51.226237290545626, 35.73076923108655], [51.2262365259691, 35.73049883468294], [51.22590488421449, 35.73049945786925]]]}}, {"type": "Feature", "properties": {"cls": 0}, "geometry": {"type": "Polygon", "coordinates": [[[51.2252398936287, 35.72995972483164], [51.22524065482198, 35.730230121278126], [51.226235760673525, 35.730228254344304], [51.22623499611736, 35.729957857916304], [51.2252398936287, 35.72995972483164]]]}}, {"type": "Feature", "properties": {"cls": 0}, "geometry": {"type": "Polygon", "coordinates": [[[51.22528865367575, 35.74727095834256], [51.22529017773423, 35.74781184162312], [51.225621891322184, 35.74781121987183], [51.22562036501944, 35.747270336603584], [51.22528865367575, 35.74727095834256]]]}}, {"type": "Feature", "properties": {"cls": 0}, "geometry": {"type": "Polygon", "coordinates": [[[51.2239629557929, 35.74781441171126], [51.223964470913444, 35.748355294992045], [51.22462799461292, 35.74835405780233], [51.224626475003426, 35.74781317454603], [51.2239629557929, 35.74781441171126]]]}}, {"type": "Feature", "properties": {"cls": 0}, "geometry": {"type": "Polygon", "coordinates": [[[51.22329330101792, 35.745651743729304], [51.223294056068085, 35.74592213950489], [51.22358976435196, 35.745921828562636], [51.223622835791424, 35.74594624142263], [51.22362736691661, 35.7464624986441], [51.224290874920634, 35.74646126337015], [51.22428859891985, 35.74564989221209], [51.22329330101792, 35.745651743729304]]]}}, {"type": "Feature", "properties": {"cls": 0}, "geometry": {"type": "Polygon", "coordinates": [[[51.22361299450029, 35.741323322095205], [51.22361375051121, 35.741593718059924], [51.22394543833464, 35.74159310102427], [51.22394468120233, 35.74132270506565], [51.22361299450029, 35.741323322095205]]]}}, {"type": "Feature", "properties": {"cls": 0}, "geometry": {"type": "Polygon", "coordinates": [[[51.22263648657232, 35.7480873628476], [51.2226372394689, 35.74835775852554], [51.22296895538287, 35.74835714408225], [51.22296820136452, 35.748086748410394], [51.22263648657232, 35.7480873628476]]]}}, {"type": "Feature", "properties": {"cls": 0}, "geometry": {"type": "Polygon", "coordinates": [[[51.22198413923853, 35.75214590260304], [51.22198489004103, 35.75241629811009], [51.22231662281577, 35.75241568540593], [51.222330582433734, 35.7521543067123], [51.22264769413672, 35.752144584263064], [51.22264694109998, 35.751874188755934], [51.22231521058007, 35.75187480236313], [51.22230125090503, 35.75213618099871], [51.22198413923853, 35.75214590260304]]]}}, {"type": "Feature", "properties": {"cls": 0}, "geometry": {"type": "Polygon", "coordinates": [[[51.22164706563073, 35.75025310178952], [51.221647815241035, 35.75052349738803], [51.22196500348403, 35.750532027718776], [51.22198038322894, 35.750793373116075], [51.222312109266994, 35.75079276044829], [51.222310605189584, 35.75025187732625], [51.22164706563073, 35.75025310178952]]]}}, {"type": "Feature", "properties": {"cls": 0}, "geometry": {"type": "Polygon", "coordinates": [[[51.22067177995238, 35.75755809204638], [51.22067252646463, 35.75782848733357], [51.22100428173883, 35.75782787816951], [51.2210035341043, 35.75755748288835], [51.22067177995238, 35.75755809204638]]]}}, {"type": "Feature", "properties": {"cls": 0}, "geometry": {"type": "Polygon", "coordinates": [[[51.21901254923407, 35.75756112443841], [51.21901329013342, 35.7578315197556], [51.219345045457224, 35.757830915168334], [51.2193443034356, 35.75756051985712], [51.21901254923407, 35.75756112443841]]]}}, {"type": "Feature", "properties": {"cls": 0}, "geometry": {"type": "Polygon", "coordinates": [[[51.218014797093936, 35.756751470925416], [51.21801553459605, 35.7570218662971], [51.21867913051661, 35.75702066166922], [51.21867839076973, 35.75675026630946], [51.218014797093936, 35.756751470925416]]]}}, {"type": "Feature", "properties": {"cls": 0}, "geometry": {"type": "Polygon", "coordinates": [[[51.216992833640475, 35.74701571832256], [51.216993567422946, 35.74728611415128], [51.21732527901523, 35.747285515287444], [51.21732454411105, 35.747015119464635], [51.216992833640475, 35.74701571832256]]]}}, {"type": "Feature", "properties": {"cls": 0}, "geometry": {"type": "Polygon", "coordinates": [[[51.215697737262495, 35.758919557131456], [51.2156984669846, 35.75918995244695], [51.217025786963745, 35.759187564906036], [51.21702505275131, 35.75891716961416], [51.215697737262495, 35.758919557131456]]]}}, {"type": "Feature", "properties": {"cls": 0}, "geometry": {"type": "Polygon", "coordinates": [[[51.21668889243311, 35.757294844005855], [51.2166896254646, 35.75756523937685], [51.21702137973411, 35.75756464120303], [51.21702064558036, 35.75729424583794], [51.21668889243311, 35.757294844005855]]]}}, {"type": "Feature", "properties": {"cls": 0}, "geometry": {"type": "Polygon", "coordinates": [[[51.216009850606774, 35.75161580067805], [51.2160105811887, 35.7518861963171], [51.21634231189568, 35.751885600097935], [51.2163415801918, 35.75161520446479], [51.216009850606774, 35.75161580067805]]]}}, {"type": "Feature", "properties": {"cls": 0}, "geometry": {"type": "Polygon", "coordinates": [[[51.21503330566479, 35.75865025812896], [51.21503403313189, 35.75892065346841], [51.21536579306587, 35.75892005984196], [51.21536506447642, 35.75864966450838], [51.21503330566479, 35.75865025812896]]]}}, {"type": "Feature", "properties": {"cls": 0}, "geometry": {"type": "Polygon", "coordinates": [[[51.21436742744399, 35.75783998074255], [51.21436815263682, 35.75811037613032], [51.21503175775712, 35.75810919159398], [51.21503103031939, 35.75783879621792], [51.21436742744399, 35.75783998074255]]]}}, {"type": "Feature", "properties": {"cls": 0}, "geometry": {"type": "Polygon", "coordinates": [[[51.21430289321949, 35.73376655779674], [51.2143043422412, 35.73430744269313], [51.21463600004642, 35.73430685143041], [51.21463454878192, 35.733765966545704], [51.21430289321949, 35.73376655779674]]]}}, {"type": "Feature", "properties": {"cls": 0}, "geometry": {"type": "Polygon", "coordinates": [[[51.21393136490509, 35.718890265165165], [51.21393281062388, 35.71943115141496], [51.2145960948505, 35.719429970382535], [51.214594644649104, 35.71888908415612], [51.21393136490509, 35.718890265165165]]]}}, {"type": "Feature", "properties": {"cls": 0}, "geometry": {"type": "Polygon", "coordinates": [[[51.213040758699385, 35.75811282630869], [51.21304147941142, 35.75838322170758], [51.21367677698262, 35.758383861202226], [51.21370503700811, 35.75841813642842], [51.21370590212899, 35.758652531754954], [51.214037660978505, 35.758651941795954], [51.21403693688928, 35.758381546426726], [51.213719717425036, 35.75837299485075], [51.21370436389827, 35.75811164909568], [51.213040758699385, 35.75811282630869]]]}}, {"type": "Feature", "properties": {"cls": 0}, "geometry": {"type": "Polygon", "coordinates": [[[51.213357443753864, 35.75243200086345], [51.21335816538659, 35.75270239651276], [51.21368989953955, 35.75270180759741], [51.21368917678483, 35.75243141195392], [51.213357443753864, 35.75243200086345]]]}}, {"type": "Feature", "properties": {"cls": 0}, "geometry": {"type": "Polygon", "coordinates": [[[51.21326727238542, 35.71862095344704], [51.21326799281736, 35.71889135062114], [51.21359958673163, 35.71889076243426], [51.21359886517958, 35.71862036526596], [51.21326727238542, 35.71862095344704]]]}}, {"type": "Feature", "properties": {"cls": 0}, "geometry": {"type": "Polygon", "coordinates": [[[51.21304220082016, 35.758653801017246], [51.2130429215514, 35.75892419639173], [51.21337468154334, 35.75892360825767], [51.21337395968976, 35.758653212889], [51.21304220082016, 35.758653801017246]]]}}, {"type": "Feature", "properties": {"cls": 0}, "geometry": {"type": "Polygon", "coordinates": [[[51.208727432677144, 35.75839087678929], [51.208730258253105, 35.75947273444666], [51.20936926082576, 35.75947471127385], [51.20939382313612, 35.75950767359387], [51.209394675640496, 35.75974206827713], [51.210058294526185, 35.75974091113468], [51.21005791743189, 35.759506581475115], [51.21009374233824, 35.7594705994468], [51.21238056333756, 35.75946634476489], [51.212379844832775, 35.75919594940318], [51.212062622259566, 35.759187393391265], [51.212054115660145, 35.75894378522352], [51.21208735534322, 35.75892593087655], [51.21271097762535, 35.75892478373893], [51.21270932244263, 35.75865434407997], [51.212046648267936, 35.758655560102284], [51.21204703117174, 35.75888988935716], [51.2120225943742, 35.75892299682174], [51.21140135676303, 35.75892040462287], [51.211383510117194, 35.75888720524417], [51.21139756408109, 35.758665745949884], [51.211714705094394, 35.75865605273542], [51.211714037273644, 35.75838659269742], [51.211396769767354, 35.75837709951449], [51.21138142366748, 35.75811575354552], [51.21104966698677, 35.7581163361699], [51.21105004695667, 35.758350665621535], [51.211014222239776, 35.75838664809837], [51.208727432677144, 35.75839087678929]], [[51.20939331724232, 35.75924117455331], [51.20942932489127, 35.75920126946527], [51.20970732436105, 35.75920732620103], [51.20972517040631, 35.75924052600649], [51.20971898012198, 35.759453265066064], [51.20968574014194, 35.75947111853475], [51.209411662357454, 35.75946486210885], [51.20939401902588, 35.759435580155056], [51.20939331724232, 35.75924117455331]]]}}, {"type": "Feature", "properties": {"cls": 0}, "geometry": {"type": "Polygon", "coordinates": [[[51.21127787769705, 35.71889495289523], [51.21127859141588, 35.71916535009189], [51.21161018650856, 35.71916476738355], [51.21160947166957, 35.71889437019267], [51.21127787769705, 35.71889495289523]]]}}, {"type": "Feature", "properties": {"cls": 0}, "geometry": {"type": "Polygon", "coordinates": [[[51.20934367024361, 35.740267038933055], [51.209344377984266, 35.740537435200565], [51.20967606173879, 35.740536857524894], [51.2096753528768, 35.74026646126311], [51.20934367024361, 35.740267038933055]]]}}, {"type": "Feature", "properties": {"cls": 0}, "geometry": {"type": "Polygon", "coordinates": [[[51.209335174044334, 35.73702117923366], [51.20933588167184, 35.73729157564755], [51.20966755196137, 35.737290998040514], [51.209666843212716, 35.737020601632345], [51.209335174044334, 35.73702117923366]]]}}, {"type": "Feature", "properties": {"cls": 0}, "geometry": {"type": "Polygon", "coordinates": [[[51.2086787093861, 35.73972721513777], [51.208679414864676, 35.73999761144107], [51.20901109639374, 35.73999703560637], [51.20901038979385, 35.73972663930877], [51.2086787093861, 35.73972721513777]]]}}, {"type": "Feature", "properties": {"cls": 0}, "geometry": {"type": "Polygon", "coordinates": [[[51.208064437202374, 35.75866251404845], [51.20806514109391, 35.75893290950914], [51.20839690122842, 35.75893233510605], [51.208396196214544, 35.758661939651034], [51.208064437202374, 35.75866251404845]]]}}, {"type": "Feature", "properties": {"cls": 0}, "geometry": {"type": "Polygon", "coordinates": [[[51.20574078376628, 35.75839602216305], [51.20574147979001, 35.75866641767548], [51.20638047532539, 35.75866841045108], [51.20640503674712, 35.75870137380438], [51.20640588046974, 35.75893576810669], [51.207733197025554, 35.75893348312237], [51.207732494256966, 35.75866308765598], [51.20644118252453, 35.75866507236697], [51.206405235342466, 35.75862927942745], [51.20640439162766, 35.758394885217335], [51.20574078376628, 35.75839602216305]]]}}, {"type": "Feature", "properties": {"cls": 0}, "geometry": {"type": "Polygon", "coordinates": [[[51.20664824269221, 35.72431279808455], [51.20664894091077, 35.724583195117084], [51.20731226815841, 35.72458205409157], [51.20731156769866, 35.72431165707032], [51.20664824269221, 35.72431279808455]]]}}, {"type": "Feature", "properties": {"cls": 0}, "geometry": {"type": "Polygon", "coordinates": [[[51.20536515287379, 35.7413558534877], [51.20536584719186, 35.741626249774306], [51.20569753554742, 35.74162568305359], [51.20569684010797, 35.74135528677258], [51.20536515287379, 35.7413558534877]]]}}, {"type": "Feature", "properties": {"cls": 0}, "geometry": {"type": "Polygon", "coordinates": [[[51.203656670151375, 35.7218834857227], [51.20365735820066, 35.72215388291537], [51.20398896584024, 35.722153321169394], [51.20400298474094, 35.72189194215931], [51.20431997481347, 35.72188226930439], [51.20431928453244, 35.72161187211066], [51.203987679143495, 35.721612434759656], [51.20397366018653, 35.72187381371168], [51.203656670151375, 35.7218834857227]]]}}, {"type": "Feature", "properties": {"cls": 0}, "geometry": {"type": "Polygon", "coordinates": [[[51.2036546050751, 35.72107201818695], [51.203655293096894, 35.721342415416224], [51.20398689737308, 35.72134185368694], [51.20398620823101, 35.72107145646323], [51.2036546050751, 35.72107201818695]]]}}, {"type": "Feature", "properties": {"cls": 0}, "geometry": {"type": "Polygon", "coordinates": [[[51.20299327316148, 35.721884606584375], [51.20299395896955, 35.72215500378815], [51.203325566627456, 35.722154443870515], [51.20332487969908, 35.72188404667228], [51.20299327316148, 35.721884606584375]]]}}, {"type": "Feature", "properties": {"cls": 0}, "geometry": {"type": "Polygon", "coordinates": [[[51.20204667698845, 35.74109098262483], [51.20204736008051, 35.74136137897922], [51.20237904740575, 35.74136082141222], [51.20237836319232, 35.74109042506336], [51.20204667698845, 35.74109098262483]]]}}, {"type": "Feature", "properties": {"cls": 0}, "geometry": {"type": "Polygon", "coordinates": [[[51.200673418297015, 35.72269996837599], [51.200674096287855, 35.72297036558173], [51.20100570737299, 35.72296981204682], [51.201005028261804, 35.72269941484657], [51.200673418297015, 35.72269996837599]]]}}, {"type": "Feature", "properties": {"cls": 0}, "geometry": {"type": "Polygon", "coordinates": [[[51.19907548814983, 35.74704670127441], [51.199076161344074, 35.74731709740968], [51.19940787344322, 35.747316547956316], [51.19940719912727, 35.74704615182648], [51.19907548814983, 35.74704670127441]]]}}, {"type": "Feature", "properties": {"cls": 0}, "geometry": {"type": "Polygon", "coordinates": [[[51.19808477049765, 35.74894176084372], [51.19808544038835, 35.74921215690986], [51.198748972310106, 35.7492110624424], [51.19874830017549, 35.748940666387085], [51.19808477049765, 35.74894176084372]]]}}, {"type": "Feature", "properties": {"cls": 0}, "geometry": {"type": "Polygon", "coordinates": [[[51.19841389608102, 35.74785926183186], [51.198414567058066, 35.748129657941405], [51.198746282542864, 35.748129110301804], [51.19874561044408, 35.747858714197676], [51.19841389608102, 35.74785926183186]]]}}, {"type": "Feature", "properties": {"cls": 0}, "geometry": {"type": "Polygon", "coordinates": [[[51.198351504557856, 35.722703817908275], [51.19835217470404, 35.7229742151521], [51.19868378585215, 35.722973668016586], [51.19868311458559, 35.72270327077816], [51.198351504557856, 35.722703817908275]]]}}, {"type": "Feature", "properties": {"cls": 0}, "geometry": {"type": "Polygon", "coordinates": [[[51.198021141256724, 35.72324534259365], [51.198021810300084, 35.72351573981848], [51.19835342369956, 35.72351519358634], [51.198352753535815, 35.72324479636689], [51.198021141256724, 35.72324534259365]]]}}, {"type": "Feature", "properties": {"cls": 0}, "geometry": {"type": "Polygon", "coordinates": [[[51.1977603201152, 35.751917674422344], [51.197760988981784, 35.75218807035971], [51.19809272132507, 35.75218752446913], [51.19809205133651, 35.751917128537166], [51.1977603201152, 35.751917674422344]]]}}, {"type": "Feature", "properties": {"cls": 0}, "geometry": {"type": "Polygon", "coordinates": [[[51.1973857594285, 35.73460696820517], [51.19738642660369, 35.734877364928586], [51.19804983960172, 35.73487627469377], [51.198049170184184, 35.73460587798113], [51.1973857594285, 35.73460696820517]]]}}, {"type": "Feature", "properties": {"cls": 0}, "geometry": {"type": "Polygon", "coordinates": [[[51.19769144175617, 35.724057355504925], [51.19769210970553, 35.72432775269859], [51.19802372647769, 35.724327207364446], [51.198023057407894, 35.72405681017619], [51.19769144175617, 35.724057355504925]]]}}, {"type": "Feature", "properties": {"cls": 0}, "geometry": {"type": "Polygon", "coordinates": [[[51.197361735599245, 35.724869367424496], [51.19736240245452, 35.72513976458695], [51.19769402259951, 35.725139220150886], [51.19769335462375, 35.72486882299381], [51.197361735599245, 35.724869367424496]]]}}, {"type": "Feature", "properties": {"cls": 0}, "geometry": {"type": "Polygon", "coordinates": [[[51.19644233381723, 35.75570667882557], [51.19644299831865, 35.75597707461366], [51.19677474641847, 35.75597653230863], [51.196774080794874, 35.755706136525895], [51.19644233381723, 35.75570667882557]]]}}, {"type": "Feature", "properties": {"cls": 0}, "geometry": {"type": "Polygon", "coordinates": [[[51.195769380829056, 35.751920930871904], [51.195771367885484, 35.75273230266714], [51.19610310252773, 35.752731762256914], [51.19611714592511, 35.75247038510667], [51.196434264411494, 35.752460732976225], [51.196433600025465, 35.752190337029546], [51.19611640921062, 35.75218173812006], [51.19610111210366, 35.75192039047772], [51.195769380829056, 35.751920930871904]]]}}, {"type": "Feature", "properties": {"cls": 0}, "geometry": {"type": "Polygon", "coordinates": [[[51.195767393536485, 35.75110946700533], [51.1957687180738, 35.751650350967026], [51.196100448224755, 35.751649810578186], [51.19609912144273, 35.751108926627175], [51.195767393536485, 35.75110946700533]]]}}, {"type": "Feature", "properties": {"cls": 0}, "geometry": {"type": "Polygon", "coordinates": [[[51.19570516525978, 35.72568354357781], [51.19570648813922, 35.72622442983253], [51.19603811281392, 35.726223889946425], [51.196036787692584, 35.72568300370239], [51.19570516525978, 35.72568354357781]]]}}, {"type": "Feature", "properties": {"cls": 0}, "geometry": {"type": "Polygon", "coordinates": [[[51.195434251087406, 35.75056903054475], [51.19543491205402, 35.75083942658066], [51.195766638845505, 35.750838887122995], [51.19576597675698, 35.75056849109243], [51.195434251087406, 35.75056903054475]]]}}, {"type": "Feature", "properties": {"cls": 0}, "geometry": {"type": "Polygon", "coordinates": [[[51.19112579481113, 35.75273986509546], [51.19112644125797, 35.75301026110235], [51.191443634752346, 35.75301887330706], [51.19145891699397, 35.7532802213928], [51.19209786614743, 35.75328229041128], [51.19212242332092, 35.75331525870532], [51.19212322505376, 35.75354965124364], [51.19309031023577, 35.75354986936545], [51.19311856409539, 35.753584152480805], [51.193120304366055, 35.75381858958027], [51.193451107958005, 35.75381801203732], [51.19346225502149, 35.75355927838508], [51.193746281085254, 35.75354728644691], [51.19378222447351, 35.75358308513615], [51.19378303107768, 35.75381747789534], [51.19442553473857, 35.75382120542867], [51.194446542827706, 35.7538525020086], [51.194447208172974, 35.75404690825761], [51.19441888734823, 35.75408526258639], [51.193451854881964, 35.754088591823376], [51.193452509228685, 35.75435898773254], [51.19409838634992, 35.75436472767011], [51.19411602534013, 35.75439401370539], [51.194116832939784, 35.75462840647688], [51.194423959047576, 35.75463099808242], [51.194448516913425, 35.75466396557065], [51.194449325493494, 35.7548983583772], [51.19477208041613, 35.754912492196425], [51.19478182029312, 35.75516830933934], [51.195445401796434, 35.75516723294001], [51.19544474068921, 35.75489683709928], [51.1948094742973, 35.754896100966775], [51.19478121985383, 35.75486181847109], [51.19478041030068, 35.75462742572165], [51.19448467002261, 35.754627665826014], [51.194449311159225, 35.75459574698586], [51.19444824424523, 35.7543935380374], [51.19447268623253, 35.7543604366603], [51.19507166319363, 35.754356418887895], [51.19511152592168, 35.754392403029684], [51.19511233643977, 35.75462679594044], [51.19544407895998, 35.75462625732326], [51.19544341787035, 35.75435586145813], [51.19514767862733, 35.75435610319012], [51.1951123196004, 35.75432418463885], [51.195108943470075, 35.75327444867889], [51.194445377668885, 35.7532755231731], [51.19444570887888, 35.75350985569036], [51.19442817894447, 35.75353924583791], [51.19415020796943, 35.75354625039163], [51.194115811249205, 35.75351813500184], [51.19412196992198, 35.75302014891987], [51.19477645516341, 35.75300440655314], [51.19477579637129, 35.75273401060417], [51.19411223504401, 35.75273508324664], [51.19410605454314, 35.75298774198275], [51.19407673555845, 35.75300539062321], [51.193781064124124, 35.753006106150785], [51.193781393382075, 35.7532404387938], [51.193749447539346, 35.753275830596344], [51.19346443302668, 35.75326798811155], [51.193449144372885, 35.753006640276915], [51.19311740853674, 35.75300717337088], [51.19311773585021, 35.75324150612663], [51.193077983457655, 35.753277679554884], [51.192797863037065, 35.75326642453764], [51.19278455315688, 35.75300766122793], [51.19245375291453, 35.75300823692976], [51.19243969781846, 35.75326961376749], [51.19215088850035, 35.75327744335773], [51.19212263485411, 35.753243159840494], [51.19212183312849, 35.753008767394306], [51.19148658279626, 35.753008013634634], [51.1914583293491, 35.75297372986255], [51.19145752957643, 35.75273933749792], [51.19112579481113, 35.75273986509546]]]}}, {"type": "Feature", "properties": {"cls": 0}, "geometry": {"type": "Polygon", "coordinates": [[[51.19444208779491, 35.751923083532944], [51.19444340340475, 35.75246396746406], [51.194775136959365, 35.75246343071992], [51.194773819104725, 35.75192254679941], [51.19444208779491, 35.751923083532944]]]}}, {"type": "Feature", "properties": {"cls": 0}, "geometry": {"type": "Polygon", "coordinates": [[[51.19440459871951, 35.73650525008135], [51.1944052558641, 35.73677564676749], [51.19473692431938, 35.736775110331465], [51.19473626605367, 35.73650471365064], [51.19440459871951, 35.73650525008135]]]}}, {"type": "Feature", "properties": {"cls": 0}, "geometry": {"type": "Polygon", "coordinates": [[[51.19340278033974, 35.7338019667553], [51.193404088046336, 35.734342852352604], [51.193735746430754, 35.73434231870811], [51.19373443648135, 35.73380143312139], [51.19340278033974, 35.7338019667553]]]}}, {"type": "Feature", "properties": {"cls": 0}, "geometry": {"type": "Polygon", "coordinates": [[[51.191783607639834, 35.75030441669847], [51.19178425625357, 35.750574812804686], [51.19211598201842, 35.750574283418715], [51.1921153322828, 35.75030388731772], [51.191783607639834, 35.75030441669847]]]}}, {"type": "Feature", "properties": {"cls": 0}, "geometry": {"type": "Polygon", "coordinates": [[[51.19177711888675, 35.74759953534968], [51.19177841625912, 35.748140419755465], [51.19211013191998, 35.74813989041663], [51.1921088323033, 35.74759900602133], [51.19177711888675, 35.74759953534968]]]}}, {"type": "Feature", "properties": {"cls": 0}, "geometry": {"type": "Polygon", "coordinates": [[[51.18779354762963, 35.74679435177789], [51.18779481801564, 35.74733523638117], [51.18809052722311, 35.7473350127304], [51.18811988371518, 35.7473525352262], [51.18812775531344, 35.747835708966086], [51.18809174026641, 35.74787560410813], [51.187796089040795, 35.74787630485881], [51.1877967241121, 35.74814670113697], [51.18809243668971, 35.7481464774719], [51.18812179318159, 35.74816399996549], [51.18812980485646, 35.74868715915441], [51.18846152285684, 35.748686639870755], [51.188462762203656, 35.747899930876], [51.18849576530319, 35.74787535736037], [51.188791460373594, 35.7478737184928], [51.18879077813157, 35.74760425870379], [51.18848368209149, 35.74760165245737], [51.188459125936255, 35.74756868285891], [51.1884583350652, 35.747334290685], [51.188162625969376, 35.747334515150776], [51.188131245339704, 35.747313631633574], [51.18812539780506, 35.746833818854036], [51.18814647795804, 35.746798482095095], [51.18844251661489, 35.74680236176652], [51.18845778912972, 35.74706371040042], [51.188774957481414, 35.74707232984459], [51.188790231064516, 35.74733367843644], [51.18943604922651, 35.747339443749546], [51.18945368690288, 35.747368731052475], [51.189454480691055, 35.74760312346947], [51.189786194166956, 35.74760260054629], [51.18978523464556, 35.74709777860543], [51.189813373527926, 35.747063349271286], [51.19010217051901, 35.74707023989318], [51.190117448343784, 35.74733158836523], [51.190448224370435, 35.74733111112325], [51.190448841307074, 35.747096730022044], [51.19047697998954, 35.74706230043486], [51.19144392582716, 35.747058995490676], [51.191443278448055, 35.74678859922063], [51.19112611090113, 35.746779986847386], [51.191110829863185, 35.746518638512], [51.19047193714395, 35.746516563980194], [51.19044738039916, 35.74648359506402], [51.19044658372304, 35.746249202565465], [51.19011487587607, 35.74624972729272], [51.190115837442114, 35.74675454914405], [51.19008389049598, 35.74678993939374], [51.189798902951274, 35.746782087957115], [51.189783626154885, 35.74652073950182], [51.18912011621126, 35.74652178444904], [51.18912043168085, 35.74675611819223], [51.18909598801805, 35.74678921774098], [51.18849707410802, 35.74679320546667], [51.18845721315873, 35.74675721805836], [51.18845642230973, 35.746522825850235], [51.188125649592855, 35.74652329760294], [51.18811064421675, 35.74678472196684], [51.18779354762963, 35.74679435177789]], [[51.19011621130382, 35.74683068963213], [51.19015222556794, 35.74679079357601], [51.19043017366844, 35.746796895707874], [51.190448013371444, 35.74683010097013], [51.19044177221888, 35.74704283822081], [51.190408530507, 35.74706068465135], [51.19013450392078, 35.74705438347886], [51.190116866002626, 35.747025096320904], [51.19011621130382, 35.74683068963213]]]}}, {"type": "Feature", "properties": {"cls": 0}, "geometry": {"type": "Polygon", "coordinates": [[[51.18946025010922, 35.750037609027615], [51.18946089085908, 35.750308005182454], [51.19012443221741, 35.7503069582601], [51.190126298401744, 35.749790737846375], [51.19015930122415, 35.749766163677734], [51.19045496002667, 35.74976545718357], [51.19045431592777, 35.749495061019886], [51.18979078132135, 35.74949610974143], [51.18978522941358, 35.7500192569512], [51.189755910002404, 35.750036904159714], [51.18946025010922, 35.750037609027615]]]}}, {"type": "Feature", "properties": {"cls": 0}, "geometry": {"type": "Polygon", "coordinates": [[[51.190107801454296, 35.743274355442715], [51.19010844423438, 35.743544751892145], [51.19044014085631, 35.74354422721685], [51.19043949695473, 35.743273830772615], [51.190107801454296, 35.743274355442715]]]}}, {"type": "Feature", "properties": {"cls": 0}, "geometry": {"type": "Polygon", "coordinates": [[[51.18978821276356, 35.74841415707693], [51.18978949671945, 35.74895504147201], [51.19012121579983, 35.748954517607885], [51.19011992959951, 35.748413633223166], [51.18978821276356, 35.74841415707693]]]}}, {"type": "Feature", "properties": {"cls": 0}, "geometry": {"type": "Polygon", "coordinates": [[[51.18879278631867, 35.74841572331968], [51.18879342477313, 35.74868611955803], [51.18912514275651, 35.74868559844426], [51.18912450318026, 35.74841520221107], [51.18879278631867, 35.74841572331968]]]}}, {"type": "Feature", "properties": {"cls": 0}, "geometry": {"type": "Polygon", "coordinates": [[[51.18846225276742, 35.74895721996824], [51.18846289011679, 35.74922761618734], [51.188794610353966, 35.749227095978334], [51.18879397188278, 35.748956699764385], [51.18846225276742, 35.74895721996824]]]}}, {"type": "Feature", "properties": {"cls": 0}, "geometry": {"type": "Polygon", "coordinates": [[[51.18745984290563, 35.745983404298215], [51.187460476795735, 35.74625380066687], [51.18779218471001, 35.74625328325945], [51.187791549698254, 35.7459828868959], [51.18745984290563, 35.745983404298215]]]}}, {"type": "Feature", "properties": {"cls": 0}, "geometry": {"type": "Polygon", "coordinates": [[[51.18712677802851, 35.74544294413491], [51.187127410779816, 35.7457133405331], [51.187459116457575, 35.74571282405088], [51.18745848258465, 35.74544242765782], [51.18712677802851, 35.74544294413491]]]}}, {"type": "Feature", "properties": {"cls": 1}, "geometry": {"type": "Polygon", "coordinates": [[[51.22295094540567, 35.74186552940951], [51.22295547007841, 35.74348836474862], [51.223272629323844, 35.74349689167862], [51.2232880130697, 35.74375823726708], [51.22458296050196, 35.74375664051375], [51.22461503117713, 35.743791857180334], [51.22461592793439, 35.7440262546261], [51.225910879900326, 35.74402464355792], [51.2259429509707, 35.744059859667104], [51.22594385162609, 35.744294257283926], [51.22623955351376, 35.744293939847765], [51.22627093899215, 35.7443148096024], [51.226276067180635, 35.74452805317472], [51.226251634620624, 35.74456116548322], [51.22561282425814, 35.74456545965501], [51.22561358712111, 35.74483585543652], [51.2259275961011, 35.744842045393305], [51.22594524399111, 35.744871322911195], [51.22594523828595, 35.74507353909528], [51.225909983638054, 35.74510564144222], [51.22561435072143, 35.74510643512867], [51.225601164673954, 35.74563830196804], [51.225284080654724, 35.74564803232383], [51.22528560459136, 35.746188915750785], [51.226612707828316, 35.74618642319862], [51.22661194154901, 35.74591602749661], [51.226316233034595, 35.74591634578217], [51.2262818297468, 35.74588824372927], [51.226277988417856, 35.74486688256577], [51.22631324288332, 35.744834780070974], [51.22660887470635, 35.744833984759495], [51.226608449472764, 35.744599657228136], [51.22663288185765, 35.74456654482935], [51.226939900152296, 35.74456287162946], [51.22693947395577, 35.74432854414212], [51.22696390624201, 35.74429543163051], [51.2302570410544, 35.7442860795797], [51.2302562625064, 35.74401568386084], [51.229632690387994, 35.74401682970135], [51.22959340420503, 35.743984741288536], [51.229592248787974, 35.74378253301479], [51.22960976878152, 35.74375313353115], [51.22992369465645, 35.74374573874388], [51.22992452710317, 35.74295903495568], [51.22996144598816, 35.742934244949545], [51.2309167169356, 35.74293236927545], [51.2309162791319, 35.74269804239577], [51.23094821375629, 35.742662635119075], [51.23221095749357, 35.74266020265225], [51.23224303043654, 35.74269541612674], [51.232243949521205, 35.74292981466377], [51.23387447628039, 35.74292842225112], [51.2339027423327, 35.74296268980661], [51.23390445752167, 35.743467576206434], [51.23423615288113, 35.743466930766836], [51.234235705342364, 35.74323260448663], [51.23427544588052, 35.743196411063124], [51.23455552542865, 35.743207567205694], [51.23456803215463, 35.743466284270596], [51.23489972749297, 35.74346563700126], [51.23491364713079, 35.74320425718443], [51.23520610892846, 35.74319763628832], [51.23523088278641, 35.74323450739677], [51.235234789743394, 35.74454693903914], [51.23555195539697, 35.744555433004614], [51.23556737841067, 35.74481677739723], [51.2372262507451, 35.744813517731394], [51.23722544861731, 35.744543122170874], [51.235930487639415, 35.7445448550187], [51.235898413513745, 35.744509643069875], [51.235897483678485, 35.744275244204864], [51.235601780708215, 35.74427558530382], [51.235568707207115, 35.744251177110236], [51.235564444341016, 35.74377098874512], [51.23559637757046, 35.743735579522024], [51.23652735026695, 35.743733750915474], [51.23655942449454, 35.74376896257717], [51.23656035625585, 35.744003361658734], [51.23689205377512, 35.744002708887216], [51.2368912528012, 35.74373231328362], [51.236595551950195, 35.743732656818565], [51.23656247828515, 35.74370824901088], [51.236558028249576, 35.743231984400765], [51.236582638908025, 35.74319494488472], [51.238548580151594, 35.743187968312924], [51.238562488137866, 35.742926588278564], [51.2388474447076, 35.74291769980262], [51.23887972369391, 35.742956828092645], [51.23888207431195, 35.74372828501583], [51.23921283423656, 35.74372767374354], [51.239219001217194, 35.74320448123748], [51.239248315646414, 35.74318681771136], [51.23954393827008, 35.74318599062764], [51.23954312835403, 35.742915595039456], [51.239247430533766, 35.74291594508404], [51.23921206063303, 35.74288404576137], [51.239206488593155, 35.74129332958359], [51.2385430241759, 35.74129464696208], [51.238543484280875, 35.74152897248557], [51.238525966748426, 35.74155837438442], [51.23824804700807, 35.741565482243], [51.23821364128544, 35.7415373851306], [51.23822425701166, 35.74076334465052], [51.23852678451393, 35.74076272306522], [51.23854221693136, 35.74102406734619], [51.23887390204134, 35.74102340915699], [51.2388730944549, 35.740753013458125], [51.23857740570538, 35.74075336182231], [51.23854433171296, 35.7407289547782], [51.23853970483767, 35.74021269634288], [51.237212658609465, 35.74021625670667], [51.23721350382422, 35.740485715845395], [51.23784096635077, 35.7404847153449], [51.23787712663067, 35.7405244116586], [51.23787751207239, 35.74071882339206], [51.2378599943512, 35.740748225110686], [51.23754603929623, 35.74075657753432], [51.237548492647996, 35.741567011977], [51.237865646307206, 35.74157549978322], [51.23787790866951, 35.74181217587359], [51.23784099094504, 35.74183696921853], [51.23721751606341, 35.74183824620928], [51.23721831808464, 35.74210864189181], [51.23786409911889, 35.742114145687765], [51.237881954367104, 35.74214733762074], [51.23788349061014, 35.74264830694658], [51.23852235667342, 35.74265012895134], [51.238546927620305, 35.74268308127378], [51.23853605451353, 35.742905820075826], [51.23559779643343, 35.74292314729135], [51.235561840745916, 35.74288736754205], [51.23556091193819, 35.742652968655115], [51.23526521575041, 35.74265330890222], [51.23523585458039, 35.74263580196765], [51.235228332333904, 35.742383130147886], [51.233584044764285, 35.74237721906143], [51.233571094534256, 35.74132552383711], [51.23360634286699, 35.74130428746419], [51.23420520403617, 35.74130616427366], [51.234229773700044, 35.74133911808896], [51.23423069857273, 35.74157351695423], [51.235201334807854, 35.74157471030139], [51.23522590476771, 35.7416076637724], [51.235221995542375, 35.74182095000708], [51.23519067007793, 35.74184198648843], [51.23489505238838, 35.74184280294065], [51.23489584655764, 35.74211319866828], [51.235559317941956, 35.74211190137802], [51.23555772474793, 35.74157101797489], [51.2352405715589, 35.74156252389105], [51.2352369596156, 35.74131284004593], [51.23555692759705, 35.74130043831297], [51.23555647624492, 35.74106611215672], [51.23559621640663, 35.741029918099066], [51.2365193485077, 35.74102887452639], [51.236551422730486, 35.74106408620191], [51.2365523543995, 35.7412984853955], [51.23721581894403, 35.741297178995254], [51.23721501695517, 35.74102678327612], [51.23689786575498, 35.74101829362994], [51.23688243859023, 35.74075694926383], [51.23360076596117, 35.74076312734352], [51.23356481085824, 35.74072734667835], [51.23356388795711, 35.74049294797366], [51.23127366942964, 35.74049655851504], [51.23124159669249, 35.7404613445995], [51.23124068060565, 35.74022694620122], [51.228618695811775, 35.74023114336411], [51.228586623864466, 35.74019592833525], [51.228585715563874, 35.73996153028921], [51.22530407532672, 35.73996748193794], [51.22526812264691, 35.73993169750078], [51.2252672240766, 35.73969729989863], [51.22460377224734, 35.73969854035572], [51.224592723766605, 35.739957275241196], [51.22430875641764, 35.73996934166861], [51.22427280402847, 35.739933556779334], [51.22427114982966, 35.73942867131457], [51.22360770018395, 35.73942990627064], [51.22360845612436, 35.73970030232074], [51.223922443484305, 35.73970649765985], [51.22394009080617, 35.73973577572997], [51.22394007993385, 35.7399379921423], [51.22390482478489, 35.73997009359663], [51.22360921279537, 35.73997088228151], [51.223602304691155, 35.74076767658787], [51.2232797053584, 35.740782962376514], [51.22328197071545, 35.74159433424839], [51.22361365854895, 35.74159371812755], [51.22362471009565, 35.7413349832661], [51.22390868337095, 35.741322918472044], [51.22394463556295, 35.741358703500694], [51.2239455302969, 35.74159310095654], [51.22590011968571, 35.74158968515304], [51.22593607245944, 35.74162546927599], [51.22593697303548, 35.74185986699401], [51.22626866191017, 35.74185924354849], [51.22626729065289, 35.74135835151016], [51.22628835783112, 35.74132300263338], [51.227222551312046, 35.74131651318869], [51.227262423140104, 35.74135248169099], [51.22726332759619, 35.741586879602394], [51.22889752278484, 35.741586868659624], [51.22892209087356, 35.74161982430355], [51.228918164996735, 35.74183311006385], [51.228886838705385, 35.74185414426847], [51.22859121981305, 35.7418549452259], [51.228591992669806, 35.74212534107367], [51.22954733109754, 35.74212356802737], [51.22958720358413, 35.74215953539225], [51.229587772538615, 35.74235786480373], [51.229559645559675, 35.74239230931502], [51.22892450592091, 35.742396226580674], [51.22892532327263, 35.742665685803345], [51.22956418851372, 35.74266755552404], [51.22958896042565, 35.74270442865256], [51.229574955188234, 35.74292589278642], [51.22859431277526, 35.74293689638939], [51.228595085673206, 35.74320729218835], [51.22921865117074, 35.74320615165334], [51.22925395568426, 35.74322720524626], [51.22924472105708, 35.74346750093287], [51.22892760345488, 35.74347817762171], [51.22892842084771, 35.74374763679543], [51.22922412087459, 35.74374731202695], [51.22925550673902, 35.743768180704244], [51.22926064279804, 35.74398142397524], [51.229224823435935, 35.74401741465493], [51.22829392392677, 35.74401765723551], [51.228265659474424, 35.743983387508194], [51.2282647520213, 35.74374898966498], [51.22663801614911, 35.743751251449254], [51.22660594478785, 35.74371603560363], [51.22660504220522, 35.74348163797675], [51.225959251347646, 35.74347607329784], [51.22594139995409, 35.74344287797063], [51.22594400853712, 35.7426925346699], [51.225979257804205, 35.742671301304526], [51.22660274224238, 35.74267008262242], [51.22660120959395, 35.742129198927564], [51.224978389118604, 35.742132006119206], [51.22494243653244, 35.74209622154238], [51.224941538864066, 35.7418618240758], [51.22361450725281, 35.741864297935294], [51.22361118601386, 35.742384069723585], [51.22357985902628, 35.74240510201292], [51.22332023455946, 35.742405584661626], [51.22328428245734, 35.74236979933258], [51.22328263437232, 35.74186491419738], [51.22295094540567, 35.74186552940951]], [[51.233902155178995, 35.74269619827684], [51.23393815444713, 35.74265628183086], [51.234216085016726, 35.742662281293185], [51.23423393907019, 35.742695474250745], [51.234227812809, 35.742908216973596], [51.234194575056016, 35.74292607931609], [51.23392056638421, 35.742919879341045], [51.23390291621332, 35.742890603920735], [51.233902155178995, 35.74269619827684]], [[51.23190971938737, 35.7421190835374], [51.231614025914716, 35.74211941479733], [51.23158263966298, 35.742098546972876], [51.23157653270647, 35.74161873971978], [51.23159759807661, 35.74158338915366], [51.2329034886839, 35.741576093398024], [51.232917414750275, 35.74131471360743], [51.2331945646689, 35.741305086288584], [51.23322986966215, 35.74132613831633], [51.23323756437592, 35.74234692075582], [51.2332164995056, 35.74238227188756], [51.23260246870301, 35.742386469232], [51.232574202963676, 35.742352201146176], [51.23257328292465, 35.74211780264487], [51.23224252950634, 35.74211839563494], [51.232227664917914, 35.742379823124175], [51.23194271041967, 35.74238869557599], [51.23191063748188, 35.74235348194794], [51.23190971938737, 35.7421190835374]], [[51.23025085333125, 35.74212124240423], [51.23121404081534, 35.74212114416817], [51.231246113461346, 35.74215635806242], [51.231246121077405, 35.74235857437121], [51.23120694502443, 35.74239087940335], [51.22992887892765, 35.74237872119768], [51.22993296374195, 35.741861432698485], [51.23023549599911, 35.74186083271519], [51.23025085333125, 35.74212124240423]], [[51.23090964516951, 35.74053406858942], [51.230903725031425, 35.74156535280622], [51.23026387986563, 35.741572151351676], [51.23025531572417, 35.74051392047003], [51.23088507649211, 35.74050111362694], [51.23090964516951, 35.74053406858942]], [[51.225609612325044, 35.74344342485127], [51.22557361011323, 35.743483337445696], [51.22529567628902, 35.74347731772927], [51.225277825113004, 35.7434441222154], [51.225283974856715, 35.74323138062273], [51.22531721333299, 35.74321352150139], [51.22559122363975, 35.74321974138213], [51.22560887143341, 35.74324901899479], [51.225609612325044, 35.74344342485127]]]}}, {"type": "Feature", "properties": {"cls": 1}, "geometry": {"type": "Polygon", "coordinates": [[[51.23786176868257, 35.73534522924881], [51.2378625726901, 35.73561562521121], [51.23819423538074, 35.735614968981565], [51.23819343025217, 35.73534457302565], [51.23786176868257, 35.73534522924881]]]}}, {"type": "Feature", "properties": {"cls": 1}, "geometry": {"type": "Polygon", "coordinates": [[[51.23721109722052, 35.739674344618834], [51.23721189915628, 35.73994474039897], [51.2375426434264, 35.73994413377833], [51.23755749110565, 35.73968270576863], [51.23787454787417, 35.73967294267561], [51.23787213463549, 35.73886157137812], [51.2375404584695, 35.738862226771026], [51.23753970049455, 35.73964892990664], [51.237506705496294, 35.73967352250618], [51.23721109722052, 35.739674344618834]]]}}, {"type": "Feature", "properties": {"cls": 1}, "geometry": {"type": "Polygon", "coordinates": [[[51.2372038768401, 35.737239954396124], [51.23720628315522, 35.738051325952135], [51.237537955964925, 35.7380506714934], [51.237535546284626, 35.73723929995682], [51.2372038768401, 35.737239954396124]]]}}, {"type": "Feature", "properties": {"cls": 1}, "geometry": {"type": "Polygon", "coordinates": [[[51.23521887682824, 35.73913727722689], [51.23522046758787, 35.739678160862496], [51.23554316779735, 35.73969218255478], [51.235553832581445, 35.74021848731745], [51.23587098031709, 35.7402269804974], [51.23588640423414, 35.74048832505229], [51.23688163698041, 35.74048636959108], [51.23688083614521, 35.74021597382886], [51.236257294763575, 35.74021715389255], [51.23622030255892, 35.74019256127031], [51.23622253849047, 35.7396940413181], [51.23625185321497, 35.739676378789234], [51.23654746183516, 35.73967555912341], [51.2365459107941, 35.73913561084251], [51.23622871886458, 35.73912618406689], [51.236213293888774, 35.73886483955372], [51.235549849477444, 35.73886614034896], [51.23553593175542, 35.73912752032982], [51.23521887682824, 35.73913727722689]]]}}, {"type": "Feature", "properties": {"cls": 1}, "geometry": {"type": "Polygon", "coordinates": [[[51.23423149124285, 35.74184409662961], [51.234232283168716, 35.74211449237003], [51.23456397290618, 35.74211384604755], [51.234563179858924, 35.74184345031352], [51.23423149124285, 35.74184409662961]]]}}, {"type": "Feature", "properties": {"cls": 1}, "geometry": {"type": "Polygon", "coordinates": [[[51.23156393130617, 35.73725094112668], [51.23156706358731, 35.73833280093239], [51.23188104645783, 35.73833897524199], [51.231898696005096, 35.738368251180745], [51.23189945208122, 35.738562657073636], [51.231863452019354, 35.73860257257848], [51.23156784715, 35.738603380805046], [51.23156941318751, 35.73914426462959], [51.23188003002126, 35.7391484297163], [51.2319010489757, 35.739179714856036], [51.23190196697046, 35.73941411349352], [51.2321976494106, 35.73941378147547], [51.23222701021019, 35.73943128943012], [51.23223452299762, 35.73968396141777], [51.232551667971975, 35.739692463511794], [51.232567081269, 35.739953808402284], [51.23389408034309, 35.7399512359121], [51.23389249853737, 35.739410352249664], [51.23359681604065, 35.73941068834586], [51.23356745503138, 35.739393180852794], [51.23356398465953, 35.738891133632094], [51.23359923299162, 35.73886989726896], [51.23387638153889, 35.73887842758504], [51.23389179904692, 35.739139772387354], [51.234555245806966, 35.73913848072704], [51.23455365957726, 35.738597597016984], [51.23322668302685, 35.738600176698164], [51.23322712749514, 35.73883450327167], [51.233199001609336, 35.738868949157286], [51.23225677766273, 35.73886945511688], [51.23223200476937, 35.738832582887206], [51.23222814789801, 35.73752015030933], [51.23191101206837, 35.73751164722721], [51.231895600930386, 35.73725030223672], [51.23156393130617, 35.73725094112668]], [[51.23194109794234, 35.739143594563835], [51.23190122469241, 35.73910762832138], [51.23191211595865, 35.73888489055572], [51.232220452862016, 35.738884268317456], [51.23222114269741, 35.73913132486861], [51.23194109794234, 35.739143594563835]]]}}, {"type": "Feature", "properties": {"cls": 1}, "geometry": {"type": "Polygon", "coordinates": [[[51.233887844203764, 35.73778742501468], [51.23388942588333, 35.73832830882353], [51.2342210999213, 35.73832766350533], [51.23421951599851, 35.73778677970926], [51.233887844203764, 35.73778742501468]]]}}, {"type": "Feature", "properties": {"cls": 1}, "geometry": {"type": "Polygon", "coordinates": [[[51.233883889247295, 35.73643498537561], [51.23388547082149, 35.736975869306455], [51.23421713924943, 35.736975224020206], [51.234215555432165, 35.736434340102136], [51.233883889247295, 35.73643498537561]]]}}, {"type": "Feature", "properties": {"cls": 1}, "geometry": {"type": "Polygon", "coordinates": [[[51.23324009423328, 35.743198468783824], [51.23324088284653, 35.74346886448237], [51.23357257822708, 35.743468220872515], [51.23357178849235, 35.74319782518034], [51.23324009423328, 35.743198468783824]]]}}, {"type": "Feature", "properties": {"cls": 1}, "geometry": {"type": "Polygon", "coordinates": [[[51.22291928030916, 35.730505026008096], [51.22292003367514, 35.73077542247299], [51.223574429390666, 35.730788862257214], [51.223585015489085, 35.73131516829009], [51.22422378595259, 35.731317066791824], [51.224248352641986, 35.73135002408039], [51.224249248024485, 35.73158442199817], [51.2252443707919, 35.73158256320285], [51.22524284795161, 35.73104167845826], [51.224604079817524, 35.731039785290484], [51.22457951295462, 35.73100682808917], [51.22458546141683, 35.73079016824875], [51.224618699946944, 35.73077230941159], [51.225905555707975, 35.730769854347436], [51.22590513287581, 35.73053552601804], [51.22593706901362, 35.73050012088028], [51.22620052846747, 35.730499048764315], [51.226231913946584, 35.730519918569826], [51.226231302210955, 35.731021981203455], [51.22619806374386, 35.7310398406094], [51.225574632501576, 35.731041993536735], [51.225575438248704, 35.731311453343565], [51.22589254738482, 35.73131997343386], [51.22590793918989, 35.73158131931942], [51.22623958543023, 35.73158069610843], [51.2262383966376, 35.73107587953397], [51.22626652455292, 35.731041436357444], [51.22754393786693, 35.731042020594806], [51.227564955551486, 35.73107330708855], [51.22756586064246, 35.73130770547253], [51.22787289440829, 35.731310211474295], [51.22789746218075, 35.731343167505614], [51.22789836825233, 35.7315775659238], [51.22819401761655, 35.731577243863725], [51.22822842120472, 35.73160534516319], [51.228228485024616, 35.73209324637562], [51.22819548847301, 35.73211783532533], [51.22789990981026, 35.73211863444351], [51.227900680054084, 35.73238903074293], [51.2282077183512, 35.73239153586868], [51.22823228622432, 35.73242449178104], [51.22823319330324, 35.73265889019972], [51.22852884720095, 35.732658567300874], [51.22856500430725, 35.732698267997954], [51.22856536696056, 35.73289268011912], [51.22854784660605, 35.73292207932873], [51.228233965423954, 35.73292947039136], [51.22823473681978, 35.73319986664797], [51.22889813456968, 35.73319860636473], [51.22889843852016, 35.732686090905474], [51.2289327482945, 35.7326577999808], [51.22922832916329, 35.73265699840585], [51.22922712145844, 35.73215218250291], [51.22925905659881, 35.73211677597158], [51.229522522700485, 35.73211569654276], [51.229553908608416, 35.73213656514367], [51.22956016371237, 35.732656365886136], [51.230543677309264, 35.7326662334759], [51.230543017181056, 35.73345691132741], [51.22989423877564, 35.7334672890429], [51.22989467335882, 35.73370161643919], [51.22986273832623, 35.73373702326644], [51.22923152203012, 35.733739043070635], [51.2292199095273, 35.73481188734313], [51.22823936798383, 35.73482288766131], [51.22823406552369, 35.73534603371807], [51.228204749930875, 35.73536369358088], [51.22790915781831, 35.735364492768454], [51.22790308249598, 35.73561715069621], [51.22787376687018, 35.73563481045047], [51.22757817357362, 35.7356356088285], [51.227578601429, 35.7358699365197], [51.227550473837674, 35.735904380242246], [51.22726172286507, 35.73589758142551], [51.22724632662261, 35.73563623592817], [51.22691466358529, 35.735636861975586], [51.2269161979873, 35.736177746243705], [51.22721186631012, 35.736177426532464], [51.227247233158536, 35.73620933110803], [51.22725026082366, 35.736988584349334], [51.22754593255809, 35.73698826380504], [51.22757529290549, 35.7370057733006], [51.227583560779536, 35.737528933370115], [51.22823537186722, 35.73753944681398], [51.228248288608235, 35.73803258392075], [51.228208546246684, 35.73806877440078], [51.22692157036123, 35.73807125462417], [51.226907625053165, 35.73833263415296], [51.2265905716027, 35.73834236789858], [51.2265936367343, 35.73942422788416], [51.22723247481603, 35.73942611012187], [51.22725704240794, 35.7394590663469], [51.22725794680197, 35.739693464336966], [51.229548142469206, 35.73968993024663], [51.22958021461764, 35.739725144848016], [51.229581125825504, 35.739959543145176], [51.229912806731875, 35.73995890968049], [51.22991237194181, 35.73972458248423], [51.22995211371757, 35.73968839117981], [51.23055096169878, 35.739690286284116], [51.23057553027605, 35.73972324136449], [51.23057644440033, 35.73995763979794], [51.23157167091936, 35.73995572828702], [51.23157088805094, 35.73968533239816], [51.23061558005985, 35.73968712130655], [51.23058027529112, 35.739666068253584], [51.23057414161594, 35.73890796219632], [51.23060939501366, 35.738875857849926], [51.23090500134777, 35.738875052064245], [51.2309034884468, 35.738335103509144], [51.23058945720282, 35.73832799121308], [51.23057180797054, 35.73829871488587], [51.2305718021417, 35.73809649840312], [51.23061097825036, 35.73806419369013], [51.23123442348372, 35.73806295114316], [51.23123314818075, 35.73700946054557], [51.23126745747305, 35.73698116863852], [51.23156305583341, 35.73698036126307], [51.23156261628491, 35.73674603420814], [51.23158013573346, 35.736716634218155], [51.232557550700186, 35.73670795369221], [51.23255676459268, 35.73643755767592], [51.23226109461951, 35.736437890443845], [51.23222493616224, 35.73639819146079], [51.23222456454571, 35.73620377951832], [51.23224208380862, 35.736174379353116], [51.232555977745825, 35.73616697772466], [51.23255519165926, 35.735896581683974], [51.232223527665695, 35.73589722237156], [51.232223969129016, 35.736131549248704], [51.23219584293795, 35.73616599474228], [51.23159679519036, 35.736168681430236], [51.23156084067571, 35.73613289983661], [51.23155992376125, 35.73589850121336], [51.2279466962532, 35.735905162339236], [51.22791074280447, 35.73586937908675], [51.22791074374151, 35.73566716249664], [51.227949920489884, 35.73563485904233], [51.22857334614869, 35.73563363035529], [51.228572915387346, 35.735399302719635], [51.22860485072098, 35.735363896449435], [51.229567834616404, 35.73536124745896], [51.229581771502616, 35.73509986757337], [51.229898810955866, 35.73509012594226], [51.22989837632708, 35.73485579850902], [51.22992280774015, 35.734822685012716], [51.2302297850516, 35.73481900351122], [51.230232285327965, 35.73402874346786], [51.23026361135867, 35.73400770879236], [51.23055919757877, 35.734006903927266], [51.23055949085928, 35.73349438879692], [51.230593800290784, 35.73346609718098], [51.23088938420606, 35.73346529151231], [51.230897001445975, 35.732938984701185], [51.23121956637746, 35.73292367815911], [51.23121878490137, 35.73265328194672], [51.23059530697263, 35.732654432438245], [51.230558315647826, 35.73262983739405], [51.230563210906276, 35.73131377478852], [51.230883138514606, 35.7313013859251], [51.23088270109785, 35.73106705847912], [51.230907132221276, 35.73103394465758], [51.231199558654076, 35.73103940346161], [51.231212583429965, 35.73154656950414], [51.231179587376765, 35.7315711596143], [51.23088401152374, 35.731571966057686], [51.23088474320984, 35.73184142700437], [51.23121643904488, 35.731841725390716], [51.23123037075739, 35.731580345251004], [51.2315473952755, 35.73157059925547], [51.231545991505605, 35.73106970733301], [51.23156705690439, 35.73103435681197], [51.232872772522406, 35.73102706204063], [51.232876470350455, 35.72996293931007], [51.232909708129945, 35.729945077461494], [51.23317674382252, 35.729947601388275], [51.233201313167434, 35.729980555596796], [51.23320223474136, 35.73021495479707], [51.23353293875938, 35.73021435935048], [51.233533085926496, 35.72994391520938], [51.23321598132338, 35.72993541550594], [51.23320056621718, 35.729674070301314], [51.2305584389973, 35.72966741372067], [51.230560658383936, 35.729417712061185], [51.231209403155965, 35.72940733094814], [51.23120896483113, 35.7291730034672], [51.23124478352779, 35.729137011965236], [51.23152872744135, 35.72914797515866], [51.23154122418308, 35.729406693015896], [51.232536319352675, 35.72940477401257], [51.23253474733884, 35.72886388934759], [51.23221764737983, 35.72885538694905], [51.23220223549081, 35.72859404160274], [51.23153887608251, 35.72859531996244], [51.231539315359505, 35.728829647309766], [51.231507380815664, 35.72886505480556], [51.23021275154491, 35.72886835422443], [51.23021396529415, 35.72937317013767], [51.230182030353426, 35.729408577082005], [51.22959076537892, 35.72941047619848], [51.22955546072712, 35.72938942271183], [51.22956469477189, 35.72914912638494], [51.22988170956541, 35.729139384894054], [51.22988093271906, 35.728868988485715], [51.22822332658192, 35.72887209784619], [51.2282163156952, 35.729124803872196], [51.22818700010411, 35.72914246371447], [51.22789143376848, 35.729143262769036], [51.22789186238208, 35.72937759071882], [51.22787097733913, 35.72940901651013], [51.227228745897875, 35.729415005854904], [51.227229513797035, 35.72968540228875], [51.229183806880776, 35.72968193420559], [51.22921996420649, 35.72972163460902], [51.22922032839015, 35.72991604686114], [51.229188393151986, 35.72995145339252], [51.226235088079335, 35.7299578578478], [51.22623551186417, 35.73019218604363], [51.226195768923475, 35.73022837551285], [51.22527277086432, 35.73022933937445], [51.22524069992074, 35.730194122906944], [51.22523980166673, 35.729959724899835], [51.22490816212482, 35.72996034533053], [51.224906518921145, 35.730476563160074], [51.2248735218152, 35.73050115081127], [51.224577949246594, 35.73050194174307], [51.22457836819349, 35.73073627019792], [51.2245425474429, 35.73077225870476], [51.22361561981673, 35.7307734100299], [51.22358354936551, 35.73073819287038], [51.22358265595241, 35.73050379511342], [51.22291928030916, 35.730505026008096]], [[51.23057238389954, 35.738565207772375], [51.23053638338293, 35.738605122659], [51.23025846984468, 35.738599114512965], [51.23024061705041, 35.73856592038026], [51.230246753869544, 35.738353177982354], [51.230279991893376, 35.73833531706868], [51.23055398187187, 35.73834152554564], [51.23057163104777, 35.738370801840425], [51.23057238389954, 35.738565207772375]], [[51.230215772998584, 35.72995030767488], [51.22989866891152, 35.729941799073785], [51.22989244251568, 35.72969503110875], [51.23053218934683, 35.729688234988195], [51.23053919713186, 35.73020549120001], [51.2302311785786, 35.73021165314714], [51.230215772998584, 35.72995030767488]], [[51.22990985753821, 35.73891704238146], [51.22994585817863, 35.73887712781127], [51.230223773114204, 35.738883136695314], [51.23024162585227, 35.73891633078758], [51.23023548902622, 35.73912907319735], [51.2302022509151, 35.739146934078846], [51.22992825784172, 35.739140724816764], [51.22991060879336, 35.73911144831446], [51.22990985753821, 35.73891704238146]], [[51.229597750785715, 35.731844870919524], [51.22955787820264, 35.73180890350465], [51.22955730954178, 35.731610573618326], [51.229581741060734, 35.73157746025001], [51.23019583212158, 35.73157627963546], [51.230220604233715, 35.731613152577914], [51.230218926469746, 35.73208945431376], [51.230185930250514, 35.73211404403861], [51.22991496303438, 35.73211171381477], [51.22989039459395, 35.73207875844684], [51.22988948267378, 35.731844359882096], [51.229597750785715, 35.731844870919524]], [[51.22961793555602, 35.73887756122927], [51.22957806296387, 35.73884159385246], [51.229588960566396, 35.73861885648333], [51.22989729642161, 35.73861824047866], [51.22989797934952, 35.73886529708348], [51.22961793555602, 35.73887756122927]], [[51.22889271673782, 35.73130518866972], [51.22889228514786, 35.73107086088067], [51.228924220389594, 35.73103545449325], [51.22984723517585, 35.73103292537833], [51.229886521319294, 35.731065013713724], [51.22988767720819, 35.73126722254738], [51.22987015722371, 35.73129662210545], [51.229556283036786, 35.73130401663836], [51.22955671657716, 35.73153834419715], [51.229532284982305, 35.73157145758913], [51.22857082594767, 35.73156172866415], [51.22857569276058, 35.731314927543245], [51.22889271673782, 35.73130518866972]], [[51.22953024844446, 35.736172833808965], [51.229570120923384, 35.73620880120605], [51.22956697302344, 35.73669257528632], [51.22953564681929, 35.73671360971135], [51.2292611105026, 35.736709608493804], [51.229239888652735, 35.73667440477004], [51.22924324213994, 35.73619454846208], [51.22927456830127, 35.73617351413785], [51.22953024844446, 35.736172833808965]], [[51.22857798460066, 35.7372566506724], [51.22828231177124, 35.7372569736687], [51.22825092594813, 35.73723610462697], [51.22824483914173, 35.73675629645821], [51.228265905654524, 35.73672094696772], [51.228868282254666, 35.73671507384446], [51.228903586730084, 35.73673612759398], [51.22891293462315, 35.738337879882806], [51.22923007346623, 35.73834639090962], [51.2292453155516, 35.73856774383411], [51.2292242493155, 35.73860309368365], [51.22829009017554, 35.73860959859642], [51.22825478568606, 35.738588544621905], [51.22825538448574, 35.73808648268112], [51.22828469999973, 35.738068822784484], [51.22858030341291, 35.73806802272415], [51.22857798460066, 35.7372566506724]], [[51.22851488209391, 35.72914203433444], [51.22855475428206, 35.72917800225487], [51.22854385364443, 35.72940073988273], [51.22823555610309, 35.7294013521009], [51.22823487832795, 35.729154295040445], [51.22851488209391, 35.72914203433444]], [[51.22727171429382, 35.739413925807334], [51.227255890570994, 35.73891816081253], [51.22728032276911, 35.738885048210165], [51.227879170329665, 35.73888086700387], [51.22791616114048, 35.73890546316953], [51.22790523606251, 35.73914221685324], [51.227588179465464, 35.739151953286886], [51.22758860743615, 35.73938628080704], [51.227564175262394, 35.73941939354936], [51.22727171429382, 35.739413925807334]]]}}, {"type": "Feature", "properties": {"cls": 1}, "geometry": {"type": "Polygon", "coordinates": [[[51.23255842953001, 35.736978533548715], [51.23255921565875, 35.7372489295406], [51.23289088525073, 35.73724828790663], [51.23289009800085, 35.7369778919211], [51.23255842953001, 35.736978533548715]]]}}, {"type": "Feature", "properties": {"cls": 1}, "geometry": {"type": "Polygon", "coordinates": [[[51.23187844159847, 35.731299564097284], [51.231879225265054, 35.73156996035804], [51.23221087131963, 35.731569320686454], [51.23221008653223, 35.73129892443201], [51.23187844159847, 35.731299564097284]]]}}, {"type": "Feature", "properties": {"cls": 1}, "geometry": {"type": "Polygon", "coordinates": [[[51.2305858040877, 35.743203585237865], [51.230587363747595, 35.7437444686854], [51.23158263740063, 35.743742556909574], [51.23158185438618, 35.74347216119153], [51.230946678889474, 35.7434716158977], [51.23091841364423, 35.74343734718271], [51.23091749843045, 35.74320294895331], [51.2305858040877, 35.743203585237865]]]}}, {"type": "Feature", "properties": {"cls": 1}, "geometry": {"type": "Polygon", "coordinates": [[[51.23121731319704, 35.73211230549252], [51.2312180946526, 35.73238270172932], [51.231549744093144, 35.732382063867725], [51.231548961516694, 35.732111667637234], [51.23121731319704, 35.73211230549252]]]}}, {"type": "Feature", "properties": {"cls": 1}, "geometry": {"type": "Polygon", "coordinates": [[[51.22956094032218, 35.73292694605278], [51.22956171620288, 35.733197342284406], [51.22989336906056, 35.733196708976514], [51.229892592058945, 35.732926312751154], [51.22956094032218, 35.73292694605278]]]}}, {"type": "Feature", "properties": {"cls": 1}, "geometry": {"type": "Polygon", "coordinates": [[[51.22856802785038, 35.73374030527741], [51.22856957332466, 35.734281189654176], [51.228901230700494, 35.73428055906491], [51.228899682983446, 35.73373967470063], [51.22856802785038, 35.73374030527741]]]}}, {"type": "Feature", "properties": {"cls": 1}, "geometry": {"type": "Polygon", "coordinates": [[[51.22726486542434, 35.74212794724412], [51.22726640256108, 35.74266883091421], [51.22758355911254, 35.742677346290236], [51.22759895661306, 35.74293869151318], [51.22793064992569, 35.74293806346867], [51.22793022086716, 35.74270373607393], [51.22795834826038, 35.74266929221165], [51.228593447188636, 35.74266631672454], [51.228592674311585, 35.74239592090118], [51.22796911584431, 35.74239705807068], [51.227932124933304, 35.74237246194483], [51.22794304985165, 35.742135708415134], [51.228260118820046, 35.74212597106736], [51.2282593470853, 35.74185557521336], [51.22792765827119, 35.741856204147844], [51.22792808730224, 35.74209053147924], [51.22789995982279, 35.74212497535701], [51.22726486542434, 35.74212794724412]]]}}, {"type": "Feature", "properties": {"cls": 1}, "geometry": {"type": "Polygon", "coordinates": [[[51.22065460473216, 35.75133688196023], [51.22065684432405, 35.75214825255], [51.22128048308469, 35.75214715290749], [51.221318803981084, 35.752175442188076], [51.22132498526042, 35.75376995812691], [51.22165672366947, 35.75376934722285], [51.221656312727475, 35.753535019268305], [51.22168444200039, 35.753500577760086], [51.22228363435559, 35.753497940026115], [51.22231958608106, 35.75353372574693], [51.22232047634434, 35.75376812246793], [51.22261621708432, 35.75376781381003], [51.22264557694159, 35.75378532489386], [51.22265306015186, 35.754037996134095], [51.223980293945786, 35.75403553215624], [51.22397877840156, 35.75349464938793], [51.22365602331632, 35.75348059595577], [51.223645435603366, 35.75295429196922], [51.223331393364965, 35.752948096016475], [51.22331374614429, 35.75291881778228], [51.223313010643295, 35.75272441228172], [51.223349013529266, 35.752684500729416], [51.223976504257415, 35.75268309524038], [51.22397608654486, 35.75244876763307], [51.22400802324187, 35.75241336322076], [51.22461833390863, 35.752416173308255], [51.2246393507707, 35.7524474606335], [51.224640247808466, 35.7526818577192], [51.224935984354815, 35.75268154337012], [51.22496534443886, 35.75269905369054], [51.224972834873704, 35.75295172500871], [51.22562741504145, 35.752965152786714], [51.22563040703895, 35.753203231231865], [51.22560109117797, 35.753220890277476], [51.22530542454786, 35.75322168331986], [51.225305846174614, 35.753456010556256], [51.225284960406846, 35.75348743563163], [51.224642528690545, 35.753493411830014], [51.22464328852192, 35.75376380722731], [51.2249390295636, 35.75376349285541], [51.22497343248808, 35.75379159543329], [51.22497725813321, 35.75481295509717], [51.22494200324762, 35.75484505705676], [51.22464632975966, 35.7548458485016], [51.224646749494575, 35.75508017577348], [51.22462231645991, 35.75511328755685], [51.224315254107836, 35.75511695503887], [51.224316012877516, 35.755387350369105], [51.224647757933724, 35.75538673119125], [51.22465384292013, 35.755134073949094], [51.22468315880072, 35.75511641520099], [51.224978833564755, 35.755115623750925], [51.22497841285676, 35.75488129643339], [51.2250028457168, 35.75484818456083], [51.225641741691945, 35.75484389341591], [51.22564055545405, 35.75433907889498], [51.22566868352518, 35.7543046358646], [51.22595751105661, 35.75431143830999], [51.22597290366025, 35.75457278316761], [51.22663647888533, 35.75457153471262], [51.226635712289486, 35.754301139388865], [51.22633996894156, 35.75430145785262], [51.226306896969646, 35.75427704607674], [51.226302348176645, 35.753760789482676], [51.22600660711946, 35.75376110711865], [51.22597522159742, 35.753740237298494], [51.2259700940007, 35.75352699409498], [51.225990979507934, 35.753495568844734], [51.22726876145986, 35.75349015315509], [51.227297025547294, 35.75352442319887], [51.227298699589454, 35.7540293079016], [51.2276304389392, 35.75402868051733], [51.22764438153088, 35.75376730159412], [51.22796149880821, 35.75375756486433], [51.227969134074236, 35.75323125980582], [51.22829178389633, 35.753215960993344], [51.228290239225444, 35.752675078312286], [51.227994502405956, 35.752675400822824], [51.227958345381545, 35.75263569991321], [51.22795798380154, 35.7524412886823], [51.227975504243325, 35.75241188961099], [51.228289466352905, 35.752404499011334], [51.22828714927043, 35.751593128880934], [51.227316389062295, 35.75159188000135], [51.2272918213702, 35.75155892380275], [51.227290916585716, 35.75132452641081], [51.226995185513836, 35.751324846443744], [51.226965825155, 35.751307336799854], [51.226958328529605, 35.751054665461], [51.22662660150968, 35.751055290946695], [51.22662736798328, 35.75132568641687], [51.22694140406517, 35.75133187359199], [51.22695905224778, 35.75136115081969], [51.22695979658467, 35.751555556269594], [51.226923794844325, 35.751595469526286], [51.22662813519779, 35.75159626579768], [51.226628560660295, 35.75183059288423], [51.226607675277265, 35.75186201835869], [51.225965257326116, 35.75186800160475], [51.2259656808532, 35.75210232879254], [51.22593374465874, 35.75213773404659], [51.2253023749327, 35.752139733763265], [51.2253027965243, 35.75237406105226], [51.225274668264355, 35.752408503965434], [51.2246794041423, 35.75241134164739], [51.22464612531443, 35.752393646182554], [51.22465334788697, 35.75214999155288], [51.2249704590838, 35.75214026287249], [51.224969698191195, 35.751869867408104], [51.22467396517272, 35.75187018173897], [51.22464460504048, 35.75185267132999], [51.22463635554472, 35.75132951258882], [51.22401272338589, 35.751330629509624], [51.223979444616255, 35.75131293379968], [51.22398666917377, 35.75106927918155], [51.22430377602732, 35.75105955230638], [51.22430301741968, 35.75078915678095], [51.22367938978979, 35.750790271957946], [51.22364106833584, 35.75076198373283], [51.22364027477037, 35.750003596617404], [51.223673272000596, 35.74997900938793], [51.22396892563809, 35.74997822049353], [51.22396594338408, 35.74889729755248], [51.223651869401735, 35.7488901670482], [51.2236342220968, 35.74886088888887], [51.22363366776353, 35.748662559672916], [51.2236694886781, 35.74862657152855], [51.22426482998937, 35.74862603802237], [51.22429690057406, 35.748661254804375], [51.22429779651652, 35.748895652001984], [51.2246295146253, 35.74889503297125], [51.224643466940535, 35.748633653984626], [51.22496056355235, 35.748623925385346], [51.22495828057446, 35.74781255455688], [51.22462656696538, 35.747813174478146], [51.22462568289489, 35.7485998782853], [51.22459268573839, 35.748624465880965], [51.22431157429119, 35.7486161140572], [51.22429618714894, 35.74835476885003], [51.22400046882405, 35.748355081474486], [51.22396510268099, 35.74832317551044], [51.22396970851491, 35.7478321498287], [51.223999024459324, 35.74781449132332], [51.22429466906042, 35.74781370165862], [51.22429320028925, 35.747273753678456], [51.22397597671956, 35.74726429412264], [51.223960590684364, 35.747002948824125], [51.22329707816875, 35.747004182292414], [51.223297493762026, 35.74723851017396], [51.22326555676319, 35.747273914294865], [51.22230242346969, 35.74727651342746], [51.222297835168845, 35.748070146400906], [51.222268518980265, 35.7480878043348], [51.22197287303388, 35.74808858911136], [51.221973284774165, 35.748322917168665], [51.221948850932236, 35.7483560280113], [51.22164181613731, 35.74835968852811], [51.22164256567771, 35.74863008421205], [51.22195974605659, 35.74863861458592], [51.22196828153858, 35.748882222001946], [51.22193896531689, 35.748899879828954], [51.22164331594261, 35.748900663806666], [51.22164372673686, 35.74913499188165], [51.22161929279735, 35.74916810261367], [51.22131225457555, 35.74917176229587], [51.22131266440643, 35.74940609041478], [51.22129177746572, 35.74943751425816], [51.2209811909632, 35.749442859869774], [51.22098552027164, 35.751304000173334], [51.22095026439086, 35.75133610037934], [51.22065460473216, 35.75133688196023]], [[51.227665825182875, 35.75240572686478], [51.227625953136936, 35.75236975858951], [51.22763685575985, 35.75214702214333], [51.22794524779944, 35.7521464111431], [51.22794592524682, 35.75239346717322], [51.227665825182875, 35.75240572686478]], [[51.22565102505179, 35.75294143159394], [51.22563521058001, 35.75244566742093], [51.22565964324656, 35.75241255533065], [51.22625860314107, 35.752408381825425], [51.22629559369338, 35.75243297863556], [51.22628466427128, 35.752669731491316], [51.22596755122868, 35.75267946379016], [51.225967974782186, 35.752913790938486], [51.225943542140016, 35.7529469031688], [51.22565102505179, 35.75294143159394]], [[51.225598771501744, 35.75376206502501], [51.22563864287591, 35.753798034270396], [51.22562773483401, 35.75402077032995], [51.2253193350765, 35.754021375144696], [51.22531866538902, 35.753774319141876], [51.225598771501744, 35.75376206502501]], [[51.22364763982336, 35.75372567065239], [51.22361163695028, 35.753765582373994], [51.223333660438406, 35.7537595582026], [51.22331580988788, 35.753726362167356], [51.22332196456593, 35.75351362125562], [51.223355203227236, 35.75349576282284], [51.22362925623639, 35.753501987093536], [51.2236469034947, 35.75353126520435], [51.22364763982336, 35.75372567065239]], [[51.223341527445356, 35.748626987986874], [51.22330165662557, 35.74859101758641], [51.223312571119116, 35.74836828173969], [51.22362094757508, 35.74836768240128], [51.223621612083555, 35.74861473867746], [51.223341527445356, 35.748626987986874]], [[51.223314298287434, 35.753185312394045], [51.22327829529954, 35.75322522395809], [51.2230003210273, 35.7532191989967], [51.222982470587006, 35.75318600286604], [51.22298862615204, 35.7529732619709], [51.22302186484306, 35.752955403660664], [51.22329591561563, 35.752961628710096], [51.22331356277989, 35.752990906911876], [51.223314298287434, 35.753185312394045]], [[51.222677156304414, 35.74835773052894], [51.222637285672874, 35.74832175980323], [51.22264820198317, 35.748099024062086], [51.22295657733695, 35.74809842650997], [51.222957239865, 35.74834548280979], [51.222677156304414, 35.74835773052894]], [[51.22231903724366, 35.753267230805434], [51.22235504046967, 35.753227319714284], [51.222633015023, 35.75323334619864], [51.22265086529752, 35.75326654238332], [51.222644708845785, 35.75347928326199], [51.22261147003759, 35.75349714141836], [51.22233741728216, 35.75349091480971], [51.22231977033905, 35.75346163631018], [51.22231903724366, 35.753267230805434]], [[51.22231493416546, 35.75214524570517], [51.22232983015978, 35.751883819237555], [51.22263795840683, 35.75188876745808], [51.222649889024105, 35.752916055241386], [51.22262527347744, 35.75295308986758], [51.22202630932144, 35.752957245225886], [51.221989319341866, 35.75293264661493], [51.22198721009928, 35.75217056939575], [51.22202020760589, 35.75214598280408], [51.22231493416546, 35.75214524570517]], [[51.2216471304797, 35.750293092858946], [51.22168313393913, 35.75025318209288], [51.222292911967195, 35.75025859751092], [51.22231076212508, 35.75029179380012], [51.22230535693961, 35.750775022302015], [51.22227211810276, 35.75079288032846], [51.22199807656442, 35.75078665289653], [51.221980429719906, 35.75075737429852], [51.2219795405245, 35.75052297760287], [51.22166550863393, 35.750516777205696], [51.221647861882886, 35.750487498517685], [51.2216471304797, 35.750293092858946]], [[51.22131381687543, 35.749752728525394], [51.221349820449646, 35.74971281791684], [51.221627780426324, 35.74971884681019], [51.221645630365195, 35.74975204328815], [51.221639471199325, 35.749964784198305], [51.22160623230291, 35.749982641980644], [51.22133219411475, 35.749976412997164], [51.22131454745773, 35.74994713421821], [51.22131381687543, 35.749752728525394]]]}}, {"type": "Feature", "properties": {"cls": 1}, "geometry": {"type": "Polygon", "coordinates": [[[51.227599726879205, 35.74320927125364], [51.227600496422085, 35.74347966705907], [51.22826397948858, 35.74347840996136], [51.228263207702426, 35.743208014168374], [51.227599726879205, 35.74320927125364]]]}}, {"type": "Feature", "properties": {"cls": 1}, "geometry": {"type": "Polygon", "coordinates": [[[51.22757201696315, 35.73347170352162], [51.22757278613703, 35.73374209976627], [51.22823618841519, 35.73374084311649], [51.22823541699911, 35.73347044688427], [51.22757201696315, 35.73347170352162]]]}}, {"type": "Feature", "properties": {"cls": 1}, "geometry": {"type": "Polygon", "coordinates": [[[51.226571415949785, 35.73158016380728], [51.22657371392633, 35.732391536739414], [51.22690536351136, 35.732390911680874], [51.22691930897907, 35.732129531811076], [51.22723633668098, 35.732119797365904], [51.22723556869004, 35.73184940104185], [51.22691845721171, 35.731840884477], [51.226903062170564, 35.73157953876733], [51.226571415949785, 35.73158016380728]]]}}, {"type": "Feature", "properties": {"cls": 1}, "geometry": {"type": "Polygon", "coordinates": [[[51.226579843650924, 35.73455553454684], [51.22658060950186, 35.734825930761275], [51.226912269182954, 35.734825305647036], [51.226911502211, 35.734554909438806], [51.226579843650924, 35.73455553454684]]]}}, {"type": "Feature", "properties": {"cls": 1}, "geometry": {"type": "Polygon", "coordinates": [[[51.226578311249746, 35.734014558158535], [51.22657907708029, 35.734284954397346], [51.226910734517695, 35.73428432929552], [51.22690996756618, 35.73401393306286], [51.226578311249746, 35.734014558158535]]]}}, {"type": "Feature", "properties": {"cls": 1}, "geometry": {"type": "Polygon", "coordinates": [[[51.2259255109147, 35.73780263960947], [51.22592627464511, 35.738073035689844], [51.2262579478099, 35.73807241233072], [51.2262571829583, 35.73780201625651], [51.2259255109147, 35.73780263960947]]]}}, {"type": "Feature", "properties": {"cls": 1}, "geometry": {"type": "Polygon", "coordinates": [[[51.222915511835076, 35.72915258369357], [51.22291626515086, 35.72942298021945], [51.22355501984351, 35.729424882338094], [51.22357958633222, 35.72945783986325], [51.22358047971021, 35.729692237768724], [51.22557077012949, 35.72968852311114], [51.225570007835756, 35.72941812664642], [51.2242752985707, 35.72941973309308], [51.22424322792446, 35.729384516204874], [51.22424233261171, 35.72915011830055], [51.2239466940215, 35.72915043052118], [51.22391733394748, 35.72913291981957], [51.223924559196846, 35.72888926422927], [51.22424157409951, 35.72887953786404], [51.224255528164946, 35.72861815798597], [51.22457254187465, 35.72860843073762], [51.22457102374244, 35.728067545700114], [51.22390766834752, 35.728068781971594], [51.223893713156286, 35.728330161784925], [51.223576700531474, 35.728339887293565], [51.223567160304505, 35.729139599666574], [51.222915511835076, 35.72915258369357]]]}}, {"type": "Feature", "properties": {"cls": 1}, "geometry": {"type": "Polygon", "coordinates": [[[51.22462428708351, 35.747001711560046], [51.224625046671974, 35.74727210725019], [51.22495675803512, 35.74727148734122], [51.22495599732496, 35.74700109165721], [51.22462428708351, 35.747001711560046]]]}}, {"type": "Feature", "properties": {"cls": 1}, "geometry": {"type": "Polygon", "coordinates": [[[51.22428944965922, 35.74592037986298], [51.22429020808527, 35.74619077560807], [51.22495371380388, 35.74618953668628], [51.22495219211193, 35.74564865324703], [51.224620487482916, 35.74564927311919], [51.22460653501713, 35.74591065217081], [51.22428944965922, 35.74592037986298]]]}}, {"type": "Feature", "properties": {"cls": 1}, "geometry": {"type": "Polygon", "coordinates": [[[51.22358123600821, 35.72996281818087], [51.22358199159622, 35.73023321465797], [51.223913632299315, 35.73023259787887], [51.22391287559054, 35.72996220140788], [51.22358123600821, 35.72996281818087]]]}}, {"type": "Feature", "properties": {"cls": 1}, "geometry": {"type": "Polygon", "coordinates": [[[51.22232273376288, 35.75457967656043], [51.22232348577783, 35.75485007195161], [51.22365073308726, 35.75484761156193], [51.22364997658294, 35.75457721619508], [51.22232273376288, 35.75457967656043]]]}}, {"type": "Feature", "properties": {"cls": 1}, "geometry": {"type": "Polygon", "coordinates": [[[51.22128231055663, 35.73835224769857], [51.22128305860613, 35.73862264383996], [51.22194556529242, 35.73862146948569], [51.22194609022893, 35.73838709309439], [51.22197802754686, 35.738351689581755], [51.22327281642942, 35.738348478323886], [51.22328677334831, 35.7380870989334], [51.22360382650926, 35.738077374136154], [51.22360307062957, 35.73780697801285], [51.22263998636629, 35.73780795033223], [51.22260791619927, 35.73777273278977], [51.22260702547551, 35.737538335462254], [51.221943591438006, 35.737539561185436], [51.22192963021334, 35.737800940454036], [51.22161257792134, 35.73781066084193], [51.221604900316876, 35.73833696745005], [51.22128231055663, 35.73835224769857]]]}}, {"type": "Feature", "properties": {"cls": 1}, "geometry": {"type": "Polygon", "coordinates": [[[51.2225815260259, 35.728341732219214], [51.2225822781906, 35.72861212878776], [51.22291391219455, 35.72861151478844], [51.22291315890918, 35.72834111822597], [51.2225815260259, 35.728341732219214]]]}}, {"type": "Feature", "properties": {"cls": 1}, "geometry": {"type": "Polygon", "coordinates": [[[51.220258707166636, 35.72807551645476], [51.220259451474654, 35.72834591307778], [51.22057339121501, 35.72835211744491], [51.220591037584505, 35.72838139644431], [51.220591765989724, 35.72857580311882], [51.22055576204289, 35.728615713316074], [51.220260196501876, 35.728616493611504], [51.22026168552216, 35.72915737875801], [51.2212321660299, 35.7291586855757], [51.22125673182886, 35.72919164390194], [51.22125761839673, 35.72942604149966], [51.22155325792162, 35.72942573579649], [51.22158261768876, 35.729443247286966], [51.221591032527, 35.72969596377785], [51.2219217354862, 35.72969530829161], [51.22192039207483, 35.729194414233866], [51.22194146075312, 35.729159066778664], [51.222583691304614, 35.729153105878524], [51.22258293912017, 35.72888270933437], [51.22195949353685, 35.728883814965954], [51.22192117241501, 35.728855525895504], [51.22191907343769, 35.72864951366947], [51.221936595612476, 35.72862011627682], [51.22225046025211, 35.72861274200741], [51.22224895781708, 35.72807185688455], [51.22191732603525, 35.72807246904299], [51.22191773713541, 35.72830679807206], [51.221889607830434, 35.72834123961142], [51.22125462654482, 35.72834417931748], [51.2212550357116, 35.728578508447335], [51.22121529134682, 35.72861469548643], [51.22093527274068, 35.72860350729252], [51.22092280968764, 35.72834478887277], [51.22060571378732, 35.72833625532154], [51.22059033899831, 35.72807490886813], [51.220258707166636, 35.72807551645476]], [[51.22192016995818, 35.72911434013732], [51.22188416646697, 35.729154250955375], [51.221285179567346, 35.7291538264444], [51.2212569172265, 35.72911955398617], [51.221257879459856, 35.72891352459556], [51.22129611343759, 35.728885036794125], [51.22189117586203, 35.72888566133977], [51.22191943831583, 35.728919933525425], [51.22192016995818, 35.72911434013732]], [[51.22059198677116, 35.72865587677], [51.220627990615036, 35.728615966581614], [51.22090586309311, 35.72862199746855], [51.220923712759294, 35.72865519421164], [51.2209175512564, 35.728867935949424], [51.220884312310325, 35.72888579341885], [51.22061036161118, 35.72887956246829], [51.22059271518419, 35.72885028343838], [51.22059198677116, 35.72865587677]]]}}, {"type": "Feature", "properties": {"cls": 1}, "geometry": {"type": "Polygon", "coordinates": [[[51.21862817907245, 35.7383570997771], [51.21862891814976, 35.73862749596651], [51.219624128932956, 35.738625683346626], [51.21963809750139, 35.73836430417818], [51.21995515257724, 35.73835458916139], [51.21996125265399, 35.73810193089679], [51.21999056899061, 35.73808427373632], [51.220286173977435, 35.738083494061165], [51.22028576742247, 35.737849165117034], [51.22030665461192, 35.73781774164992], [51.22061719313356, 35.73781239804595], [51.22061644735723, 35.73754200185589], [51.22028477626458, 35.737542609653126], [51.22028518281015, 35.73777693850758], [51.22025324489996, 35.73781234133538], [51.21895846446904, 35.737815520142725], [51.21895920464816, 35.73808591635056], [51.219276340808975, 35.73809445408493], [51.21928486816685, 35.73833806231657], [51.21925162906619, 35.73835591921505], [51.21862817907245, 35.7383570997771]]]}}, {"type": "Feature", "properties": {"cls": 1}, "geometry": {"type": "Polygon", "coordinates": [[[51.22026838855525, 35.73159186710142], [51.22026913299218, 35.73186226356588], [51.2206007805252, 35.73186165589503], [51.22060003496743, 35.731591259436584], [51.22026838855525, 35.73159186710142]]]}}, {"type": "Feature", "properties": {"cls": 1}, "geometry": {"type": "Polygon", "coordinates": [[[51.21138151562943, 35.75811575348171], [51.21138223072837, 35.75838614890958], [51.21169629385034, 35.75839237631946], [51.211713937773844, 35.7584216576208], [51.21171464518465, 35.7586160631882], [51.211678638227575, 35.75865596936561], [51.211382946518604, 35.7586567282482], [51.21138366163662, 35.75892712365167], [51.2120262098628, 35.75893075659313], [51.21204722307369, 35.758962047761266], [51.21204808334605, 35.75919644283536], [51.21234384522046, 35.759196159374504], [51.212373204073145, 35.75921367383814], [51.21238065529981, 35.759466344700776], [51.21304427176757, 35.7594651710914], [51.213050392923066, 35.75921251347592], [51.21307970995592, 35.75919485854882], [51.213375403750945, 35.75919409557562], [51.213375016948106, 35.7589597664585], [51.21341084087774, 35.75892378292766], [51.21401377203921, 35.758925560286414], [51.21403833572845, 35.7589585210062], [51.21403920183908, 35.75919291635609], [51.215697438666744, 35.75919000022084], [51.21569798141211, 35.758955623793476], [51.215733804657475, 35.75891963920907], [51.21934801505869, 35.75891286413689], [51.21934727299752, 35.758642468874505], [51.21836635035355, 35.75863513820195], [51.21835209076225, 35.75813167347417], [51.21839032531833, 35.75810318687882], [51.21898182296644, 35.75810287924234], [51.2190138919874, 35.75813809820436], [51.21901477266809, 35.758372494276244], [51.21934559387599, 35.75837193741502], [51.21936049920082, 35.7581105114257], [51.21967763624205, 35.75810079685393], [51.21967689308794, 35.75783040156092], [51.21903790317706, 35.75782847952868], [51.21901333793595, 35.75779552049542], [51.21901336087852, 35.75759330489595], [51.21905253976116, 35.757561005541184], [51.21967614923464, 35.757559822332816], [51.21967540610033, 35.757289427015415], [51.21935819024093, 35.75728089055741], [51.21934598069255, 35.757044211773405], [51.219382901256374, 35.75701942620223], [51.220006506163784, 35.757018241296606], [51.22000576192675, 35.7567478459608], [51.2196885482628, 35.75673931038126], [51.2196731756932, 35.75647796510562], [51.219341425993896, 35.75647857057829], [51.21932745692867, 35.75673994883304], [51.218678482731676, 35.756750266243436], [51.21867888502523, 35.756984594451126], [51.21864306255466, 35.7570205803828], [51.21502893898515, 35.75702733406723], [51.21502282396012, 35.75727999161257], [51.21499350704544, 35.757297647166205], [51.214697821573246, 35.757298414182124], [51.21469821221498, 35.75753274304732], [51.21467008076393, 35.757567181933936], [51.21303931661704, 35.75757185155132], [51.21304042344972, 35.758076668059644], [51.21301229149956, 35.75811110631575], [51.21138151562943, 35.75811575348171]], [[51.21834818110737, 35.75733183422585], [51.21838418568983, 35.757291924969785], [51.21866217715336, 35.757297960715114], [51.21868002613259, 35.757331158005464], [51.21867385933498, 35.75754389823005], [51.21864062016503, 35.75756175495179], [51.21836655046517, 35.7575555192153], [51.21834890462845, 35.75752623966074], [51.21834818110737, 35.75733183422585]], [[51.21635784180298, 35.75760591887239], [51.216393847067195, 35.75756601054324], [51.21668953350234, 35.75756523944227], [51.21668913702536, 35.757330910815945], [51.216713572361066, 35.757297801784645], [51.216984646699004, 35.75729445719177], [51.21701771704678, 35.75731887259537], [51.217022051684495, 35.75779513808669], [51.216997434192, 35.75783217072368], [51.21638682139395, 35.757834598584964], [51.216358560489965, 35.757800324351685], [51.21635784180298, 35.75760591887239]], [[51.21503336723709, 35.75869024812146], [51.215069372954034, 35.758650340405644], [51.21534737008748, 35.758656383911706], [51.2153652179818, 35.758689582131176], [51.215359042503785, 35.75890232189695], [51.21532580303345, 35.75892017741607], [51.21505172763475, 35.75891393403024], [51.21503408272446, 35.758884653589305], [51.21503336723709, 35.75869024812146]], [[51.214991112351036, 35.75783882158896], [51.21503098072318, 35.757874795996216], [51.21503151391226, 35.75807312493505], [51.2150070780061, 35.75810623342306], [51.21440807082677, 35.75811035086885], [51.2143710820378, 35.7580857490451], [51.21436767098772, 35.75787604719626], [51.21439210701688, 35.757842938961254], [51.214991112351036, 35.75783882158896]], [[51.213997018756, 35.758381571468384], [51.214036886846834, 35.758417546358835], [51.21402594727091, 35.758640280171335], [51.21371752806987, 35.758640853938964], [51.21371689276265, 35.75839379794648], [51.213997018756, 35.758381571468384]], [[51.21305537656896, 35.75812184388524], [51.213689825338555, 35.758120698592364], [51.21369600430815, 35.75836746670839], [51.213050464314996, 35.758368642956476], [51.21305537656896, 35.75812184388524]], [[51.213082839960954, 35.75892417156929], [51.21304297204164, 35.758888196201326], [51.21305391428513, 35.75866546260949], [51.21336233372045, 35.75866489062105], [51.21336296797131, 35.75891194660738], [51.213082839960954, 35.75892417156929]], [[51.212046708345085, 35.758695549596155], [51.21208271508542, 35.75865564327293], [51.212681947649415, 35.75865611289151], [51.212710207377455, 35.758690388497364], [51.21270922380969, 35.75889641638141], [51.21267098803558, 35.758924900429044], [51.21207567618526, 35.75892423102695], [51.21204741657033, 35.75888995514813], [51.212046708345085, 35.758695549596155]]]}}, {"type": "Feature", "properties": {"cls": 1}, "geometry": {"type": "Polygon", "coordinates": [[[51.219599714216145, 35.7296996604141], [51.21960045634157, 35.72997005697595], [51.21993209604296, 35.72996945117605], [51.219931352796806, 35.729699054620205], [51.219599714216145, 35.7296996604141]]]}}, {"type": "Feature", "properties": {"cls": 1}, "geometry": {"type": "Polygon", "coordinates": [[[51.21926353572628, 35.728077333928255], [51.219264276671424, 35.72834773056927], [51.219559911447725, 35.72834742978152], [51.21959298222635, 35.728371844264295], [51.21959748648478, 35.7288881028096], [51.21992912169994, 35.72888749703372], [51.219927634942316, 35.728346611850796], [51.21961053919834, 35.72833807563044], [51.21959516758768, 35.72807672908472], [51.21926353572628, 35.728077333928255]]]}}, {"type": "Feature", "properties": {"cls": 1}, "geometry": {"type": "Polygon", "coordinates": [[[51.21594775712833, 35.728624310044594], [51.215948486883384, 35.728894706720595], [51.21657193203655, 35.72889363213848], [51.216605210082705, 35.72891133061203], [51.216597963322926, 35.72915498555754], [51.21628094575108, 35.729164691518314], [51.216281676646595, 35.72943508816401], [51.21658870114591, 35.729437623171556], [51.21661326556688, 35.729470583096536], [51.21661413854044, 35.72970498004367], [51.21693123953606, 35.729713524194885], [51.216946602677424, 35.72997487098479], [51.21757785742635, 35.7299745448041], [51.21760992600634, 35.73000976445491], [51.21761080191177, 35.730244161516616], [51.21823425846771, 35.73024307828309], [51.21827124777726, 35.730267678559365], [51.218274668429366, 35.73047738134325], [51.21825023346127, 35.73051049085821], [51.21761153803137, 35.730514742012765], [51.21761227345993, 35.730785138573786], [51.21792937910176, 35.73079368003157], [51.21793003472919, 35.73104600948491], [51.21694953715017, 35.73105691710803], [51.21695027035608, 35.731327313656514], [51.218608865048296, 35.73132431167755], [51.21861423034944, 35.730801164527485], [51.21864354681573, 35.7307835078279], [51.21893912178917, 35.73078273156417], [51.218935420913276, 35.72943038091035], [51.21794032449366, 35.72943218743341], [51.21792635027906, 35.72969356684169], [51.217637640190674, 35.7297014586976], [51.21760937894024, 35.729667184847514], [51.21760850305153, 35.72943278786673], [51.217312864200984, 35.729433083782524], [51.21727846275154, 35.72940497793818], [51.21727456976565, 35.72862192151474], [51.21694293559242, 35.728622519969576], [51.2169318625119, 35.72888125520638], [51.21665185935055, 35.72889348825831], [51.216611990434004, 35.728857514518836], [51.216611117485535, 35.72862311764133], [51.21594775712833, 35.728624310044594]]]}}, {"type": "Feature", "properties": {"cls": 1}, "geometry": {"type": "Polygon", "coordinates": [[[51.21760491646167, 35.72808034476148], [51.217606387502606, 35.72862123005237], [51.21893319994156, 35.728618823233354], [51.218932460107816, 35.728348426598565], [51.2186368255742, 35.72834872575425], [51.21860067175655, 35.72830902037468], [51.218600333400026, 35.72811460802306], [51.21861785650973, 35.72808521151785], [51.21893171957829, 35.72807784602869], [51.21893097976426, 35.7278074493695], [51.21826762627313, 35.727808654539004], [51.218268026683745, 35.72804298420726], [51.21824359171087, 35.72807609371219], [51.21760491646167, 35.72808034476148]]]}}, {"type": "Feature", "properties": {"cls": 1}, "geometry": {"type": "Polygon", "coordinates": [[[51.21728274274323, 35.731597295529916], [51.21728347708983, 35.731867692048084], [51.217600587169095, 35.73187623437149], [51.21761595250189, 35.73213758100325], [51.218279341921736, 35.73213637930101], [51.21827860420216, 35.731865982812856], [51.21796149412848, 35.731857442222704], [51.21794612769731, 35.73159609568051], [51.21728274274323, 35.731597295529916]]]}}, {"type": "Feature", "properties": {"cls": 1}, "geometry": {"type": "Polygon", "coordinates": [[[51.217603445109575, 35.72753936746035], [51.21760418043035, 35.72780976415556], [51.21793581121869, 35.727809163889795], [51.217935074777266, 35.727538767200514], [51.217603445109575, 35.72753936746035]]]}}, {"type": "Feature", "properties": {"cls": 1}, "geometry": {"type": "Polygon", "coordinates": [[[51.217287151069186, 35.7332202262247], [51.217287885474484, 35.73349062266968], [51.21761953982672, 35.73349002319362], [51.217618804300486, 35.73321962675457], [51.217287151069186, 35.7332202262247]]]}}, {"type": "Feature", "properties": {"cls": 1}, "geometry": {"type": "Polygon", "coordinates": [[[51.212313125818746, 35.7340405749548], [51.21231384343413, 35.734310971451094], [51.212937333070336, 35.73430991555351], [51.2129726356288, 35.73433097560116], [51.2129802239748, 35.7353917525198], [51.21364364058981, 35.73539057628524], [51.21364325354761, 35.73515624607245], [51.2136713852538, 35.73512180768108], [51.21463817753468, 35.73511831660819], [51.214652162117495, 35.734856937567564], [51.214969203697066, 35.734847235973824], [51.21496881278622, 35.734612905962045], [51.21499324866194, 35.73457979759336], [51.21530022761574, 35.734576154424296], [51.2152989254149, 35.73407525948193], [51.21531999633884, 35.734039914116366], [51.21596226872207, 35.73403398857989], [51.21596187492252, 35.73379965869928], [51.215993814038406, 35.73376425770319], [51.216956780831225, 35.73376170976279], [51.216955313904215, 35.73322082491173], [51.21662366065335, 35.73322142255279], [51.2166240563778, 35.73345575224311], [51.21658431069205, 35.733491937046935], [51.216304271940245, 35.73348073787306], [51.216291823468836, 35.73322201941035], [51.21596017019847, 35.73322261522233], [51.21594909411135, 35.73348135022732], [51.21566515303181, 35.733493395638085], [51.215629203171126, 35.73345760679884], [51.215628332994484, 35.73322321025042], [51.21497947252728, 35.733215255729796], [51.21496411558812, 35.73295390897202], [51.21399728505831, 35.732953865949575], [51.21396902489359, 35.732919590719355], [51.213968159592724, 35.7326851943773], [51.21297302235597, 35.73268695995865], [51.21295903235597, 35.73294833893094], [51.2126419983018, 35.73295803519108], [51.212642717000165, 35.73322843173038], [51.21297437036633, 35.73322784506376], [51.212973985333235, 35.73299351463267], [51.21301373195284, 35.73295733159981], [51.21394057286748, 35.732957407673986], [51.21396883294722, 35.73299168288397], [51.21396486739437, 35.73320496788744], [51.21392961657454, 35.733226196470824], [51.21330620799093, 35.733227349315044], [51.213306594002795, 35.73346167957345], [51.21327465399691, 35.733497079470446], [51.212643436393066, 35.73349901218042], [51.212644155110574, 35.73376940869531], [51.21296127231419, 35.73377796343489], [51.21296978102337, 35.73402157264065], [51.212936541355, 35.73403942723336], [51.212313125818746, 35.7340405749548]], [[51.21462001034014, 35.7337750161254], [51.21462138188691, 35.734297833917104], [51.21431888079157, 35.734298393067256], [51.21431197581683, 35.733781135468696], [51.21462001034014, 35.7337750161254]]]}}, {"type": "Feature", "properties": {"cls": 1}, "geometry": {"type": "Polygon", "coordinates": [[[51.216286795974085, 35.731328600034026], [51.2162875269475, 35.731598996582136], [51.21661917347695, 35.73159839989106], [51.21661844138271, 35.73132800334888], [51.216286795974085, 35.731328600034026]]]}}, {"type": "Feature", "properties": {"cls": 1}, "geometry": {"type": "Polygon", "coordinates": [[[51.21627509615169, 35.72700078222194], [51.216276558144855, 35.72754166765777], [51.21660818785085, 35.72754107105533], [51.216606723615634, 35.7270001856313], [51.21627509615169, 35.72700078222194]]]}}, {"type": "Feature", "properties": {"cls": 1}, "geometry": {"type": "Polygon", "coordinates": [[[51.2156335291852, 35.735116628980784], [51.21563425805228, 35.7353870253699], [51.21596592030615, 35.73538643042533], [51.21596519031803, 35.7351160340421], [51.2156335291852, 35.735116628980784]]]}}, {"type": "Feature", "properties": {"cls": 1}, "geometry": {"type": "Polygon", "coordinates": [[[51.21431014044011, 35.73647144159822], [51.21431231444939, 35.73728281453931], [51.214643984595604, 35.73728222321219], [51.214657969107044, 35.73702084426995], [51.21497501965593, 35.737011142628525], [51.21498113532143, 35.736758484060815], [51.21501045215115, 35.73674082854627], [51.21530605247233, 35.7367400611296], [51.21530566053143, 35.73650573126636], [51.2153265491784, 35.736474309323576], [51.21563708304479, 35.736468978715486], [51.21563489566178, 35.73565760573501], [51.21531777029072, 35.73564905811001], [51.215302412211294, 35.73538771149173], [51.21497074993716, 35.73538830460711], [51.21497147657123, 35.73565870099577], [51.21526714109583, 35.73565841066201], [51.21530154204544, 35.735686517314726], [51.21529857383912, 35.73645183492444], [51.21526925696279, 35.73646949052273], [51.21497365791662, 35.73647025793445], [51.21497404888532, 35.7367045877517], [51.21493430272962, 35.73674077176458], [51.214654250532895, 35.73672956869946], [51.21464180722126, 35.73647085028865], [51.21431014044011, 35.73647144159822]]]}}, {"type": "Feature", "properties": {"cls": 1}, "geometry": {"type": "Polygon", "coordinates": [[[51.20964779340464, 35.72971741097741], [51.20964921073978, 35.7302582964017], [51.21028797088656, 35.730260269141745], [51.21031253343804, 35.730293231234675], [51.21031338797518, 35.73052762727759], [51.210609030560335, 35.73052734846534], [51.210638389258975, 35.7305448635642], [51.21064583437827, 35.730797535651604], [51.210977477706386, 35.73079695452399], [51.21097709857477, 35.730562623634796], [51.21100153564791, 35.73052951664942], [51.21164023266885, 35.73052530076965], [51.21163951742975, 35.73025490409101], [51.21066547444519, 35.73025184941125], [51.210644258898355, 35.730216639727956], [51.21065469878277, 35.72972733461902], [51.21096008558793, 35.729724141164304], [51.210975429657694, 35.729985488505186], [51.21130706961148, 35.729984906480425], [51.21132106495831, 35.72972352739913], [51.211638085956864, 35.729713834812735], [51.21163680692284, 35.72921293867909], [51.21165451444091, 35.72917962064578], [51.212599722896044, 35.72917197346229], [51.21263178999465, 35.729207195200544], [51.21263021048192, 35.72968741434919], [51.212597211326774, 35.72971199721747], [51.212301639802185, 35.729712757971555], [51.21230235726461, 35.72998315466302], [51.21261945870165, 35.72999171037505], [51.21263480807793, 35.73025305755108], [51.21328919755142, 35.73026655403936], [51.21328428537137, 35.730513354365854], [51.21296726147738, 35.7305230514623], [51.21296798121068, 35.73079344810556], [51.21363135968585, 35.73079227206894], [51.213630972785175, 35.73055794163353], [51.21366291260247, 35.73052254162251], [51.21462583958539, 35.73052001248254], [51.214625114256606, 35.73024961585625], [51.21430801149268, 35.73024106544232], [51.214292656770894, 35.72997971849024], [51.213975555181705, 35.7299711671806], [51.21396020152835, 35.72970982018578], [51.2136431011139, 35.72970126798045], [51.21362774852896, 35.72943992094296], [51.21331380540767, 35.72943369814392], [51.21329616102182, 35.72940441715904], [51.21329619896037, 35.729202200296434], [51.21333145666325, 35.72917010351562], [51.21362702591329, 35.7291693403274], [51.21363522052184, 35.727828650314386], [51.2145864660415, 35.72781599703712], [51.21461853372996, 35.7278512179482], [51.21461828003879, 35.72832773593397], [51.214583967221955, 35.728356020916486], [51.21428840167496, 35.72835678653431], [51.21428985031059, 35.72889767191865], [51.21458548668264, 35.72889738335239], [51.21461484577021, 35.728914897142886], [51.21462302890688, 35.729438057993335], [51.215258086363264, 35.7294386899353], [51.21528634683367, 35.72947296465358], [51.21528721592069, 35.72970736141775], [51.21561885462797, 35.729706767511296], [51.215617396964426, 35.729165882247074], [51.21531037384069, 35.72916334466225], [51.215285809738525, 35.72913038425322], [51.21528494066805, 35.728895987569956], [51.214989304365574, 35.728896277766154], [51.21495315178733, 35.728856570685366], [51.21496574328623, 35.72809413195835], [51.21526821878359, 35.72809357121684], [51.215283576573604, 35.728354918232654], [51.21561520967321, 35.728354324355614], [51.215614481058864, 35.72808392764933], [51.21531884808031, 35.728084218644646], [51.215282695390854, 35.72804451171461], [51.215280747840936, 35.72703474656869], [51.215316005050525, 35.72700264893034], [51.21561156496129, 35.727001880894974], [51.21561010749194, 35.726460995386795], [51.21461504778801, 35.726462774281835], [51.21461543747584, 35.72669710464058], [51.21459100140995, 35.7267302128873], [51.21395233659226, 35.72673444445357], [51.213941977288094, 35.727263668459855], [51.2136220625894, 35.72727601130406], [51.2136224493894, 35.727510341793796], [51.213594317584466, 35.72754478017036], [51.21295934127195, 35.727547676005145], [51.212959726138294, 35.727782006595255], [51.212927786023734, 35.72781740632757], [51.21231767934673, 35.727814535911705], [51.212296463244606, 35.72777932674845], [51.21229508803197, 35.72727835961056], [51.21196345932108, 35.72727894432071], [51.2119494659661, 35.72754032348098], [51.21163245411405, 35.727550016955], [51.21162704326091, 35.728073164784625], [51.211597726024905, 35.72809081915343], [51.21130216103702, 35.72809157742986], [51.21130254106486, 35.72832590827733], [51.21128501584469, 35.72835530286562], [51.21063942503537, 35.7283632293672], [51.210639803129375, 35.72859756031495], [51.21060786232015, 35.728632959081125], [51.209976684519226, 35.72863487765745], [51.20997881395567, 35.729446251885534], [51.21031045169478, 35.729445672615526], [51.21032445023745, 35.7291842935677], [51.210616855225, 35.729177734186635], [51.210641620583765, 35.72921461413627], [51.210631180627615, 35.72970391933095], [51.20964779340464, 35.72971741097741]], [[51.21490748163861, 35.726732696344925], [51.21494734997318, 35.726768670909834], [51.21494411355554, 35.72725244498912], [51.21491278543735, 35.727273474109666], [51.21463828796838, 35.72726943902403], [51.21461707108189, 35.72723423059997], [51.21462051238151, 35.72675437448541], [51.21465184045687, 35.72673334546553], [51.21490748163861, 35.726732696344925]], [[51.21229718079177, 35.72804974435072], [51.21226117400327, 35.728089650682975], [51.21198330389538, 35.72808359952535], [51.21196545710915, 35.728050400223516], [51.211971642115806, 35.72783765956528], [51.21200488178433, 35.72781980531959], [51.2122788284951, 35.72782605619176], [51.21229647254279, 35.72785533741652], [51.21229718079177, 35.72804974435072]], [[51.211303497508936, 35.72863246300707], [51.21131749289967, 35.72837108386431], [51.211619969625076, 35.728370532628375], [51.211626857325044, 35.72888779099961], [51.21098156188597, 35.72888895494622], [51.21098648092197, 35.72864215468062], [51.211303497508936, 35.72863246300707]]]}}, {"type": "Feature", "properties": {"cls": 1}, "geometry": {"type": "Polygon", "coordinates": [[[51.21495766594748, 35.73051951221874], [51.21495839240731, 35.730789908827], [51.21529003561069, 35.73078931581147], [51.21528930803008, 35.730518919209096], [51.21495766594748, 35.73051951221874]]]}}, {"type": "Feature", "properties": {"cls": 1}, "geometry": {"type": "Polygon", "coordinates": [[[51.19702802650217, 35.724058443539406], [51.197029358243974, 35.7245993298976], [51.197360976155224, 35.72459878638655], [51.19736714711504, 35.724346126407944], [51.19739646568461, 35.72432847672933], [51.197692017743314, 35.72432775275849], [51.19769167764244, 35.724093419295706], [51.19771611869183, 35.72406031689104], [51.19868647228828, 35.724055624694394], [51.19868612928261, 35.72382129138757], [51.198721957559876, 35.7237853146378], [51.19968092003408, 35.723783488421624], [51.19968057412369, 35.72354915527086], [51.199701467352504, 35.72351773813345], [51.20034365568159, 35.7235118966328], [51.200357686190365, 35.723250517899594], [51.20066014191864, 35.723249995306126], [51.20067545294266, 35.72351134387964], [51.200971065078605, 35.723511088850884], [51.201005463108736, 35.72353920147421], [51.201005361217504, 35.724027103647735], [51.200972360123416, 35.724051681973954], [51.200676809956654, 35.724052414090295], [51.20067743971185, 35.72432187582914], [51.200991408093046, 35.724329067436685], [51.201009048977504, 35.724358351696154], [51.20100803471559, 35.72456438083389], [51.200973719091394, 35.72459266016413], [51.20067816668377, 35.724593392290664], [51.20067851553713, 35.724827725117315], [51.200654075305145, 35.72486082857375], [51.20034713415518, 35.72486443409237], [51.20034748204544, 35.72509876696238], [51.200326588947135, 35.725130184335804], [51.200016099383944, 35.72513547497843], [51.20001061287163, 35.72565862377602], [51.19998129448518, 35.725676274308796], [51.19968573741026, 35.72567700401055], [51.199687087196175, 35.7262178901358], [51.20001871176392, 35.72621733927804], [51.200017505631635, 35.725716440492015], [51.20004212899365, 35.72567941404816], [51.201012502221374, 35.72567470299378], [51.201011289893515, 35.725173804355414], [51.20103591291167, 35.72513677755943], [51.201328314586775, 35.72514231090528], [51.201343627787764, 35.72540365933355], [51.20167524894623, 35.725403103920755], [51.201674567512, 35.725132706841244], [51.201378948711536, 35.725132963530285], [51.201345880851065, 35.725108541938596], [51.201341823763045, 35.724628348472656], [51.20137376726819, 35.724592953614604], [51.20297542745153, 35.72459253487215], [51.202999987826054, 35.72462549950086], [51.20300067343723, 35.724819906839656], [51.20297605103198, 35.724856934373676], [51.20233739945369, 35.72486110405807], [51.20233876712256, 35.725401990168756], [51.203333814413085, 35.72540031283614], [51.203341494040146, 35.723789132409266], [51.20465651565312, 35.723775129379966], [51.20467053238469, 35.72351375040456], [51.20531923420838, 35.72350351024448], [51.20531887180215, 35.723269178040134], [51.20535469812714, 35.723233198287794], [51.20596088338178, 35.723236687585604], [51.20598209727355, 35.72327189874176], [51.205983432765564, 35.72377286549551], [51.2062790467252, 35.723772597416236], [51.20631440840705, 35.72380451117425], [51.20630736112135, 35.72429869759531], [51.2059848256866, 35.72431393550422], [51.20598519006573, 35.724548267440476], [51.205960751418836, 35.72458137271788], [51.205653812357234, 35.724584991853476], [51.20565520242867, 35.72512587787722], [51.20631853421736, 35.72512474231501], [51.206318168850515, 35.724890410358604], [51.20635791737532, 35.72485423059474], [51.20663792042091, 35.724865453632354], [51.20665033804112, 35.72512417306859], [51.20764538160754, 35.72512246009356], [51.2076441277883, 35.72462156273027], [51.20766874850704, 35.72458453357468], [51.20830739690316, 35.724580335601765], [51.208307025727336, 35.72434600395865], [51.20834677368424, 35.72430982322893], [51.208626774507906, 35.72432104152887], [51.20863919842824, 35.72457976087991], [51.20897081601944, 35.72457918537013], [51.20897010995594, 35.72430878837727], [51.20867449355885, 35.72430906298883], [51.208641424494395, 35.72428464423825], [51.20863883518027, 35.72379675264006], [51.208677071649944, 35.72376827050969], [51.20930040302729, 35.723767142000284], [51.209300028963405, 35.723532810487775], [51.20932816198937, 35.72349837378935], [51.209948566631226, 35.723504638542614], [51.209964617066824, 35.72403647521488], [51.210959646895596, 35.72403473487878], [51.21095863988502, 35.72298123790652], [51.21099295336109, 35.72295295444839], [51.2112885408339, 35.722951260542565], [51.211287069242566, 35.72241131106377], [51.21099146039538, 35.72241159134534], [51.21095609746903, 35.722379679610704], [51.21095338094476, 35.72164041503545], [51.21097108870048, 35.72160709721447], [51.21194832069091, 35.72159858546751], [51.21194793892666, 35.72136425430349], [51.21198376330113, 35.72132827155534], [51.21323838902646, 35.72132605452958], [51.213274338089455, 35.72136184447783], [51.21327486621548, 35.72156017508854], [51.213253976890435, 35.721591596396635], [51.2122801101202, 35.72159809271186], [51.212280827295935, 35.721868489769214], [51.213607528223896, 35.72186614205663], [51.21360608457376, 35.72132525601472], [51.21328901899638, 35.72131670273596], [51.21327273217074, 35.72105531101784], [51.21194698023037, 35.721057699278894], [51.21194736198557, 35.721292030353226], [51.21191153750895, 35.72132801310351], [51.2102892164408, 35.72133109784989], [51.21028959335078, 35.72156542919438], [51.210265155986626, 35.72159853594027], [51.20929483564476, 35.72160332167501], [51.209280833632526, 35.721864700938525], [51.208963844739586, 35.72187438717597], [51.20896455071872, 35.7221447842786], [51.209260158338815, 35.722144508893074], [51.20929154163018, 35.722165384839634], [51.209296624530964, 35.72237863127913], [51.20926079927458, 35.72241461283272], [51.208316395556714, 35.722407374285226], [51.20831576902908, 35.72215504428331], [51.20863275929407, 35.722145359863624], [51.20863205443584, 35.721874962755294], [51.20796874968597, 35.72187611098152], [51.20796911981726, 35.72211044269605], [51.20793717820234, 35.72214584032467], [51.206974354136655, 35.722148315656916], [51.20697505340143, 35.72241871278139], [51.207292122578, 35.72242728289056], [51.20730745476027, 35.722688630893394], [51.2079461518591, 35.72269061631057], [51.20797071370721, 35.7227235792332], [51.2079715612156, 35.72295797527159], [51.20826717207104, 35.7229577023161], [51.20829653054504, 35.7229752182039], [51.208303968171066, 35.72322789058799], [51.20893897342448, 35.72322855610985], [51.20896723199875, 35.72326283326278], [51.208967932076156, 35.72345724049804], [51.2089280016175, 35.72349734489459], [51.20764126244169, 35.72349961809303], [51.20762725519461, 35.72376099717343], [51.20697855186402, 35.723771249989795], [51.20697891913957, 35.724005581782535], [51.20694309320184, 35.724041562292086], [51.20668354454297, 35.72404200877944], [51.206652161508096, 35.724021131900386], [51.20664620433381, 35.72354131951552], [51.20668221295935, 35.72350141584121], [51.20697775992409, 35.72350066906602], [51.20697706062235, 35.72323027199034], [51.20635366387988, 35.72323129660797], [51.2063143832339, 35.72319919717408], [51.20631541550296, 35.72271509831349], [51.20634841561968, 35.72269051790979], [51.206643959285515, 35.72268977196528], [51.20664326113236, 35.722419374847355], [51.20597995178582, 35.722420512125595], [51.205980316108786, 35.72265484415328], [51.205944489876195, 35.72269082420577], [51.20465384081666, 35.72269326494908], [51.204654201264574, 35.72292759718973], [51.204633309422135, 35.722959015871425], [51.20365942371481, 35.72296544226629], [51.203659781258324, 35.72319977466332], [51.2036239543429, 35.72323575366661], [51.202693311549965, 35.72323579708369], [51.20266505477598, 35.72320151750327], [51.20266422280026, 35.72296712231534], [51.20170132506848, 35.72296792634647], [51.201669261141966, 35.722932699984355], [51.201671588237076, 35.72272296975955], [51.201708511582666, 35.722698191767265], [51.20233183555195, 35.72269709938126], [51.202331481906555, 35.72246276662954], [51.20236342511684, 35.72242737136534], [51.20332625389256, 35.72242493301807], [51.20333473897666, 35.722169113462186], [51.20365726623843, 35.72215388297709], [51.20366341759676, 35.72190122317991], [51.203692735541, 35.7218835714302], [51.20398827634199, 35.721882832020775], [51.203987917866634, 35.721648499512156], [51.204016052494374, 35.721614064843166], [51.204304744151344, 35.72162092092976], [51.20432006677569, 35.72188226924247], [51.204651673275734, 35.721881705673745], [51.204651312858935, 35.721647373278074], [51.204679447286885, 35.72161293835641], [51.20564607351244, 35.721609520163376], [51.20564571019149, 35.72137518792413], [51.20568153642146, 35.72133920803037], [51.20664046694827, 35.72133732644624], [51.206654477402246, 35.72107594724324], [51.20730315856757, 35.72106569636455], [51.20730279040926, 35.72083136438184], [51.20732722859093, 35.720798258687545], [51.20829753955009, 35.7207934889716], [51.20829716848786, 35.72055915714551], [51.20833299393773, 35.72052317605372], [51.20929191373105, 35.720521273372555], [51.209291539765, 35.720286941703144], [51.20932348089134, 35.7202515435399], [51.21028628111022, 35.720249049567656], [51.210285904240415, 35.720014718055005], [51.21031784506899, 35.7199793194775], [51.2119440225137, 35.71997565106362], [51.21194364079898, 35.7197413198211], [51.211971773032374, 35.71970688212819], [51.21327006323821, 35.719702818019364], [51.213269677649336, 35.71946848699048], [51.21329411404984, 35.71943537925241], [51.213896719524, 35.719431453847044], [51.21393266877804, 35.71946724350337], [51.213921728109455, 35.71968997897194], [51.21360184478375, 35.719702321647084], [51.2136032883188, 35.72024320783535], [51.214266579290864, 35.720242028596154], [51.21428056542306, 35.71998064889854], [51.2145975454362, 35.71997094852163], [51.21460366269383, 35.71971828914283], [51.21463297955206, 35.71970063379061], [51.214928509339465, 35.71969986753242], [51.21492811889758, 35.719465536787105], [51.21494900767597, 35.71943411500896], [51.2152594710007, 35.719428785628565], [51.215258743827086, 35.71915838851392], [51.21459546187975, 35.719159573191114], [51.21459585134188, 35.71939390390348], [51.2145714152619, 35.71942701212062], [51.213961120994355, 35.719429426537594], [51.21393286085363, 35.71939515124854], [51.21393127294315, 35.718890265230016], [51.213292606840156, 35.71888831148565], [51.21326804334832, 35.718855350349564], [51.213267180423486, 35.71862095351169], [51.21297158702314, 35.71862123860937], [51.21294222801441, 35.71860372426371], [51.21293477601317, 35.71835105168968], [51.21260318432079, 35.71835163803685], [51.21260356793454, 35.71858596912869], [51.2125826784097, 35.71861739022345], [51.21194053326514, 35.71862329728887], [51.211926539628436, 35.71888467684255], [51.211609563631505, 35.718894370128524], [51.21160783428504, 35.719410590653055], [51.211574834961205, 35.71943517309445], [51.2112793058243, 35.71943593119931], [51.211279685588764, 35.719670262465456], [51.21125524851832, 35.71970336954535], [51.20995326261736, 35.71970874232727], [51.20995363850757, 35.719943073806846], [51.20991781344306, 35.71997905564933], [51.20862721030042, 35.719981538861894], [51.20861320611811, 35.72024291816036], [51.207964532170365, 35.72025317623832], [51.20796490225304, 35.720487508031255], [51.207940464193186, 35.72052061397595], [51.20663846395242, 35.720525950887335], [51.20663883016056, 35.720760282893394], [51.20660300412065, 35.720796263237496], [51.20600408575639, 35.72079576228538], [51.2059758279943, 35.720761483961745], [51.205974986377704, 35.720527088211796], [51.20564338551933, 35.72052765540908], [51.205637240308796, 35.72078031510022], [51.20560792248259, 35.72079796747813], [51.20531238662636, 35.72079871094186], [51.20529837188, 35.721060090008834], [51.20464969040102, 35.72107033008762], [51.20465005080109, 35.72130466240661], [51.204618108190914, 35.72134005864654], [51.20266020465291, 35.7213441872656], [51.20264618145134, 35.721605566151695], [51.20199749484589, 35.72161579182589], [51.20199784749613, 35.72185012457036], [51.20196971218433, 35.72188455850054], [51.201003081972885, 35.72188794722718], [51.201003431718796, 35.72212228012784], [51.200975296107764, 35.7221567136801], [51.200008662300625, 35.72216009442084], [51.19999463065169, 35.7224214731132], [51.19934593667988, 35.72243168439317], [51.199346281587616, 35.72266601754962], [51.19932184095538, 35.7226991205424], [51.198683206547514, 35.72270327071796], [51.19866917067877, 35.72296464930711], [51.19835217502332, 35.72297430711363], [51.19834667758926, 35.72349745621407], [51.198317359038924, 35.7235151061937], [51.19802181061884, 35.72351583178002], [51.19800777265657, 35.72377721029293], [51.19769077349747, 35.72378686633754], [51.197691113589876, 35.72402119971052], [51.19766297698306, 35.72405563200693], [51.19702802650217, 35.724058443539406]], [[51.21426579407088, 35.71993154968668], [51.21422978794831, 35.71997145690448], [51.213951951504946, 35.719965410251476], [51.21393410408689, 35.71993221147987], [51.213940284091656, 35.71971947023175], [51.21397352357643, 35.71970161528937], [51.214247436607295, 35.71970786172238], [51.21426508119546, 35.71973714244071], [51.21426579407088, 35.71993154968668]], [[51.209961068435724, 35.72268403028493], [51.21028369289818, 35.72269812183405], [51.21029419176922, 35.72322442909169], [51.210611264837695, 35.72323299028835], [51.21061189828467, 35.72348532020436], [51.209995315982844, 35.723494719394544], [51.20996324958869, 35.723459496506244], [51.20996239623583, 35.7232251003186], [51.20930806585031, 35.723211585169224], [51.20931157504942, 35.72242380668919], [51.209935652669316, 35.72241667172157], [51.209960215107685, 35.72244963395991], [51.209961068435724, 35.72268403028493]], [[51.20729765138021, 35.724573036031586], [51.20666348090212, 35.724574146055225], [51.20665732351666, 35.724327375768674], [51.207302581441084, 35.72432623577697], [51.20729765138021, 35.724573036031586]], [[51.203033879172175, 35.722154982328696], [51.20299401411496, 35.72211900192523], [51.203004984483634, 35.721896268532305], [51.20331325159129, 35.721895724059415], [51.203313855198445, 35.72214278186463], [51.203033879172175, 35.722154982328696]], [[51.201669740377625, 35.723199203485386], [51.20163372994486, 35.7232391048504], [51.20103479109386, 35.72323857917982], [51.20100653481602, 35.723204298965925], [51.201007549105476, 35.722998269781534], [51.201045787082094, 35.7229697910729], [51.201640801636884, 35.72297051609537], [51.20166905802777, 35.72300479603681], [51.201669740377625, 35.723199203485386]], [[51.200714016875665, 35.72297034489111], [51.20067415247514, 35.72293436335965], [51.20068512914531, 35.72271163041389], [51.20099339968108, 35.722711092146056], [51.20099399641782, 35.72295814995096], [51.200714016875665, 35.72297034489111]]]}}, {"type": "Feature", "properties": {"cls": 1}, "geometry": {"type": "Polygon", "coordinates": [[[51.214308690918735, 35.73593046493551], [51.214309415329396, 35.73620086131148], [51.21497283859871, 35.73619967772449], [51.214972111945585, 35.73592928136023], [51.214308690918735, 35.73593046493551]]]}}, {"type": "Feature", "properties": {"cls": 1}, "geometry": {"type": "Polygon", "coordinates": [[[51.213981276358105, 35.737553985260384], [51.21398199970518, 35.73782438156902], [51.21464543645755, 35.73782319974121], [51.214644710867816, 35.73755280344425], [51.213981276358105, 35.737553985260384]]]}}, {"type": "Feature", "properties": {"cls": 1}, "geometry": {"type": "Polygon", "coordinates": [[[51.21394944346393, 35.725652489299506], [51.21395088966437, 35.72619337493946], [51.214282513831165, 35.72619278476666], [51.21428106538885, 35.725651899138384], [51.21394944346393, 35.725652489299506]]]}}, {"type": "Feature", "properties": {"cls": 1}, "geometry": {"type": "Polygon", "coordinates": [[[51.21099826119177, 35.738641211659456], [51.210999688124744, 35.73918209623279], [51.2112953667253, 35.739181815617954], [51.21132472548634, 35.73919933047149], [51.21133288773857, 35.73972249042259], [51.21166456806972, 35.73972190727556], [51.21166418672365, 35.73948757693159], [51.211688623581544, 35.73945446968274], [51.212327394479146, 35.73945024989528], [51.21232611065428, 35.73894935480778], [51.212350729727994, 35.738912323938074], [51.212643188654795, 35.73891782888422], [51.21265853832276, 35.73917917566103], [51.2133210500223, 35.73917804878224], [51.21333597506145, 35.73891662231388], [51.21365303374653, 35.73890692418962], [51.21365014371563, 35.73782506316932], [51.21298670690408, 35.73782623950871], [51.21298742689632, 35.738096635822615], [51.21330456211499, 35.738105189577595], [51.21330810839968, 35.73835487475929], [51.21265638093916, 35.73836780288871], [51.21265676516596, 35.73860213301191], [51.212624824969545, 35.73863753265531], [51.211993564608335, 35.73863946209554], [51.211993946900385, 35.7388737923192], [51.211965814616015, 35.73890823011283], [51.21135905413402, 35.73890930139561], [51.21133079475279, 35.73887502517681], [51.21132993704487, 35.73864062945024], [51.21099826119177, 35.738641211659456]]]}}, {"type": "Feature", "properties": {"cls": 1}, "geometry": {"type": "Polygon", "coordinates": [[[51.21293918598659, 35.71997398636375], [51.212939905346005, 35.7202443834827], [51.21327150487496, 35.720243796180775], [51.213270784395334, 35.71997339906764], [51.21293918598659, 35.71997398636375]]]}}, {"type": "Feature", "properties": {"cls": 1}, "geometry": {"type": "Polygon", "coordinates": [[[51.210965444410704, 35.72619873789223], [51.21096615726547, 35.72646913476533], [51.211629499966975, 35.72646796988732], [51.211643494368666, 35.72620659062687], [51.211960500725986, 35.72619689722747], [51.21196011882137, 35.72596256628591], [51.21198455560589, 35.72592945897721], [51.212291499242234, 35.725925823652574], [51.21229006427219, 35.72538493793007], [51.21129501773616, 35.72538668932444], [51.21129573168326, 35.725657086228374], [51.211934453849, 35.725659050329405], [51.21195901688423, 35.725692011869384], [51.21195671663331, 35.72590174248241], [51.2119197948145, 35.72592652481078], [51.21129644632019, 35.7259276670431], [51.211282450802656, 35.72618904622617], [51.210965444410704, 35.72619873789223]]]}}, {"type": "Feature", "properties": {"cls": 1}, "geometry": {"type": "Polygon", "coordinates": [[[51.21195127863672, 35.72268063339009], [51.211953427627584, 35.72349200831956], [51.212285040638946, 35.723491423690476], [51.2122828882853, 35.72268004877838], [51.21195127863672, 35.72268063339009]]]}}, {"type": "Feature", "properties": {"cls": 1}, "geometry": {"type": "Polygon", "coordinates": [[[51.21161313962606, 35.720246815768405], [51.21161385451297, 35.72051721289833], [51.21227714784224, 35.72051604461737], [51.212276430714574, 35.72024564749904], [51.21161313962606, 35.720246815768405]]]}}, {"type": "Feature", "properties": {"cls": 1}, "geometry": {"type": "Polygon", "coordinates": [[[51.2083384814275, 35.73648192991778], [51.20834059486001, 35.737293303170304], [51.208979413229784, 35.737295282684805], [51.20900397540039, 35.73732824520703], [51.2090048262628, 35.73756264077212], [51.21033178777668, 35.737560328301456], [51.21033141038244, 35.73732599762588], [51.21036723522254, 35.73729001555283], [51.21198988745831, 35.737286928734285], [51.21198845392844, 35.73674604402479], [51.21167132464358, 35.73673748663388], [51.21165597818701, 35.736476139727465], [51.21099255248049, 35.736477305032274], [51.21097855624557, 35.7367386837165], [51.210693623980575, 35.73674750468382], [51.21066155736807, 35.73671228213354], [51.210660701670044, 35.736477886408316], [51.210365034542235, 35.73647816533702], [51.21033567579732, 35.73646065017045], [51.21032729593011, 35.73620793411274], [51.20999656572621, 35.73620855782442], [51.209997275568256, 35.73647895426345], [51.21029294280879, 35.73647867614944], [51.21032432622824, 35.736499551687444], [51.21032941214284, 35.73671279735412], [51.21029358719977, 35.73674877942675], [51.209694536730964, 35.73674829730596], [51.20966627784978, 35.736714020443884], [51.20966542506765, 35.73647962485644], [51.209334694484745, 35.73648015478669], [51.20933413259778, 35.7367145332284], [51.209309694964816, 35.736747639692595], [51.208706946076866, 35.7367515425089], [51.20867099824644, 35.73671575052144], [51.20867014838021, 35.736481355071845], [51.2083384814275, 35.73648192991778]], [[51.20937580076876, 35.737291552072485], [51.209335933908896, 35.73725557481588], [51.20934688670005, 35.737032840950036], [51.209655216435806, 35.737032279244396], [51.20965583919869, 35.73727933626617], [51.20937580076876, 35.737291552072485]]]}}, {"type": "Feature", "properties": {"cls": 1}, "geometry": {"type": "Polygon", "coordinates": [[[51.21136863934256, 35.753246978387146], [51.21136935427005, 35.75351737403463], [51.21170109184909, 35.75351679059308], [51.21170037579957, 35.753246394951375], [51.21136863934256, 35.753246978387146]]]}}, {"type": "Feature", "properties": {"cls": 1}, "geometry": {"type": "Polygon", "coordinates": [[[51.209634327397765, 35.72457812337911], [51.2096350357125, 35.72484852034834], [51.20993065464099, 35.72484824327901], [51.20996372383189, 35.724872661524955], [51.20996816593434, 35.72538891983993], [51.210606885726904, 35.72539089101676], [51.210631448367764, 35.7254238530148], [51.21063230372871, 35.72565824930713], [51.210963925748494, 35.72565766828886], [51.21096934105597, 35.725134520117024], [51.21099865827744, 35.72511686595126], [51.21129421115603, 35.725116108549344], [51.21129256164986, 35.72484566733022], [51.210961878581145, 35.72484629353628], [51.21096225753935, 35.72508062459742], [51.21093782038007, 35.725113731585004], [51.210666879741005, 35.725117062015514], [51.21063381034799, 35.72509264404369], [51.21063252304524, 35.72460105139689], [51.21066552244182, 35.72457646930714], [51.21096107314188, 35.72457571273092], [51.2109603603539, 35.72430531577243], [51.2099653271594, 35.724307056125774], [51.20995132735248, 35.724568435305144], [51.209634327397765, 35.72457812337911]]]}}, {"type": "Feature", "properties": {"cls": 1}, "geometry": {"type": "Polygon", "coordinates": [[[51.21038454556065, 35.75757652395006], [51.21038525727279, 35.75784691941959], [51.210717012848555, 35.75784633863171], [51.21073100941219, 35.75758496085558], [51.2110481460794, 35.757575269445326], [51.21104743213191, 35.7573048739751], [51.21071567881105, 35.75730545566683], [51.2107016821908, 35.75756683338485], [51.21038454556065, 35.75757652395006]]]}}, {"type": "Feature", "properties": {"cls": 1}, "geometry": {"type": "Polygon", "coordinates": [[[51.20668807497095, 35.7397306512791], [51.20668877371994, 35.7400010476164], [51.20700591579854, 35.74000961824181], [51.207021247480874, 35.74027096548864], [51.20733523471509, 35.74027720469348], [51.20735287739477, 35.740306487211875], [51.20735357386672, 35.74050089372097], [51.20731756539745, 35.740540797797266], [51.206690172244826, 35.74054211613894], [51.20669157014097, 35.74108300068966], [51.20735503424179, 35.74108185897486], [51.20736117361289, 35.74082920023225], [51.20739049120007, 35.74081154722268], [51.20768610977349, 35.74081079848079], [51.20768574005381, 35.74057646750864], [51.20771387354961, 35.74054203137008], [51.208644734644, 35.74053888881381], [51.20868068237738, 35.740574680778955], [51.208676703011584, 35.74078796504369], [51.2086453740666, 35.74080899193496], [51.208349755833964, 35.7408097431239], [51.20835046022848, 35.74108013938411], [51.20866760706234, 35.74108870553587], [51.20868294407968, 35.741350052582085], [51.209014631219645, 35.74134947671889], [51.20901392457268, 35.74107908048226], [51.20869677779621, 35.74107051517426], [51.208693245231636, 35.74082082986845], [51.20901321726102, 35.74080850031048], [51.20901935145847, 35.74055584163407], [51.209048668881174, 35.74053818807801], [51.20934428602203, 35.74053743526388], [51.20934391145242, 35.74030310456205], [51.209375852546735, 35.74026770630843], [51.209660813529496, 35.74027551047038], [51.20967615370103, 35.74053685746148], [51.21000783744609, 35.74053627887104], [51.210018221911675, 35.740007056014754], [51.210338190264565, 35.73999472286647], [51.210337812796546, 35.73976039230863], [51.2103659454941, 35.73972595516185], [51.21100102347343, 35.73972307278262], [51.21100031015345, 35.73945267650719], [51.21068316979851, 35.73944411650484], [51.210667826434005, 35.73918276962784], [51.210372148077006, 35.739183048609945], [51.21034278933281, 35.7391655334516], [51.21033534495876, 35.73891286180993], [51.20937224810885, 35.73891372791356], [51.209340181887725, 35.73887850481724], [51.209339330012234, 35.738644109366255], [51.20870050056471, 35.73864213172132], [51.20867593841449, 35.738609169064304], [51.20867508849127, 35.73837477369393], [51.20734811332235, 35.73837706793757], [51.2073426751396, 35.73890021505419], [51.20731335747329, 35.738917868033234], [51.2070177468405, 35.73891861592335], [51.207015018192, 35.73970887790021], [51.20698368902961, 35.7397299041887], [51.20668807497095, 35.7397306512791]], [[51.20867876770422, 35.73976720401172], [51.20871477561747, 35.73972729933002], [51.2089926942772, 35.73973335800473], [51.20901054005664, 35.73976655806548], [51.20900434750959, 35.73997929788444], [51.20897110747867, 35.739997151049174], [51.20869711049513, 35.739990892710296], [51.20867946738808, 35.73996161051467], [51.20867876770422, 35.73976720401172]], [[51.20764127371215, 35.73891749538679], [51.20768113999438, 35.73895347345026], [51.2076701826957, 35.73917620697404], [51.20736184414097, 35.739176763389935], [51.20736122814322, 35.73892970641668], [51.20764127371215, 35.73891749538679]], [[51.207019904885165, 35.73977006947343], [51.20705591336662, 35.73973016556467], [51.20733383205181, 35.73973622813065], [51.20735167728735, 35.73976942865789], [51.20734548038526, 35.73998216827575], [51.20731224020446, 35.740000020837385], [51.20703824318091, 35.739993758663005], [51.20702060053824, 35.73996447602241], [51.207019904885165, 35.73977006947343]]]}}, {"type": "Feature", "properties": {"cls": 1}, "geometry": {"type": "Polygon", "coordinates": [[[51.210287084154174, 35.72051963057982], [51.21028779456846, 35.720790027720554], [51.21095109021599, 35.72078886674141], [51.210950377560934, 35.720518469612166], [51.210287084154174, 35.72051963057982]]]}}, {"type": "Feature", "properties": {"cls": 1}, "geometry": {"type": "Polygon", "coordinates": [[[51.210041325571595, 35.75324930323298], [51.21004203600969, 35.75351969890345], [51.21070560319663, 35.75351853836333], [51.21070489051414, 35.75324814270432], [51.210041325571595, 35.75324930323298]]]}}, {"type": "Feature", "properties": {"cls": 1}, "geometry": {"type": "Polygon", "coordinates": [[[51.20798491995309, 35.7280973567631], [51.20798632596261, 35.72863824239073], [51.20864968677752, 35.728637093880266], [51.20864931450892, 35.72840276248982], [51.208681255821126, 35.728367364567056], [51.20964415708829, 35.72836487540148], [51.20964316694513, 35.72731137897695], [51.20967748069234, 35.727283096050726], [51.20997304278388, 35.72728234186632], [51.209972666672044, 35.72704801063704], [51.2099971040492, 35.727014904007326], [51.21030405253317, 35.727011273769094], [51.210301919988716, 35.72619989922889], [51.209984834740446, 35.72619133716052], [51.20996949392367, 35.72592998962965], [51.20963880709508, 35.72593052024899], [51.209623869939406, 35.72619194699706], [51.20930686318955, 35.726201634216636], [51.20930827803696, 35.72674251996949], [51.20994700898202, 35.72674449462227], [51.20997157142847, 35.726777456843436], [51.20996558382489, 35.726994115318504], [51.20993234388993, 35.727011968803254], [51.20930898598029, 35.72701310076985], [51.209307242233535, 35.72752932083292], [51.209274242524195, 35.72755390240119], [51.20897867934159, 35.72755465496123], [51.2089646764613, 35.72781603393493], [51.20831593982428, 35.72782629413769], [51.20830193483393, 35.72808767306027], [51.20798491995309, 35.7280973567631]], [[51.20831670219613, 35.72813677172321], [51.208352710245016, 35.72809686725379], [51.208630580679106, 35.72810292693395], [51.20864842632108, 35.72813612712881], [51.20864223259377, 35.7283488674091], [51.20860899253824, 35.72836672041597], [51.2083350437755, 35.72836046108498], [51.20831740078436, 35.72833117876245], [51.20831670219613, 35.72813677172321]]]}}, {"type": "Feature", "properties": {"cls": 1}, "geometry": {"type": "Polygon", "coordinates": [[[51.2093868802681, 35.7567667985768], [51.209387588584164, 35.7570371941001], [51.20971934081903, 35.75703661607546], [51.20973334059148, 35.75677523832053], [51.210050474106815, 35.75676554959884], [51.21004976355543, 35.756495154074756], [51.20971801357534, 35.75649573300328], [51.20970401374634, 35.75675711070013], [51.2093868802681, 35.7567667985768]]]}}, {"type": "Feature", "properties": {"cls": 1}, "geometry": {"type": "Polygon", "coordinates": [[[51.208298335883256, 35.72106406999425], [51.20829903959304, 35.72133446714484], [51.208962339838244, 35.721333317112986], [51.208961966818414, 35.7210989854262], [51.208990099948565, 35.721064548864454], [51.209956718428224, 35.72106109603015], [51.20995600912535, 35.72079069889589], [51.2089610195717, 35.720792430797545], [51.2089613925826, 35.72102676239461], [51.20893695482104, 35.72105986868297], [51.208298335883256, 35.72106406999425]]]}}, {"type": "Feature", "properties": {"cls": 1}, "geometry": {"type": "Polygon", "coordinates": [[[51.20939325849137, 35.75920118550082], [51.20939396689237, 35.75947158091433], [51.209725729235586, 35.75947100283819], [51.20972501971223, 35.75920060743041], [51.20939325849137, 35.75920118550082]]]}}, {"type": "Feature", "properties": {"cls": 1}, "geometry": {"type": "Polygon", "coordinates": [[[51.208653306316215, 35.72998962948112], [51.20865471694221, 35.73053051491527], [51.208986359205426, 35.7305299392801], [51.2090003619511, 35.73026856035898], [51.20931738569255, 35.73025887398689], [51.209316678310415, 35.72998847725589], [51.208653306316215, 35.72998962948112]]]}}, {"type": "Feature", "properties": {"cls": 1}, "geometry": {"type": "Polygon", "coordinates": [[[51.20872601977733, 35.75784990190666], [51.208726725885946, 35.758120297392594], [51.20905848263214, 35.75811972117581], [51.20905777540123, 35.75784932569558], [51.20872601977733, 35.75784990190666]]]}}, {"type": "Feature", "properties": {"cls": 1}, "geometry": {"type": "Polygon", "coordinates": [[[51.20540893384071, 35.758396589293845], [51.2054096287418, 35.75866698481188], [51.20574138782777, 35.7586664177376], [51.2057410234084, 35.758432087287815], [51.205769157473085, 35.75839765183341], [51.20636447221508, 35.758394907726554], [51.20640433814403, 35.75843088634256], [51.206405181858585, 35.75866528065622], [51.20770037570861, 35.75866386488339], [51.20773244137308, 35.75869908857286], [51.20773399210104, 35.75920397047531], [51.20872945979861, 35.75920224712325], [51.20872734071521, 35.758390876852296], [51.20809204380843, 35.758390211086684], [51.208063785386194, 35.75835593368225], [51.20806293681444, 35.75812153923027], [51.20776718016129, 35.75812181205515], [51.207734111253245, 35.75809739304379], [51.20774509384491, 35.757860643212744], [51.208062232279715, 35.75785095980999], [51.20806152842599, 35.757580564300476], [51.20772977389702, 35.7575811377598], [51.20773014412615, 35.75781546780555], [51.207698202468436, 35.757850865455694], [51.20673493406522, 35.75785334032711], [51.20673600109954, 35.75835815799837], [51.206707867249655, 35.75839259385064], [51.206419023220235, 35.75838574416833], [51.20640369303512, 35.758124397742456], [51.205741023755984, 35.7581254870456], [51.2057260749125, 35.75838691206699], [51.20540893384071, 35.758396589293845]], [[51.20810506033782, 35.758932886338314], [51.20806519382844, 35.758896908540606], [51.20807614964493, 35.75867417583173], [51.208384569224904, 35.758673617197275], [51.208385188678804, 35.758920673264726], [51.20810506033782, 35.758932886338314]]]}}, {"type": "Feature", "properties": {"cls": 1}, "geometry": {"type": "Polygon", "coordinates": [[[51.20839064571277, 35.756498039816826], [51.20839205593627, 35.75703892287136], [51.20872380819942, 35.75703834759273], [51.20872239573061, 35.75649746454958], [51.20839064571277, 35.756498039816826]]]}}, {"type": "Feature", "properties": {"cls": 1}, "geometry": {"type": "Polygon", "coordinates": [[[51.20805739544773, 35.755957639155476], [51.2080580992455, 35.75622803473817], [51.20838984814885, 35.75622746039195], [51.20840385219064, 35.75596608267763], [51.20872098262574, 35.75595639753465], [51.208720276592686, 35.75568600195111], [51.208388529943946, 35.755686577201274], [51.208374525845656, 35.75594795485749], [51.20805739544773, 35.755957639155476]]]}}, {"type": "Feature", "properties": {"cls": 1}, "geometry": {"type": "Polygon", "coordinates": [[[51.206996745894514, 35.73080396035865], [51.206997445457475, 35.731074357092844], [51.20731455054234, 35.731082927017965], [51.20732988300032, 35.73134427463367], [51.20766152866598, 35.73134370263929], [51.207661159229566, 35.7311093712097], [51.20768929274188, 35.73107493511108], [51.208324299501434, 35.731072067120465], [51.20832359545436, 35.73080167040895], [51.20802795220834, 35.73080194351654], [51.20799180199494, 35.730762233192074], [51.20799148936136, 35.73056782092326], [51.20800901545398, 35.73053842724413], [51.20832289074512, 35.730531089762245], [51.2083214823621, 35.729990204316714], [51.20798984232247, 35.72999077811163], [51.207991098563255, 35.730491674791274], [51.20797338978854, 35.73052499184597], [51.207327780280394, 35.73053290052506], [51.20731377219811, 35.73079427926643], [51.206996745894514, 35.73080396035865]]]}}, {"type": "Feature", "properties": {"cls": 1}, "geometry": {"type": "Polygon", "coordinates": [[[51.2076890120698, 35.74189284323849], [51.207689714258436, 35.742163239461256], [51.208021404793286, 35.742162666325456], [51.20802070148324, 35.74189227010835], [51.2076890120698, 35.74189284323849]]]}}, {"type": "Feature", "properties": {"cls": 1}, "geometry": {"type": "Polygon", "coordinates": [[[51.207303951545214, 35.72133627739232], [51.20730465190262, 35.721606674547736], [51.20796795444632, 35.72160552998968], [51.20796725184804, 35.721335132845596], [51.207303951545214, 35.72133627739232]]]}}, {"type": "Feature", "properties": {"cls": 1}, "geometry": {"type": "Polygon", "coordinates": [[[51.20168625061577, 35.72973101881894], [51.20168693220465, 35.73000141569111], [51.201982571407, 35.730001158093444], [51.202016969643886, 35.73002927027792], [51.202020713541444, 35.7308123256206], [51.20298751657007, 35.73081246498991], [51.20301577337106, 35.73084674439218], [51.2030166065474, 35.73108113940077], [51.2033122504154, 35.731080878520345], [51.20334160840151, 35.7310983960255], [51.20334903074127, 35.73135106798364], [51.203680676518026, 35.73135050696296], [51.203688471599, 35.730824199071854], [51.20401103463568, 35.73080896748605], [51.20402505326517, 35.73054758886922], [51.20431376782259, 35.73053973042337], [51.20434202502012, 35.73057400931976], [51.20434171034736, 35.7310505269999], [51.20430739541094, 35.731078807731066], [51.20401181672793, 35.73107954813194], [51.20401319602997, 35.73162043362616], [51.204676581743136, 35.73161930693943], [51.20467540359975, 35.73084011109604], [51.20471066344784, 35.73080801806724], [51.20500624104004, 35.73080727604167], [51.20500485506531, 35.730266390507744], [51.20470921450177, 35.73026665544934], [51.20467985630566, 35.73024913840327], [51.20467104582541, 35.72945548887455], [51.204353948006705, 35.72944691175068], [51.20434779736568, 35.729200141482316], [51.20467035350609, 35.72918490810486], [51.20466999287402, 35.728950576061656], [51.204701935378374, 35.72891517979918], [51.204986849225094, 35.72892299542166], [51.205002174197666, 35.72918434334696], [51.20533287461976, 35.729183825423696], [51.205333448381346, 35.728949445868594], [51.20535788714258, 35.728916340825954], [51.20596445334038, 35.72891302375243], [51.20599672095311, 35.72895216629683], [51.20599875329088, 35.729723621331544], [51.20666212319025, 35.72972248374925], [51.20667613337808, 35.72946110492726], [51.20699315425743, 35.72945142479845], [51.20700355903883, 35.72892220094712], [51.20732348212895, 35.728909876156834], [51.207323113736415, 35.728675544553035], [51.20734755190346, 35.728642438828054], [51.207654507597745, 35.72863881536871], [51.20765240179433, 35.72782744091121], [51.20732077070821, 35.72782801283196], [51.20731463090492, 35.728080672104404], [51.20728531324133, 35.728098325051015], [51.206989747444545, 35.72809907273098], [51.2069901148491, 35.72833340431468], [51.20696922369564, 35.72836482372421], [51.2063269966189, 35.72837070096616], [51.20631588983522, 35.72862943598823], [51.20603196822223, 35.72864145801775], [51.20599602117818, 35.72860566478704], [51.20599517932868, 35.72837126936559], [51.20569954649075, 35.72837153671725], [51.205670188197, 35.72835401999389], [51.20566275867405, 35.728101347947884], [51.20501102963732, 35.728090710498364], [51.20499792409369, 35.72756150229887], [51.20433457204463, 35.72756263064708], [51.20433250695185, 35.728623383330216], [51.20430117744192, 35.72864440862316], [51.204005608845314, 35.72864514897744], [51.20400596752653, 35.72887948104391], [51.20398152829296, 35.72891258565473], [51.203674570937316, 35.72891619976802], [51.20367492865541, 35.72915053187794], [51.203654036534104, 35.72918195027792], [51.20334353078626, 35.72918724964301], [51.2033438875412, 35.72942158179638], [51.203322995323475, 35.72945300009607], [51.20268075848557, 35.72945885781684], [51.20266879139703, 35.73053170274882], [51.20238776627658, 35.73054107236033], [51.20235469825067, 35.73051665117628], [51.20234962075567, 35.72972990501288], [51.20168625061577, 35.72973101881894]]]}}, {"type": "Feature", "properties": {"cls": 1}, "geometry": {"type": "Polygon", "coordinates": [[[51.20702544929101, 35.74189398687977], [51.20702614923619, 35.74216438311385], [51.20735783978976, 35.74216381180772], [51.20735713872314, 35.74189341557929], [51.20702544929101, 35.74189398687977]]]}}, {"type": "Feature", "properties": {"cls": 1}, "geometry": {"type": "Polygon", "coordinates": [[[51.2066845797008, 35.738378209602104], [51.206685278403235, 35.73864860600039], [51.20701695437797, 35.738648035682516], [51.20701625455431, 35.73837763928986], [51.2066845797008, 35.738378209602104]]]}}, {"type": "Feature", "properties": {"cls": 1}, "geometry": {"type": "Polygon", "coordinates": [[[51.20564686090041, 35.72188010119544], [51.205647555673394, 35.722150498354615], [51.2063108627948, 35.722149362916085], [51.20631049751637, 35.721915030816014], [51.20633493599331, 35.72188192545905], [51.20697356225268, 35.72187773465997], [51.20697286300685, 35.72160733751112], [51.2063095604058, 35.72160847658399], [51.20630992567541, 35.72184280859431], [51.2062854871226, 35.72187591397505], [51.20564686090041, 35.72188010119544]]]}}, {"type": "Feature", "properties": {"cls": 1}, "geometry": {"type": "Polygon", "coordinates": [[[51.201077871139354, 35.7516416859285], [51.20107855121966, 35.75191208182364], [51.201392585887874, 35.75191833658832], [51.20141022691796, 35.75194762067193], [51.201410909158675, 35.752142026818234], [51.201374898665165, 35.7521819281676], [51.20107923195731, 35.75218266162963], [51.201079912055725, 35.752453057500375], [51.20170355087537, 35.752452059348315], [51.20174186794886, 35.75248035741764], [51.20174391562429, 35.75268636964309], [51.20171947574007, 35.75271947354729], [51.20108059281153, 35.75272363728196], [51.201081272928064, 35.75299403312831], [51.201377007504874, 35.75299377672763], [51.201406365291014, 35.75301129482573], [51.201414463666474, 35.75353445357681], [51.20172158621775, 35.753537026444796], [51.20174614625024, 35.753569991419994], [51.2017469762009, 35.75380438529113], [51.20204271423711, 35.75380412724258], [51.20207578212084, 35.75382854848548], [51.202073335737026, 35.75432706632897], [51.20204401754082, 35.75434471760186], [51.20174834198087, 35.7543454527366], [51.20175034161022, 35.75515588850796], [51.202067594094395, 35.75516540757234], [51.20208291034642, 35.75542675459674], [51.204073844225725, 35.755423393436196], [51.204073615308594, 35.75464038861407], [51.20410793020333, 35.75461210791493], [51.20440360660488, 35.75461136706398], [51.204411395833105, 35.75408506131692], [51.204734055149096, 35.75406982739823], [51.204733693782906, 35.75383549655634], [51.20476182815551, 35.75380106150084], [51.20539702401476, 35.75379820837549], [51.205396329280596, 35.753527812637856], [51.20475737671311, 35.753525814394685], [51.204732815717946, 35.75349285042341], [51.20474114943206, 35.75327303388906], [51.205063805295865, 35.75325779907376], [51.2050634429814, 35.75302346824934], [51.205091577255416, 35.752989033070655], [51.20605859376606, 35.75298561028923], [51.20607260533627, 35.7527242325634], [51.20638972280592, 35.75271455372129], [51.20638902474187, 35.7524441579517], [51.206071831211375, 35.752435585763116], [51.20605650227582, 35.7521742390406], [51.20472929783195, 35.752176505154694], [51.20471597473653, 35.752708370515855], [51.20406703063882, 35.75271860830404], [51.204053012656985, 35.752979985842536], [51.20373589367372, 35.752989658504205], [51.20372684758676, 35.75405985552085], [51.20277527448926, 35.75407242337183], [51.20274321021921, 35.75403719756249], [51.20275708524924, 35.753811821955956], [51.20307420792202, 35.75380215199336], [51.20307385142504, 35.75356782085525], [51.203098290835115, 35.753534716515546], [51.203405350491785, 35.75353110363273], [51.203404022505424, 35.752991155488], [51.20308677888972, 35.75298163990045], [51.20307077231471, 35.75244980514201], [51.202775039921484, 35.752450065612564], [51.20274365740293, 35.752429187389616], [51.2027368889387, 35.75163890137626], [51.201077871139354, 35.7516416859285]]]}}, {"type": "Feature", "properties": {"cls": 1}, "geometry": {"type": "Polygon", "coordinates": [[[51.20370694579252, 35.74162916192664], [51.20370763451132, 35.741899558228944], [51.20434649058541, 35.74190156229374], [51.20437105138526, 35.741934526398616], [51.204371888775164, 35.74216892112673], [51.20536620821899, 35.742167273921574], [51.20536678159695, 35.74193289499275], [51.20538767314263, 35.74190147606929], [51.20603001275866, 35.74189560358053], [51.2060440246801, 35.74163422535064], [51.206361096155206, 35.74162454674319], [51.20635970046602, 35.741083662229975], [51.206042554111484, 35.741075089800916], [51.20602722553583, 35.74081374257011], [51.20507190611875, 35.74081532869443], [51.20503491878009, 35.74079072286576], [51.20504590948583, 35.74055397268599], [51.20536297668932, 35.74054429677079], [51.205360198628256, 35.739462435471495], [51.20502851923998, 35.73946300123258], [51.20501450402235, 35.73972437943198], [51.20469744022048, 35.73973405448562], [51.20469813223985, 35.740004450856595], [51.204993813378636, 35.7400041857268], [51.20502688175199, 35.74002860585579], [51.20501948903261, 35.74053320066097], [51.20471405728432, 35.74053637857683], [51.204698732966094, 35.74027503120031], [51.204367050192936, 35.74027559514865], [51.20436774110912, 35.74054599150083], [51.20468488506372, 35.74055456834553], [51.20469336960157, 35.74079817825196], [51.204660129180624, 35.74081602985118], [51.20403665570439, 35.74081713487035], [51.20403803566818, 35.741358019486334], [51.20435518293863, 35.741366597204134], [51.20436133384934, 35.741613366912944], [51.20370694579252, 35.74162916192664]], [[51.20540576693999, 35.74162622751277], [51.205365901202654, 35.74159024833537], [51.20537686472437, 35.74136751536029], [51.20568521252757, 35.74136696423246], [51.20568582358987, 35.741614021123], [51.20540576693999, 35.74162622751277]], [[51.20470026600451, 35.740855995956295], [51.204736275279416, 35.74081609312439], [51.20501419848763, 35.74082216111741], [51.205032042964326, 35.74085536229396], [51.20502583999347, 35.741068101583274], [51.20499259960237, 35.74108595330397], [51.20471859803561, 35.74107968578046], [51.20470095604097, 35.74105040252039], [51.20470026600451, 35.740855995956295]]]}}, {"type": "Feature", "properties": {"cls": 1}, "geometry": {"type": "Polygon", "coordinates": [[[51.20533806878258, 35.73080680229709], [51.20533876274, 35.73107719905939], [51.205670407339824, 35.73107663255747], [51.20566971226162, 35.730806235800785], [51.20533806878258, 35.73080680229709]]]}}, {"type": "Feature", "properties": {"cls": 1}, "geometry": {"type": "Polygon", "coordinates": [[[51.20499593694421, 35.726750035536284], [51.20499662964206, 35.72702043248713], [51.205328257428064, 35.72701986698369], [51.205327563609615, 35.72674947003844], [51.20499593694421, 35.726750035536284]]]}}, {"type": "Feature", "properties": {"cls": 1}, "geometry": {"type": "Polygon", "coordinates": [[[51.20467875027999, 35.73243086489764], [51.20467944205048, 35.73270126159795], [51.20501109339897, 35.73270069689143], [51.2050104005076, 35.7324303001967], [51.20467875027999, 35.73243086489764]]]}}, {"type": "Feature", "properties": {"cls": 1}, "geometry": {"type": "Polygon", "coordinates": [[[51.20398974763824, 35.72242390220554], [51.20399043682651, 35.722694299368264], [51.20432204669926, 35.72269373669697], [51.204321687229296, 35.72245940428399], [51.2043461262998, 35.722426299608095], [51.2049847574614, 35.72242211938042], [51.204984064920716, 35.722151722222236], [51.204320757723956, 35.722152850347044], [51.20430673984301, 35.722414229294046], [51.20398974763824, 35.72242390220554]]]}}, {"type": "Feature", "properties": {"cls": 1}, "geometry": {"type": "Polygon", "coordinates": [[[51.20368627865089, 35.733514508339915], [51.20368696709447, 35.73378490500817], [51.20468211858092, 35.73378321618522], [51.20468142677387, 35.733512819533686], [51.20436431211937, 35.73350424249499], [51.20434898908209, 35.73324289477349], [51.20401733547083, 35.73324345766214], [51.20400331687831, 35.7335048360857], [51.20368627865089, 35.733514508339915]]]}}, {"type": "Feature", "properties": {"cls": 1}, "geometry": {"type": "Polygon", "coordinates": [[[51.2030186662389, 35.73189269757755], [51.20301935238511, 35.73216309433008], [51.20331500074331, 35.73216283342904], [51.2033480688412, 35.73218725423375], [51.20335246871553, 35.732703511526076], [51.2036481193628, 35.73270324979911], [51.2036834803983, 35.73273516467672], [51.20368457022027, 35.73293737430467], [51.20366704286177, 35.73296676687055], [51.20335315666537, 35.73297409215948], [51.20335384396938, 35.73324448885767], [51.20368549759818, 35.73324392779813], [51.203699517210985, 35.73298254931143], [51.20401655330501, 35.732972877113795], [51.20401517391137, 35.732431991741535], [51.20371952449909, 35.73243225427789], [51.2036901664007, 35.732414736909845], [51.20368205425193, 35.73189157636694], [51.2030186662389, 35.73189269757755]]]}}, {"type": "Feature", "properties": {"cls": 1}, "geometry": {"type": "Polygon", "coordinates": [[[51.20267459147305, 35.727024457803985], [51.20267664673539, 35.72783583262318], [51.20334000111783, 35.72783471340788], [51.20333862655813, 35.72729382754992], [51.20302153792856, 35.727285246822], [51.203006219324216, 35.72702389870086], [51.20267459147305, 35.727024457803985]]]}}, {"type": "Feature", "properties": {"cls": 1}, "geometry": {"type": "Polygon", "coordinates": [[[51.20267116567453, 35.72567201292552], [51.202672535640254, 35.72621289895197], [51.203335876565575, 35.72621177980315], [51.20333450211574, 35.725670893798856], [51.20267116567453, 35.72567201292552]]]}}, {"type": "Feature", "properties": {"cls": 1}, "geometry": {"type": "Polygon", "coordinates": [[[51.20299533159331, 35.72269607404365], [51.20299601742878, 35.72296647121084], [51.20332762845023, 35.72296591127657], [51.203326941494396, 35.72269551411491], [51.20299533159331, 35.72269607404365]]]}}, {"type": "Feature", "properties": {"cls": 1}, "geometry": {"type": "Polygon", "coordinates": [[[51.20104794231768, 35.73974020815846], [51.201049302014134, 35.74028109297154], [51.20134498379248, 35.74028083681091], [51.20137434158191, 35.74029835494602], [51.20138229250766, 35.74078152711634], [51.201346281993416, 35.7408214284112], [51.20105066239463, 35.74082216165887], [51.2010513421126, 35.741092558041956], [51.201358412950256, 35.741095132006954], [51.20138297286192, 35.741128097143985], [51.201383801478286, 35.74136249149088], [51.2017009483251, 35.741371076329806], [51.20171626308842, 35.74163242400173], [51.202711512355236, 35.74163075116188], [51.20270945569611, 35.74081937820881], [51.20208591356056, 35.74082038117566], [51.20204663392746, 35.74078827979364], [51.20204554809016, 35.74058607046214], [51.20206307584396, 35.74055667834592], [51.20237699381373, 35.74054935644447], [51.202376309627645, 35.740278960059], [51.201748853118346, 35.74027977545631], [51.20171290731839, 35.740243980320955], [51.20171823445974, 35.739756834965185], [51.20174755260562, 35.73973918381962], [51.20204316774938, 35.73973844896193], [51.20204594542964, 35.73894818634684], [51.20207727515789, 35.73892716183743], [51.20237288687595, 35.73892642617962], [51.202370833856484, 35.738115052844044], [51.20203915999597, 35.73811561034481], [51.20204037935996, 35.73861650745959], [51.202019303863665, 35.73865184865745], [51.20137699047954, 35.738657699634345], [51.201377872978554, 35.7397111954032], [51.201343557431265, 35.7397394749312], [51.20104794231768, 35.73974020815846]], [[51.20237899223399, 35.741320833474994], [51.20234298206163, 35.74136073523627], [51.202065056839615, 35.74135466099288], [51.202047213283755, 35.74132145893925], [51.202053424064296, 35.74110872005963], [51.20208666463817, 35.7410908693896], [51.20236066654702, 35.74109714301489], [51.20237830783506, 35.74112642686563], [51.20237899223399, 35.741320833474994]]]}}, {"type": "Feature", "properties": {"cls": 1}, "geometry": {"type": "Polygon", "coordinates": [[[51.20037490941513, 35.735954476173255], [51.20037626437129, 35.73649536134977], [51.20101137880394, 35.73649606843136], [51.201039635018894, 35.73653034857089], [51.20104031608251, 35.736724755424845], [51.20100430544724, 35.736764656545674], [51.200708702604835, 35.73676538890141], [51.20070905181008, 35.736999721141316], [51.20068461160004, 35.73703282464387], [51.20037762000909, 35.737036430400536], [51.200378297357375, 35.73730682696534], [51.20069542720293, 35.7373154145582], [51.20071073866069, 35.73757676250245], [51.20104241031264, 35.73757620867147], [51.20105217380698, 35.736776497061136], [51.20170389103677, 35.73676363263059], [51.201717916898374, 35.73650225442106], [51.202034967994955, 35.7364925874878], [51.20203428506701, 35.73622219091385], [51.201738620200565, 35.73622244862827], [51.20170555228286, 35.736198027206314], [51.201710334532684, 35.735696348054304], [51.20236467398534, 35.7356805643326], [51.20237869776098, 35.73541918603476], [51.20269574423019, 35.73540951734467], [51.202691631927706, 35.733786677684], [51.20235997602705, 35.73378723601099], [51.20235887219443, 35.7345739449261], [51.20232587132428, 35.734598523807534], [51.20203027769794, 35.73459925938381], [51.20203063072599, 35.73483359150215], [51.202006190908556, 35.73486669545226], [51.201699208528886, 35.7348703045735], [51.201688769299395, 35.73539952778559], [51.201368818089605, 35.73541183744259], [51.2013626598738, 35.73566449664363], [51.20133334161643, 35.7356821476431], [51.20103774332027, 35.73568288079381], [51.20103809346561, 35.73591721302942], [51.201013653352746, 35.73595031664182], [51.20037490941513, 35.735954476173255]]]}}, {"type": "Feature", "properties": {"cls": 1}, "geometry": {"type": "Polygon", "coordinates": [[[51.201693070161106, 35.732435906607044], [51.2016937518408, 35.732706303357254], [51.202357146655835, 35.73270518942989], [51.202371170523975, 35.73244381099686], [51.202688204661094, 35.7324341423686], [51.202687519627226, 35.73216374562273], [51.20202412931594, 35.732164861357134], [51.202010104332004, 35.7324262397125], [51.201693070161106, 35.732435906607044]]]}}, {"type": "Feature", "properties": {"cls": 1}, "geometry": {"type": "Polygon", "coordinates": [[[51.200687664786116, 35.72838023832724], [51.20068902147939, 35.72892112417581], [51.2010061165815, 35.728929711051556], [51.20102142884015, 35.729191059340685], [51.20166372897913, 35.72919474869167], [51.20168473914406, 35.72922604311927], [51.20168556838646, 35.729460438011536], [51.202017206357596, 35.729459881601805], [51.202031231386066, 35.7291985030409], [51.202348252143274, 35.729188835369456], [51.20235372330617, 35.72866568696562], [51.20238304138359, 35.728648035633604], [51.20267861044399, 35.728647299355515], [51.20267724031428, 35.72810641354859], [51.202013883650984, 35.728107529117324], [51.20199985854113, 35.728368907657035], [51.20171496050874, 35.72837770679449], [51.201682896574, 35.72834248045593], [51.20168206736279, 35.728108085621756], [51.20138643621743, 35.72810834236702], [51.201357078344635, 35.72809082422018], [51.20134966229888, 35.727838152225964], [51.201018031037854, 35.7278387067739], [51.20101255116977, 35.72836185526061], [51.2009832328813, 35.728379506129414], [51.200687664786116, 35.72838023832724]]]}}, {"type": "Feature", "properties": {"cls": 1}, "geometry": {"type": "Polygon", "coordinates": [[[51.20105678309786, 35.7432565563212], [51.20105814302984, 35.74379744081713], [51.2013538394087, 35.74379718459012], [51.20138919988141, 35.743829100434084], [51.20139333885559, 35.74514932678694], [51.20172504191157, 35.74514877097252], [51.201724007140506, 35.74464395102687], [51.201752142428575, 35.744609517148085], [51.20204092941357, 35.74461637847957], [51.20205624533784, 35.74487772597598], [51.20238794725319, 35.74487716833722], [51.20238726292124, 35.744606772146916], [51.20209156319694, 35.74460703083616], [51.202057164854985, 35.74457891871881], [51.202053419612234, 35.74379586529608], [51.20173626271556, 35.74378728135139], [51.20172094783734, 35.74352593384723], [51.20142525269399, 35.74352619088403], [51.20139589482513, 35.74350867278206], [51.201388478307116, 35.74325600146018], [51.20105678309786, 35.7432565563212]]]}}, {"type": "Feature", "properties": {"cls": 1}, "geometry": {"type": "Polygon", "coordinates": [[[51.202037793388435, 35.73757463340806], [51.20203847636218, 35.73784502992101], [51.20237014909984, 35.73784447242579], [51.2023694650049, 35.737574075918346], [51.202037793388435, 35.73757463340806]]]}}, {"type": "Feature", "properties": {"cls": 1}, "geometry": {"type": "Polygon", "coordinates": [[[51.201070387288816, 35.74866631870004], [51.20107106726946, 35.74893671472937], [51.20140278605002, 35.74893615975297], [51.20140210494757, 35.74866576372913], [51.201070387288816, 35.74866631870004]]]}}, {"type": "Feature", "properties": {"cls": 1}, "geometry": {"type": "Polygon", "coordinates": [[[51.201066985901186, 35.74731387856277], [51.201067665836526, 35.747584274653086], [51.20139937900407, 35.747583719704174], [51.201398697947006, 35.74731332361933], [51.201066985901186, 35.74731387856277]]]}}, {"type": "Feature", "properties": {"cls": 1}, "geometry": {"type": "Polygon", "coordinates": [[[51.20042779206535, 35.7570525484017], [51.200428470081754, 35.757322944063816], [51.20076022368943, 35.75732239074778], [51.20077425209618, 35.75706101353116], [51.20109138866449, 35.757051348843106], [51.201090708412316, 35.75678095317976], [51.20075895705904, 35.75678150740018], [51.20074492859611, 35.757042884558665], [51.20042779206535, 35.7570525484017]]]}}, {"type": "Feature", "properties": {"cls": 1}, "geometry": {"type": "Polygon", "coordinates": [[[51.20073993603231, 35.74920784879712], [51.20074061490894, 35.74947824480754], [51.20107233594386, 35.749477690735226], [51.201071655945405, 35.74920729473029], [51.20073993603231, 35.74920784879712]]]}}, {"type": "Feature", "properties": {"cls": 1}, "geometry": {"type": "Polygon", "coordinates": [[[51.19173496306008, 35.730017776852364], [51.19173755590188, 35.7310996407478], [51.19206021145716, 35.731113782370514], [51.19207124114962, 35.73191057842991], [51.19236688692838, 35.73191034444842], [51.19240128320137, 35.73193846061855], [51.19240558380135, 35.73299200390631], [51.19303297892282, 35.732991237341274], [51.19306892209084, 35.73302703642215], [51.193061209312454, 35.73351734102033], [51.19273863235419, 35.73353254258815], [51.19273895815436, 35.733766876336794], [51.192714515559686, 35.73379997709254], [51.192407535976955, 35.73380356234498], [51.192408186306324, 35.73407395918475], [51.192722145601316, 35.73408023712264], [51.1927397841826, 35.73410952357537], [51.19274044503941, 35.73430393076323], [51.19270443155961, 35.73434382800853], [51.192408837264125, 35.73434453993543], [51.19240948761083, 35.7346149367508], [51.19272344915083, 35.73462121467819], [51.192741087733104, 35.73465050112929], [51.192741748602366, 35.73484490829264], [51.19270573512352, 35.73488480554042], [51.19241013858598, 35.734885517477096], [51.192410788950006, 35.73515591426807], [51.19270644824449, 35.73515567941237], [51.19273580519308, 35.735173200408674], [51.192743846305945, 35.735696360751184], [51.19305089362269, 35.73569895612398], [51.19307545106174, 35.73573192413905], [51.19307625522311, 35.73596631755655], [51.19337191797454, 35.73596608105477], [51.19340329920479, 35.73598696270843], [51.193409974559074, 35.73677725076374], [51.19370564072318, 35.73677701343152], [51.19374099930671, 35.736808932637864], [51.19374370069659, 35.73758818291475], [51.19406083060093, 35.737596788302184], [51.1940761208683, 35.73785813683766], [51.19473955872585, 35.73785706477902], [51.19475360681105, 35.73759568703196], [51.195070663885765, 35.737586038759865], [51.19507033117926, 35.737351705484514], [51.1950947729981, 35.73731860394207], [51.19540176680165, 35.73731501182439], [51.19539992824558, 35.73654362451878], [51.19541764110208, 35.73651031100838], [51.196063302833956, 35.73650246658349], [51.19606296724356, 35.73626813342506], [51.19609879628548, 35.736232157822066], [51.19738967224039, 35.7362298082301], [51.1974037118959, 35.73596843025142], [51.19768084106109, 35.73595888646703], [51.197716141780376, 35.73597995253562], [51.197715353025735, 35.7364820147489], [51.19768211197741, 35.736499863801875], [51.19705867284158, 35.73650093255131], [51.19705383407969, 35.73729456907617], [51.197024515394546, 35.737312218657586], [51.19672890956817, 35.73731294123859], [51.19672924713132, 35.73754727412938], [51.19670480573269, 35.73758037626647], [51.19639781117509, 35.737583971811915], [51.1963981477744, 35.73781830474606], [51.19637725353651, 35.737849720947935], [51.19606671053798, 35.73785500146898], [51.19606387387724, 35.73864526481348], [51.196032543280076, 35.73866628714436], [51.19573693166261, 35.73866700730398], [51.19572354876599, 35.73919887350732], [51.1954064852137, 35.73920852363668], [51.19540714581058, 35.73947892018488], [51.195724283840704, 35.739487521084264], [51.19573957946472, 35.73974886938452], [51.19607126022736, 35.73974832923105], [51.19607092454527, 35.73951399622885], [51.19610286961841, 35.739478603524454], [51.19706591181779, 35.739476214633044], [51.19707141685349, 35.73895306683567], [51.197100735459415, 35.73893541722482], [51.19739634810536, 35.73893469379892], [51.197400515806486, 35.737870568907056], [51.19742983437927, 35.73785291918984], [51.19772544247859, 35.737852194968525], [51.197725101992525, 35.73761786215704], [51.19774954301788, 35.73758475970189], [51.19805653746068, 35.73758116076449], [51.19805619601083, 35.73734682799638], [51.19807708969854, 35.73731541131781], [51.198387630198745, 35.73731012564431], [51.19839312673734, 35.73678697773212], [51.19842244521126, 35.736769327689665], [51.19871804864064, 35.736768601042215], [51.198727835295024, 35.735968889296956], [51.199047789474314, 35.735956586901345], [51.19904744515658, 35.735722254224264], [51.19907558125923, 35.73568782139355], [51.19971062793815, 35.735684998818094], [51.19971611594708, 35.73516185084095], [51.199745434289106, 35.73514420036542], [51.200041030744764, 35.73514347048679], [51.2000403545903, 35.73487307381894], [51.19972323506454, 35.734864484349785], [51.19970792682177, 35.73460313626472], [51.199390808471634, 35.734594545900116], [51.19938233963354, 35.73435093505584], [51.19941558044416, 35.73433308537153], [51.20070250167029, 35.734330899654296], [51.20070187158205, 35.73406143836481], [51.20039478186691, 35.7340579271377], [51.20037022218775, 35.73402496160523], [51.20036939669869, 35.7337905671939], [51.20004672834022, 35.733776448402], [51.200035360319205, 35.73325009740596], [51.199704642188216, 35.73325069278625], [51.199690609820365, 35.73351207095517], [51.199373570667, 35.733521731645226], [51.19937176328742, 35.73403795233791], [51.199338761918966, 35.734062530054466], [51.199043169977706, 35.734063258282724], [51.19904351424811, 35.734297590935164], [51.19902262077931, 35.73432900793535], [51.198726633978794, 35.734325154875314], [51.19871132893192, 35.734063806675394], [51.19839421298612, 35.73405521363004], [51.19839361606141, 35.73380288399555], [51.19871065665791, 35.73379322601396], [51.19872402021217, 35.73326135912153], [51.199372804204366, 35.7332511510306], [51.199372130355435, 35.73298075426647], [51.19905501879336, 35.732972162978776], [51.19903971272809, 35.73271081474856], [51.198744062852995, 35.73271106505585], [51.19871470524048, 35.73269354604673], [51.19870729734422, 35.73244087429294], [51.19804390457283, 35.73244196808888], [51.19804491555612, 35.73294678974737], [51.19801677906402, 35.732981222206035], [51.19708993086253, 35.73298446811935], [51.197050067484355, 35.73294848485572], [51.19705407770427, 35.732735201170236], [51.19708540808449, 35.73271417847812], [51.1973809949457, 35.73271345516726], [51.19738032784191, 35.73244305834627], [51.196385192583676, 35.73244468672336], [51.1963740543337, 35.73270342133857], [51.196094034110395, 35.73271560538331], [51.19605417101444, 35.732679621633125], [51.196052695271156, 35.73217473894959], [51.195721045921516, 35.73217527895333], [51.19570700080542, 35.732436656935015], [51.19540450703171, 35.73243716674721], [51.195393377444, 35.73192643952754], [51.19542470804156, 35.73190541743694], [51.195720291848474, 35.731904698217306], [51.195718968599145, 35.73136381247481], [51.19542332477847, 35.73136405460116], [51.19538717885071, 35.73132433839248], [51.195386896826065, 35.731129926127224], [51.195404426465394, 35.73110053581267], [51.19571830651449, 35.73109323164293], [51.19571632157532, 35.73028185692035], [51.1953846800685, 35.73028239597223], [51.195385674176464, 35.73078721832609], [51.195345922422256, 35.73082339278252], [51.19509026782616, 35.73082361514456], [51.19505888629407, 35.73080273409356], [51.195052854629054, 35.73028293422787], [51.194721213104636, 35.730283471450875], [51.19470716475313, 35.730544849459264], [51.194390136865806, 35.73055449674657], [51.19439196527136, 35.73132588497851], [51.19436733988975, 35.73136290946733], [51.19408498732542, 35.73136337145431], [51.194060429522665, 35.73133040374049], [51.19405962257394, 35.73109601009399], [51.193763980097124, 35.73109624813759], [51.19373259873679, 35.731075366608046], [51.19372395564446, 35.72947361097889], [51.19340685957743, 35.7294650044939], [51.19340337296202, 35.72921531785856], [51.19438675839687, 35.72920196008096], [51.19439527148895, 35.72894614072032], [51.194717829071095, 35.72893093475091], [51.19472400818785, 35.728678274850395], [51.194753327021445, 35.72866062603467], [51.195048897502254, 35.72865990850481], [51.19504856504659, 35.72842557479999], [51.19508439439184, 35.72838959968273], [51.195671768332794, 35.728388453169224], [51.195707068813974, 35.7284095200494], [51.195697736355044, 35.728649812324974], [51.195380716526664, 35.728659462242675], [51.19538137678037, 35.72892985926655], [51.19604474053001, 35.72892878024252], [51.1960502527001, 35.72840563141625], [51.19607957140214, 35.728387982163675], [51.1963751405158, 35.72838726137824], [51.19637447691709, 35.728116864346006], [51.19607884647694, 35.72811710804375], [51.19604270032924, 35.728077392129734], [51.19604127821511, 35.72679332527531], [51.19607559476747, 35.72676504798828], [51.19637115715739, 35.726764327232694], [51.19636783825173, 35.72541197373758], [51.19570450367575, 35.7254130544514], [51.19569045835635, 35.72567443274022], [51.195373450856245, 35.725684082598235], [51.19537477149348, 35.72622496886361], [51.19567039414552, 35.726224726830495], [51.195705753210866, 35.726256645211585], [51.195709469315624, 35.727540811621765], [51.195673640062424, 35.727576787038245], [51.195378074341484, 35.72757750617907], [51.195378407744585, 35.72781183976386], [51.19535396593236, 35.727844941409174], [51.195047011490914, 35.727848533361914], [51.195036528319264, 35.72837775717252], [51.19471660470511, 35.728390048649196], [51.19471042555742, 35.72864270848694], [51.194681106644225, 35.72866035727787], [51.19438553625587, 35.728661073993095], [51.19438586677622, 35.72889540769464], [51.1943539210963, 35.72893079967251], [51.194069007568466, 35.72892295833703], [51.1940537175195, 35.72866160947303], [51.19372301901151, 35.728662096386614], [51.193722411276404, 35.72889647773498], [51.193690465397694, 35.72893186943571], [51.19239582595283, 35.728934761835795], [51.19239397344949, 35.72945098380433], [51.192360970917754, 35.72947555879142], [51.19206539673661, 35.729476269815244], [51.19206604580632, 35.72974666685539], [51.192397685156465, 35.729746136958425], [51.1923973604393, 35.729511802855676], [51.19242930662081, 35.72947641171793], [51.193352303812986, 35.72947416275686], [51.19338760401397, 35.729495230550256], [51.19339047138442, 35.729990366325765], [51.193357469018814, 35.7300149417023], [51.193061892780634, 35.73001565518145], [51.193062219454305, 35.73024998904292], [51.19304132423315, 35.73028140420644], [51.19239907845559, 35.73028720681803], [51.19238502268762, 35.73054858468776], [51.19210011510925, 35.73055736060179], [51.1920680540337, 35.730522130244516], [51.1920666035413, 35.73001724786459], [51.19173496306008, 35.730017776852364]], [[51.1980479756789, 35.734104887621356], [51.19808398723861, 35.73406498791343], [51.198361882496606, 35.73407107159789], [51.1983797247816, 35.73410427466288], [51.19837350421876, 35.734317013436836], [51.19834026323131, 35.734334862724424], [51.198066289555506, 35.734328579733784], [51.19804864943134, 35.734299294672866], [51.1980479756789, 35.734104887621356]], [[51.19473363150875, 35.735422666997636], [51.19473915190554, 35.73489951868311], [51.1947684707406, 35.73488186984986], [51.195064067001226, 35.73488115220633], [51.19506524245642, 35.73409444222827], [51.19509824445229, 35.73406986617538], [51.19535783522791, 35.73406944458205], [51.1953937790758, 35.73410524260372], [51.19539458999484, 35.73433963641374], [51.19604345704172, 35.734347697335224], [51.19605875357091, 35.73460904583532], [51.196390413006895, 35.734608504868866], [51.19640445589073, 35.734347126875605], [51.196700432815724, 35.734342272950904], [51.196721643589925, 35.73437748703098], [51.19672358686612, 35.73514894024806], [51.197362386116865, 35.73515098168846], [51.19738694483573, 35.73518394821971], [51.197388697221655, 35.73541838666128], [51.197719424382704, 35.73541779762091], [51.19773346300308, 35.735156419585664], [51.198025893423804, 35.735149891508236], [51.198050654449176, 35.73518677593942], [51.198051612778364, 35.73565167666357], [51.19801578421954, 35.73568765316846], [51.197388429454286, 35.735688922871795], [51.197388768914244, 35.735923255728], [51.19735294016045, 35.7359592319334], [51.19477104314724, 35.735963439514954], [51.194735099388495, 35.735927641196064], [51.194734290367286, 35.73569324765033], [51.194438628717506, 35.73569348740897], [51.19440268505604, 35.73565768893824], [51.194402203413084, 35.735459358683315], [51.19441973332441, 35.73542996862141], [51.19473363150875, 35.735422666997636]], [[51.19800924930256, 35.7346058976999], [51.198049112854754, 35.73464188047644], [51.19804960351799, 35.73484021071677], [51.198025162511065, 35.73487331329958], [51.19742634770657, 35.7348773453194], [51.19738936155938, 35.73485273623658], [51.19738599521151, 35.73464303197717], [51.19741043634127, 35.73460992964708], [51.19800924930256, 35.7346058976999]], [[51.197756094320205, 35.73406533444535], [51.197716230752874, 35.73402935151031], [51.19771957061309, 35.7335455790918], [51.197750900906385, 35.7335245561575], [51.19802542487917, 35.733528630130785], [51.198046636100685, 35.733563843790115], [51.198043096113146, 35.73404369812289], [51.198011765776954, 35.73406472115782], [51.197756094320205, 35.73406533444535]], [[51.19676151233357, 35.734337454772735], [51.196721649047866, 35.73430147135361], [51.19673263626471, 35.734078739601365], [51.19705258306091, 35.73406644265599], [51.19706042130899, 35.73354013481471], [51.197368455940996, 35.7335340616998], [51.197384424151075, 35.734065898837144], [51.19770154004745, 35.73407449450583], [51.19770767107238, 35.73432126513314], [51.19676151233357, 35.734337454772735]], [[51.1943979323488, 35.73380027103097], [51.194411981615055, 35.7335388931194], [51.19472902194239, 35.733529245818], [51.194742411690804, 35.73299737907335], [51.195044907945295, 35.7329968709788], [51.19506020125463, 35.73325821962976], [51.195391855108035, 35.73325768143372], [51.19539803202454, 35.73300502176528], [51.195427350793416, 35.73298737271851], [51.19572293908392, 35.732986653479045], [51.19572260456413, 35.73275232009504], [51.19575454974681, 35.732716927557846], [51.19603947924207, 35.73272476476795], [51.19605477572237, 35.732986113340665], [51.19637188691605, 35.732994712590674], [51.196387184464186, 35.73325606112116], [51.19668283643166, 35.73325581651212], [51.19671819574883, 35.73328773442932], [51.19671926800945, 35.733489944255076], [51.19668732303223, 35.73352533722244], [51.195392608102864, 35.7335282621142], [51.195386431179486, 35.73378092168211], [51.195357112330825, 35.73379857070637], [51.1950615207699, 35.73379928914596], [51.19506185337679, 35.73403362248766], [51.195033715987215, 35.73406805381283], [51.19407592176398, 35.734056716525124], [51.19408089082945, 35.733809917448205], [51.1943979323488, 35.73380027103097]], [[51.19570521703753, 35.725723530248466], [51.19574122940735, 35.7256836316615], [51.196000785396556, 35.72568320877768], [51.196030142671454, 35.72570072870609], [51.19603806086892, 35.72618390310997], [51.196020348149396, 35.72621721680964], [51.195746409547716, 35.72622441078718], [51.1957131332672, 35.72620670474284], [51.19570521703753, 35.725723530248466]], [[51.19539114275288, 35.732947205895506], [51.19535513017947, 35.73298710437097], [51.19507723963613, 35.73298101362972], [51.19505939838437, 35.732947809589454], [51.19506562766564, 35.73273507119678], [51.1950988688651, 35.73271722308503], [51.1953728361584, 35.73272351297217], [51.19539047548016, 35.73275279871741], [51.19539114275288, 35.732947205895506]], [[51.19469634462339, 35.73650473227179], [51.19473620723787, 35.73654071665749], [51.19472521462098, 35.73676344798358], [51.19441688580595, 35.736763969655144], [51.19441630831097, 35.73651691237124], [51.19469634462339, 35.73650473227179]], [[51.194717699981474, 35.734872670565395], [51.19376176567259, 35.73488026069296], [51.193737207962286, 35.73484729287776], [51.19373955549292, 35.73463756357149], [51.19377648009654, 35.73461278890271], [51.19472266713541, 35.73462587148376], [51.194717699981474, 35.734872670565395]], [[51.19340740922035, 35.73573537431391], [51.19344342236762, 35.73569547676229], [51.19372132441953, 35.7357015713105], [51.19373916518542, 35.735734775675716], [51.19373293247196, 35.73594751381252], [51.19369969106434, 35.735965361416646], [51.193425710554145, 35.73595906771814], [51.19340807172722, 35.73592978141678], [51.19340740922035, 35.73573537431391]], [[51.19369451487585, 35.73380145140816], [51.19373437720542, 35.7338374362916], [51.193731013370034, 35.734321208462795], [51.193699682468704, 35.73434222994128], [51.19342515530156, 35.73433814600831], [51.19340394558377, 35.73430293083222], [51.19340751328764, 35.733823076900244], [51.193438844146065, 35.73380205552236], [51.19369451487585, 35.73380145140816]]]}}, {"type": "Feature", "properties": {"cls": 1}, "geometry": {"type": "Polygon", "coordinates": [[[51.20035458456483, 35.727839813248366], [51.20035526160637, 35.728110210227854], [51.200686894006125, 35.72810965750315], [51.200686215843945, 35.72783926052913], [51.20035458456483, 35.727839813248366]]]}}, {"type": "Feature", "properties": {"cls": 1}, "geometry": {"type": "Polygon", "coordinates": [[[51.20002083264092, 35.727028898201326], [51.20002150853448, 35.72729929522286], [51.200352201252215, 35.72729879101393], [51.200367167971116, 35.72703736486774], [51.20068418011798, 35.72702770168784], [51.200682823551546, 35.72648681566852], [51.20035119787961, 35.726487368360395], [51.20034571361061, 35.72701051701306], [51.20031639525671, 35.72702816765914], [51.20002083264092, 35.727028898201326]]]}}, {"type": "Feature", "properties": {"cls": 1}, "geometry": {"type": "Polygon", "coordinates": [[[51.195768718389374, 35.75165044292857], [51.195769380513475, 35.75192083891035], [51.196086570261635, 35.75192943866941], [51.19610186732077, 35.75219078638271], [51.19643359970851, 35.75219024506801], [51.1964476420616, 35.75192886787345], [51.196764758232646, 35.75191921486372], [51.19677746794242, 35.751116861745885], [51.197733604399026, 35.751109246851094], [51.19775836534534, 35.75114613133749], [51.1977442744293, 35.751367587892275], [51.197427160824596, 35.75137724360691], [51.19742978449293, 35.75245816787317], [51.19776156621386, 35.752458558306145], [51.19777359678487, 35.751385717311514], [51.19809071042727, 35.75137606075204], [51.1980903685836, 35.75114172864842], [51.19812231304257, 35.751106335062424], [51.19872906396993, 35.751107606506984], [51.198753623111024, 35.751140572521045], [51.19875537983876, 35.75137501046612], [51.19908617318497, 35.7513744174582], [51.19910020707816, 35.75111304006931], [51.19938900723458, 35.75110519343911], [51.199417465157765, 35.75114339226094], [51.199414608914935, 35.75189373301673], [51.1993832787521, 35.75191475658891], [51.199087612794465, 35.751915485150654], [51.19908795757707, 35.752149816942826], [51.19906351689846, 35.75218291993256], [51.19875646219191, 35.75218652172415], [51.19875465171474, 35.7527027407743], [51.19872165023997, 35.75272731829956], [51.198425980792614, 35.752728045244694], [51.198426651930575, 35.75299844113465], [51.20008569815938, 35.75299569305589], [51.2000868230034, 35.75220898625977], [51.20011982416474, 35.752184408203064], [51.20041549121271, 35.752183677189166], [51.20041277891876, 35.7511018176558], [51.20011705249636, 35.7511020715711], [51.20008398484909, 35.751077649556265], [51.20007892816681, 35.75029090622552], [51.19977181943863, 35.75028832901501], [51.19974725992766, 35.75025536331529], [51.199746435914726, 35.75002096967756], [51.199450714074935, 35.75002122194022], [51.19941933198554, 35.75000034250969], [51.19941259647997, 35.74921005621591], [51.199105492330546, 35.74920747727929], [51.1990809330186, 35.74917451134671], [51.199080110981946, 35.74894011775609], [51.19878439372455, 35.74894036836625], [51.198748246637344, 35.748900653790045], [51.19875011055868, 35.74842435494068], [51.19878311194234, 35.74839977741489], [51.199078763531894, 35.74839904973511], [51.19909279751614, 35.74813767221104], [51.20007351224119, 35.74812691035215], [51.2000728356542, 35.74785651426981], [51.199423855992436, 35.747848475531356], [51.19940854841151, 35.74758712799702], [51.19911283672721, 35.74758737939803], [51.19907976924497, 35.74756295698222], [51.19907539618792, 35.74704670133457], [51.19708467032574, 35.747049979106386], [51.19707062989849, 35.747311356491174], [51.19675353298115, 35.74732101034349], [51.196755529689085, 35.74813238271265], [51.19706954800305, 35.748138648965785], [51.197087187818035, 35.748167934218735], [51.197087109336195, 35.748370150201715], [51.19705184750533, 35.74840223997426], [51.19675619569897, 35.74840296276003], [51.19675719928587, 35.74890778317744], [51.19672906242043, 35.74894221519421], [51.196440257762035, 35.74893534087006], [51.19642495969246, 35.74867399311258], [51.19609324189929, 35.748674534357626], [51.19609390504845, 35.74894493046826], [51.19638962210834, 35.74894468638599], [51.19642498135762, 35.748976604382364], [51.196428894807774, 35.75025684239842], [51.19639288260596, 35.75029674141852], [51.19609722282329, 35.75029746260763], [51.19609854955259, 35.75083834663183], [51.19641257900348, 35.75084461458701], [51.19643021863767, 35.75087390000969], [51.196430705579786, 35.75107222954209], [51.19639487655303, 35.751108205363906], [51.19609921340465, 35.75110892656794], [51.196085833471614, 35.75164079165931], [51.195768718389374, 35.75165044292857]], [[51.19943195255254, 35.751094331384714], [51.19943067739953, 35.75057151460099], [51.199733246474395, 35.75057099403237], [51.19974005974943, 35.75108825164358], [51.19943195255254, 35.751094331384714]], [[51.1987489189254, 35.74917107508783], [51.198712907517226, 35.74921097518556], [51.19811375308214, 35.74921043560487], [51.198085497654745, 35.74917615435535], [51.19808651895347, 35.74897012639852], [51.198124757510314, 35.748941648921225], [51.19871998766795, 35.74894238775779], [51.19874824320849, 35.748976668734514], [51.1987489189254, 35.74917107508783]], [[51.19841394929426, 35.74789924901777], [51.19844996071553, 35.74785934909009], [51.19872791319324, 35.74786543173981], [51.198745755619406, 35.74789863466545], [51.19873953627675, 35.74811137288369], [51.198706295313194, 35.74812922233396], [51.19843226442274, 35.74812294036446], [51.198414624179684, 35.74809365543533], [51.19841394929426, 35.74789924901777]]]}}, {"type": "Feature", "properties": {"cls": 1}, "geometry": {"type": "Polygon", "coordinates": [[[51.199350653609024, 35.72432510854602], [51.19935132717105, 35.7245955057004], [51.20001465482168, 35.724594404904074], [51.200028686356355, 35.72433302623965], [51.200345687367815, 35.724323364004626], [51.20034501045286, 35.724052966854394], [51.20001339486387, 35.72405351858278], [51.200013741759896, 35.72428785154829], [51.19998560585281, 35.724322284730306], [51.199350653609024, 35.72432510854602]]]}}, {"type": "Feature", "properties": {"cls": 1}, "geometry": {"type": "Polygon", "coordinates": [[[51.19971747444791, 35.73838997615264], [51.19971814959827, 35.73866037266737], [51.200049825765475, 35.73865982155863], [51.20004914949391, 35.73838942504934], [51.19971747444791, 35.73838997615264]]]}}, {"type": "Feature", "properties": {"cls": 1}, "geometry": {"type": "Polygon", "coordinates": [[[51.19869328128721, 35.726760607436624], [51.198693952688224, 35.72703100449209], [51.19902558064713, 35.727030456360936], [51.199025236585335, 35.72679612325383], [51.19904967723353, 35.72676302038349], [51.19968834537731, 35.7267588682343], [51.199687670622914, 35.72648847118292], [51.19902432725408, 35.72648957022683], [51.199010292560196, 35.72675094866362], [51.19869328128721, 35.726760607436624]]]}}, {"type": "Feature", "properties": {"cls": 1}, "geometry": {"type": "Polygon", "coordinates": [[[51.19669897853012, 35.72514094279732], [51.196699643152684, 35.725411339958335], [51.19798648352947, 35.72540927550742], [51.19802178429129, 35.72543034148089], [51.19801245849867, 35.725670634170115], [51.19769545149531, 35.725680290253166], [51.19768498558221, 35.72620951427755], [51.197033354951074, 35.72622235652565], [51.19702784909355, 35.72674550541207], [51.19699853041094, 35.72676315496343], [51.19670296829833, 35.726763877349725], [51.19670363297402, 35.72703427443756], [51.19769870090898, 35.72703264363964], [51.19771273978404, 35.72677126522352], [51.19802975137886, 35.72676160916378], [51.19803458128921, 35.72596797119932], [51.19806389979341, 35.72595032129729], [51.198359458451606, 35.72594959566627], [51.19835911636267, 35.725715262394324], [51.19838355721098, 35.72568215975583], [51.19869050221097, 35.725678559345255], [51.19868714423984, 35.72432620579488], [51.198355527484686, 35.72432675295751], [51.1983470267641, 35.72458257240672], [51.19802448815647, 35.724597788403585], [51.198018319253116, 35.724850448263375], [51.19798900066958, 35.7248680981375], [51.197693446585674, 35.72486882293393], [51.19769378670888, 35.72510315625481], [51.197669345585545, 35.725136258687336], [51.197376944166294, 35.72513071621645], [51.197361643637336, 35.72486936748428], [51.197030960922945, 35.72486986343997], [51.19701598350516, 35.725131289393076], [51.19669897853012, 35.72514094279732]]]}}, {"type": "Feature", "properties": {"cls": 1}, "geometry": {"type": "Polygon", "coordinates": [[[51.19809281360662, 35.75218761637082], [51.19809348360442, 35.752458012290575], [51.19842521706161, 35.75245746547942], [51.19842454594182, 35.75218706956507], [51.19809281360662, 35.75218761637082]]]}}, {"type": "Feature", "properties": {"cls": 1}, "geometry": {"type": "Polygon", "coordinates": [[[51.19771015661516, 35.731631047240455], [51.197711493339625, 35.73217193289417], [51.198043142635186, 35.7321713874034], [51.198041803668175, 35.73163050176048], [51.19771015661516, 35.731631047240455]]]}}, {"type": "Feature", "properties": {"cls": 1}, "geometry": {"type": "Polygon", "coordinates": [[[51.19670762343108, 35.72865730043929], [51.196708953232026, 35.72919818639359], [51.19737231915397, 35.729197100043244], [51.197377822677616, 35.728673951324936], [51.19740714124822, 35.728656301633976], [51.197702711235856, 35.72865557758296], [51.19771608165977, 35.72812371026821], [51.19803309885838, 35.72811405418102], [51.19803176015895, 35.72757316817225], [51.19739672026558, 35.72757244501963], [51.19736846507223, 35.72753816342948], [51.19736764851432, 35.7273037691612], [51.19703601938853, 35.72730431272608], [51.19703668520286, 35.72757470978417], [51.197332313687106, 35.727574463648985], [51.197365380798594, 35.72759888679791], [51.19736884723067, 35.72808296669004], [51.1973335854638, 35.72811505652199], [51.197038017809824, 35.72811577974837], [51.19702464297564, 35.72864764696402], [51.19670762343108, 35.72865730043929]]]}}, {"type": "Feature", "properties": {"cls": 1}, "geometry": {"type": "Polygon", "coordinates": [[[51.19737641545885, 35.7308201253353], [51.197377082509604, 35.731090522229444], [51.19770872732736, 35.73108997767475], [51.19770805915578, 35.73081958078598], [51.19737641545885, 35.7308201253353]]]}}, {"type": "Feature", "properties": {"cls": 1}, "geometry": {"type": "Polygon", "coordinates": [[[51.19671294411449, 35.73082121180994], [51.19671560435211, 35.73190307524103], [51.197378992706525, 35.73190198878311], [51.19737832562941, 35.73163159192554], [51.1970826804652, 35.731631838134746], [51.19704828314663, 35.7316037239001], [51.19704458782919, 35.73082066908955], [51.19671294411449, 35.73082121180994]]]}}, {"type": "Feature", "properties": {"cls": 1}, "geometry": {"type": "Polygon", "coordinates": [[[51.19637855250284, 35.729739798066205], [51.196379216154895, 35.73001019502527], [51.1966963150558, 35.73001879344546], [51.19671161357371, 35.73028014207892], [51.19737498846829, 35.73027905568554], [51.19737365411146, 35.72973816985031], [51.19637855250284, 35.729739798066205]]]}}, {"type": "Feature", "properties": {"cls": 1}, "geometry": {"type": "Polygon", "coordinates": [[[51.18779291229801, 35.74652386347717], [51.18779354732699, 35.74679425981631], [51.188089254287775, 35.7467940361751], [51.18812231987013, 35.74681846287889], [51.18812648234832, 35.74729473246199], [51.18809046730037, 35.74733462760161], [51.18779481831829, 35.74733532834274], [51.18779545337266, 35.7476057246453], [51.188127166891114, 35.74760520629724], [51.188138331001994, 35.74734647248215], [51.188418412614624, 35.74733430723118], [51.18845827345474, 35.74737029464294], [51.188459064325514, 35.74760468692034], [51.18875477474564, 35.74760446163266], [51.18878917028115, 35.74763257925888], [51.188791184620555, 35.747838592394174], [51.188773653087694, 35.74786798101687], [51.18845970223988, 35.74787526712357], [51.18846097718292, 35.74841615160873], [51.1904157352683, 35.748413311821636], [51.19045167768033, 35.74844911204093], [51.190452474415615, 35.74868350455182], [51.19207542933448, 35.74868116260614], [51.19211137223167, 35.748716962070525], [51.19211217383706, 35.748951354802394], [51.192429350640516, 35.748959964415604], [51.19244431038592, 35.74918524949974], [51.192412364139415, 35.74922064073044], [51.191117387780686, 35.749223520395454], [51.19111863259382, 35.74976346924425], [51.19176451942246, 35.749770157344564], [51.19178235956754, 35.74980336222395], [51.19178360733071, 35.7503043247369], [51.192100789697456, 35.75031293521386], [51.19211607398064, 35.75057428336066], [51.192447799736826, 35.750573753059555], [51.192448348649684, 35.749516556776605], [51.192481351084744, 35.74949198170374], [51.19277700833456, 35.749491269503835], [51.19279041018613, 35.74895940429075], [51.19310751479563, 35.748949761131975], [51.193106861745655, 35.74867936497356], [51.19281114640926, 35.74867960088871], [51.19277807996717, 35.748655176017834], [51.192773747451135, 35.74813892083923], [51.19247803440605, 35.7481391559285], [51.19244209131029, 35.74810335660819], [51.192441614307214, 35.747905026886265], [51.192459144755766, 35.74787563731868], [51.19277313869495, 35.74786740421882], [51.19277244303419, 35.74759794450338], [51.19247673223592, 35.747598179582866], [51.19244058729558, 35.74755846205447], [51.19244248875166, 35.74708216337751], [51.19247549118728, 35.747057588313126], [51.19277113834103, 35.747056876157195], [51.19277048647395, 35.74678647990812], [51.19245647451982, 35.74678020218239], [51.19243883595174, 35.74675091564673], [51.192439871789155, 35.74654488771966], [51.192474189083256, 35.746516611869914], [51.192769833993616, 35.746515899723754], [51.19278323602895, 35.74598403424133], [51.19310032829772, 35.745974391141466], [51.19309967534343, 35.74570399484888], [51.19247609389731, 35.745704948128754], [51.19243681654948, 35.74567284224218], [51.19243492050351, 35.74520406767976], [51.19245954646866, 35.74516704387725], [51.19275203111326, 35.74517259833547], [51.19276731736529, 35.74543394665225], [51.19309902177489, 35.745433414620976], [51.19309771559836, 35.744892530013274], [51.19278055564614, 35.7448839220541], [51.19277210602408, 35.744640310880186], [51.19280534743833, 35.74462246357731], [51.193760648038925, 35.744620882856246], [51.193774699102384, 35.74435950547571], [51.19406347151732, 35.7443516720153], [51.194091927582924, 35.74438987296432], [51.194093846184636, 35.74516132454073], [51.19442554943689, 35.745160788854974], [51.19442521846115, 35.744926455831376], [51.19445335594774, 35.74489202473449], [51.19542027393106, 35.74488868787784], [51.1954199400474, 35.74465435501029], [51.19545576927359, 35.74461837967087], [51.19641499162025, 35.744616578685225], [51.19642903420203, 35.74435520114659], [51.19674611895965, 35.744345548289644], [51.196745781204, 35.744111215621565], [51.196770222515255, 35.74407811348419], [51.197077244054285, 35.74407451697758], [51.197076577698944, 35.7438041206635], [51.19674488012834, 35.74380466364189], [51.196745217875545, 35.744038996220105], [51.19671327291416, 35.74407438923226], [51.195750173661416, 35.74407677556292], [51.19573612890326, 35.74433815300399], [51.19544735683563, 35.74434599057498], [51.1954189002236, 35.7443077901234], [51.195414985790364, 35.742724873371316], [51.19508329266489, 35.74272541175392], [51.195074782043775, 35.74298123039699], [51.19475216635025, 35.742996437642496], [51.19475249824392, 35.743230770598004], [51.19472805626047, 35.74326387207221], [51.19442103779098, 35.74326746261454], [51.19442136872048, 35.74350179561337], [51.19440047391123, 35.74353321122654], [51.193794120898424, 35.74353872499866], [51.19375797551364, 35.743499008071666], [51.19375606026562, 35.742727556429664], [51.19342436709631, 35.742728090237975], [51.193425532715985, 35.743228988639515], [51.193404454294644, 35.74326432711006], [51.19279041411522, 35.7432683199418], [51.19276216028633, 35.74323403663907], [51.19277606292323, 35.74300866271603], [51.19309314285307, 35.742999019675054], [51.19309183683316, 35.742458134847794], [51.192774686988145, 35.742449526840424], [51.19275940077648, 35.74218817846142], [51.192427709825644, 35.74218870951464], [51.19242803489449, 35.74242304290336], [51.19238828230043, 35.74245921595926], [51.1921082067836, 35.742447959156664], [51.192095834942315, 35.74218923976929], [51.19176414397413, 35.74218976899282], [51.19176479232867, 35.74246016546498], [51.19208194212344, 35.742468776096516], [51.19209722617493, 35.74273012459441], [51.19242891937818, 35.742729594445535], [51.192428594301056, 35.742495260966976], [51.19245303690398, 35.74246216031757], [51.192724050036546, 35.74245887098866], [51.19275711638469, 35.742483295895845], [51.19275461186518, 35.74298181449008], [51.1927252927514, 35.74299946266455], [51.192429662575854, 35.743000174747756], [51.19243156690615, 35.74381061248131], [51.19272731032266, 35.74381131289742], [51.19276037667109, 35.743835737799884], [51.19276503532509, 35.744586418633766], [51.19272528282818, 35.74462259186105], [51.19212284242028, 35.74461883701872], [51.19210163312875, 35.74458362145546], [51.19210038362466, 35.74408265851248], [51.19176868480023, 35.7440831877727], [51.191771279439145, 35.745165049131295], [51.192085284671876, 35.74517132860918], [51.19210292308765, 35.74520061520647], [51.192102831971546, 35.74540283130707], [51.19206364651808, 35.74543511796334], [51.19144013209973, 35.74543615782184], [51.19144077943602, 35.74570655415286], [51.19240776687396, 35.74570677806496], [51.19243602052242, 35.745741061464834], [51.19242998641496, 35.745957717205414], [51.192396744883226, 35.745975564356705], [51.19110962873735, 35.74597766191963], [51.19110995002362, 35.74621199535138], [51.191085506954764, 35.746245095582324], [51.190446675684946, 35.746249202507904], [51.1904473196812, 35.746519598817954], [51.19108976233421, 35.74652334443651], [51.19111076944575, 35.746554642058086], [51.191111568073886, 35.74678903474169], [51.191407275480486, 35.74678880294002], [51.191436632296636, 35.746806324342025], [51.191432216783525, 35.747047333008354], [51.19046630704002, 35.74705385864123], [51.190448669028946, 35.74702457157228], [51.19044787233797, 35.74679017909652], [51.19015216522127, 35.746790408449], [51.19011909921769, 35.74676598253627], [51.19011478391417, 35.746249727350175], [51.189119476398105, 35.7462512961567], [51.18910541049889, 35.74651267310285], [51.18845651427163, 35.74652282579328], [51.188456827797346, 35.7467571596489], [51.188420996420426, 35.74679313184105], [51.188136980647954, 35.74678206455733], [51.188124621327155, 35.74652334514962], [51.18779291229801, 35.74652386347717]], [[51.193468214407524, 35.74435091008857], [51.19342835205071, 35.74431492509728], [51.19343171729589, 35.74383115385958], [51.193463048154584, 35.74381013245012], [51.19373761486568, 35.74381421619043], [51.193758824650494, 35.74384943118992], [51.19375525948109, 35.744329284288625], [51.19372392857946, 35.74435030579873], [51.193468214407524, 35.74435091008857]], [[51.19211092422965, 35.74845045661572], [51.19214693780917, 35.748410559624205], [51.19242489261806, 35.748416657055934], [51.192442732977725, 35.74844986175303], [51.19243649709278, 35.74866259917739], [51.19240325555989, 35.74868044633668], [51.192129222283, 35.74867414979709], [51.19211158380437, 35.748644863178114], [51.19211092422965, 35.74845045661572]], [[51.19214299667222, 35.745164501928016], [51.19210313469054, 35.74512851629297], [51.19211413428792, 35.74490578583188], [51.19242249704516, 35.74490527021697], [51.19242306877592, 35.74515232715312], [51.19214299667222, 35.745164501928016]], [[51.1914452212289, 35.74759997191726], [51.19145927962629, 35.74733859481062], [51.19176183544283, 35.74733809507811], [51.191777118577676, 35.74759944338812], [51.19207282944335, 35.74759920993972], [51.192105895683056, 35.747623635087805], [51.19210105434166, 35.74812531259177], [51.191792958959866, 35.74813137181224], [51.19177767576124, 35.7478700235974], [51.191123144323036, 35.74785640889203], [51.19112812187476, 35.747609610599035], [51.1914452212289, 35.74759997191726]], [[51.19040859454015, 35.74706068455007], [51.19044845594407, 35.74709667099177], [51.19043745184, 35.74731940109651], [51.19012907914252, 35.74731991142162], [51.19012851417682, 35.74707285454922], [51.19040859454015, 35.74706068455007]], [[51.188457200076144, 35.746833299604795], [51.1884932149084, 35.74679340432199], [51.189120663765976, 35.746792180824784], [51.18912034829562, 35.746557846978696], [51.189152295446426, 35.746522457157184], [51.18974762292354, 35.74652094272609], [51.18978356513925, 35.74655674325503], [51.18978435987768, 35.74679113575269], [51.19009837155791, 35.74679742046573], [51.190116009419135, 35.746826707592234], [51.190116480638785, 35.74702503739567], [51.190080649750605, 35.74706101034116], [51.18978500225881, 35.74706171597186], [51.18978146221644, 35.74758149052446], [51.18975013079313, 35.74760251060643], [51.189490484075506, 35.747602920242684], [51.1894545418531, 35.74756711956339], [51.18945374806464, 35.74733272724988], [51.18881129903073, 35.7473289727866], [51.188790292526825, 35.74729767442602], [51.18878950069066, 35.74706328219417], [51.18847548819628, 35.74705699394044], [51.188457850742736, 35.747027706337406], [51.188457200076144, 35.746833299604795]], [[51.18945517070567, 35.74791368934784], [51.189491185195195, 35.74787379359616], [51.1897691377939, 35.747879897265754], [51.18978697728167, 35.74791310271118], [51.18978073441269, 35.74812583983366], [51.189747492640464, 35.74814368602605], [51.18947346155035, 35.74813738333795], [51.18945582381609, 35.74810809600516], [51.18945517070567, 35.74791368934784]]]}}, {"type": "Feature", "properties": {"cls": 1}, "geometry": {"type": "Polygon", "coordinates": [[[51.19610385840394, 35.75300234204838], [51.19610452169449, 35.75327273796384], [51.19643625857361, 35.753272196627684], [51.196450300894035, 35.753010819482306], [51.196767421553666, 35.75300116645074], [51.196766756027614, 35.75273077053383], [51.19643502140223, 35.75273131277446], [51.1964209790258, 35.75299268986172], [51.19610385840394, 35.75300234204838]]]}}, {"type": "Feature", "properties": {"cls": 1}, "geometry": {"type": "Polygon", "coordinates": [[[51.195746200691225, 35.742453845597524], [51.19574686251547, 35.74272424199403], [51.19607855562248, 35.74272370178173], [51.19607789267679, 35.74245330539056], [51.195746200691225, 35.742453845597524]]]}}, {"type": "Feature", "properties": {"cls": 1}, "geometry": {"type": "Polygon", "coordinates": [[[51.195402519928656, 35.737585592321956], [51.195403180472724, 35.73785598894336], [51.195733917070854, 35.73785549729023], [51.19574889829522, 35.73759407193565], [51.19606595515707, 35.73758442099449], [51.1960639662176, 35.73677304716607], [51.19573229779667, 35.73677358726072], [51.19573112909942, 35.73756029668995], [51.19569812712297, 35.73758487299763], [51.195402519928656, 35.737585592321956]]]}}, {"type": "Feature", "properties": {"cls": 1}, "geometry": {"type": "Polygon", "coordinates": [[[51.19572766436293, 35.734880166619845], [51.19572898784179, 35.73542105204525], [51.19606065065223, 35.73542051197733], [51.196059324930445, 35.734879626562616], [51.19572766436293, 35.734880166619845]]]}}, {"type": "Feature", "properties": {"cls": 1}, "geometry": {"type": "Polygon", "coordinates": [[[51.19571376665448, 35.72919990111153], [51.19571442804681, 35.729470298105674], [51.19604606617921, 35.72946975815539], [51.19604540366617, 35.72919936116659], [51.19571376665448, 35.72919990111153]]]}}, {"type": "Feature", "properties": {"cls": 1}, "geometry": {"type": "Polygon", "coordinates": [[[51.194408543597255, 35.738128181784525], [51.19440920079436, 35.7383985783975], [51.19470487382853, 35.738398338588425], [51.19474023265909, 35.738430257353414], [51.19474491992225, 35.74002097302976], [51.195040599738334, 35.740020732375214], [51.19506995691247, 35.740038252591496], [51.1950780134363, 35.740561412501044], [51.19539515590447, 35.740570014268805], [51.19541045050096, 35.74083136255075], [51.19574213576108, 35.74083082329067], [51.19574081192981, 35.740289938353136], [51.1954337453125, 35.74028734986863], [51.195409187100196, 35.74025438264487], [51.1954083760132, 35.74001998918847], [51.1951126963091, 35.7400202306578], [51.19507733729488, 35.73998831204689], [51.19507580226675, 35.73896693866689], [51.19511011901767, 35.7389386617454], [51.19540573203384, 35.73893794321228], [51.19540507145488, 35.73866754663967], [51.195109397365485, 35.73866778808422], [51.19508004011077, 35.738650267887834], [51.195071983682695, 35.73812710788576], [51.194408543597255, 35.738128181784525]]]}}, {"type": "Feature", "properties": {"cls": 1}, "geometry": {"type": "Polygon", "coordinates": [[[51.19275818870378, 35.74164720153059], [51.19275884040617, 35.74191759801141], [51.19307598811535, 35.74192620598314], [51.193091275331355, 35.742187554415146], [51.19342296626396, 35.74218702153224], [51.193437018459996, 35.74192564406091], [51.193725780793656, 35.741917811461505], [51.193754034833255, 35.74195209436895], [51.193755496509446, 35.74245697601959], [51.19408718854689, 35.74245644130171], [51.19408521932782, 35.7416450680361], [51.19342175001419, 35.74164613658385], [51.19342207798312, 35.741880469829695], [51.19338232567276, 35.741916643367816], [51.193102252388044, 35.74190538893112], [51.193089877401434, 35.741646669573086], [51.19275818870378, 35.74164720153059]]]}}, {"type": "Feature", "properties": {"cls": 1}, "geometry": {"type": "Polygon", "coordinates": [[[51.19375221992313, 35.74110462584841], [51.19375287497319, 35.741375022337785], [51.19408456252162, 35.74137448764111], [51.19408390635017, 35.74110409115701], [51.19375221992313, 35.74110462584841]]]}}, {"type": "Feature", "properties": {"cls": 1}, "geometry": {"type": "Polygon", "coordinates": [[[51.19308801000993, 35.7408352041302], [51.19308931592574, 35.74137608910383], [51.19342100349161, 35.74137555623676], [51.19342284885074, 35.74085933540296], [51.193455851121755, 35.74083475997248], [51.19375147229526, 35.74083404548232], [51.193750817262945, 35.74056364896853], [51.19341913307155, 35.74056418273457], [51.19340508078749, 35.74082556019693], [51.19308801000993, 35.7408352041302]]]}}, {"type": "Feature", "properties": {"cls": 1}, "geometry": {"type": "Polygon", "coordinates": [[[51.19176154940651, 35.74110781513599], [51.191762197726504, 35.741378211656944], [51.192425664881256, 35.741377152268406], [51.19243972028154, 35.74111577481968], [51.19275679243115, 35.74110613270602], [51.1927561407551, 35.740835736188615], [51.19242445541542, 35.74083626721553], [51.192424780446764, 35.741070600669275], [51.1923966422692, 35.74110503101049], [51.19176154940651, 35.74110781513599]]]}}, {"type": "Feature", "properties": {"cls": 1}, "geometry": {"type": "Polygon", "coordinates": [[[51.19074750516453, 35.73326522567641], [51.19074814987034, 35.73353562256671], [51.19106210667798, 35.733541904901706], [51.191079744793896, 35.73357119180081], [51.19108040160868, 35.7337655990573], [51.19104438755998, 35.733805495527335], [51.19074879519912, 35.73380620336793], [51.190749439922094, 35.73407660023383], [51.192076345084544, 35.73407448928204], [51.19207309789355, 35.732722137088814], [51.19177744894776, 35.73272237026827], [51.19174130425873, 35.73268265236177], [51.1917410310675, 35.732488240153295], [51.19175856173123, 35.73245885080924], [51.19207244810977, 35.73245155625972], [51.192071798953876, 35.732181159341536], [51.191776152253176, 35.73218139251125], [51.19174308597889, 35.732156967194875], [51.19173811255796, 35.73137022170116], [51.191406466459924, 35.73137074980065], [51.191407217039284, 35.73242424869367], [51.19137289943573, 35.73245252406682], [51.19107731274108, 35.732453232698475], [51.19107008151226, 35.73325002959555], [51.19074750516453, 35.73326522567641]], [[51.19145091881282, 35.733264062444896], [51.191411057032, 35.733228076432425], [51.19142205873655, 35.73300534558069], [51.19173037213946, 35.73300483199166], [51.19173094157836, 35.73325188947419], [51.19145091881282, 35.733264062444896]]]}}, {"type": "Feature", "properties": {"cls": 1}, "geometry": {"type": "Polygon", "coordinates": [[[51.187124878920564, 35.74463147898252], [51.18712677772695, 35.74544285217334], [51.18742247898198, 35.745442630188], [51.18745183540971, 35.74546015290799], [51.18745984260354, 35.74598331233664], [51.189118744326485, 35.74598071594775], [51.189122288746816, 35.74546094110447], [51.189153620170586, 35.74543992124802], [51.189409339225044, 35.74543932611327], [51.1894492003452, 35.745475313047855], [51.189450635000206, 35.74598019385618], [51.19044593912125, 35.74597862232007], [51.190445295142446, 35.74570822598563], [51.18980640922892, 35.74570614788821], [51.18978185268263, 35.74567317874041], [51.18978588186417, 35.74545989618241], [51.18981721320102, 35.74543887608625], [51.19011285411691, 35.74543817048498], [51.190112535767824, 35.74520383674261], [51.190136979060064, 35.745170736881484], [51.19044400628901, 35.745167157395436], [51.19044368697548, 35.74493282369632], [51.19046458287953, 35.74490140932278], [51.19077515621623, 35.744896143389056], [51.190774835938285, 35.74466180973319], [51.190792366859796, 35.744632420618686], [51.19110630389863, 35.74462512846586], [51.19110598265629, 35.74439079485324], [51.191123513484904, 35.74436140565088], [51.191437449336206, 35.74435411262588], [51.19143680204335, 35.74408371623386], [51.190782302103514, 35.74407009954893], [51.190783730561904, 35.743555455907774], [51.191407193238284, 35.74354445920451], [51.191435446585395, 35.74357874299333], [51.19143624610378, 35.74381313584867], [51.19176794381365, 35.74381260750859], [51.19176664671813, 35.7432717227125], [51.19113147727271, 35.74327096682996], [51.191103223940324, 35.74323668289313], [51.19110242540886, 35.74300229016493], [51.190471065742365, 35.74300247757171], [51.19043900514253, 35.742967246571126], [51.19043820856301, 35.742732853924444], [51.18979579759334, 35.74272910462687], [51.189774589092394, 35.74269388831505], [51.18977335425073, 35.74219292552619], [51.1894562060635, 35.74218430861187], [51.18944093046142, 35.74192295992078], [51.188777458661704, 35.74192400286241], [51.18877777303424, 35.74215833688266], [51.18874582568375, 35.74219372655881], [51.18778274814322, 35.74219604900686], [51.187784018241516, 35.74273693402482], [51.18807970835408, 35.74273671045516], [51.18811506555089, 35.742768632100514], [51.18811778487474, 35.7443309819015], [51.18808346659347, 35.74435925594363], [51.18778782994974, 35.74435995663232], [51.18778814147301, 35.7445942907042], [51.187760001901964, 35.7446287192881], [51.187124878920564, 35.74463147898252]], [[51.19044009164893, 35.74350424126494], [51.19040407738984, 35.743544137470025], [51.1901261430263, 35.743538035246054], [51.19010830338242, 35.74350482984091], [51.19011454546866, 35.74329209251359], [51.19014778712193, 35.74327424617982], [51.190421798276645, 35.74328054738393], [51.19043943622442, 35.743309834431905], [51.19044009164893, 35.74350424126494]], [[51.19011216192148, 35.74512769625769], [51.19007614755158, 35.7451675923155], [51.189798206450284, 35.74516148934202], [51.18978036691158, 35.74512828384876], [51.18978660982971, 35.7449155466324], [51.189819851513604, 35.74489770041454], [51.19009386940859, 35.74490400235724], [51.1901115072664, 35.74493328948938], [51.19011216192148, 35.74512769625769]], [[51.18974049371437, 35.745168314953126], [51.18978035492824, 35.74520430172706], [51.18976934896833, 35.745427031794186], [51.189460984110966, 35.74542754030078], [51.18946042116745, 35.74518048333328], [51.18974049371437, 35.745168314953126]]]}}, {"type": "Feature", "properties": {"cls": 1}, "geometry": {"type": "Polygon", "coordinates": [[[51.19012323789332, 35.749766073939924], [51.19012452417962, 35.75030695820265], [51.19078806550368, 35.75030590761964], [51.19078742026541, 35.75003551148556], [51.19047023934618, 35.750026897395195], [51.19045496033396, 35.74976554914513], [51.19012323789332, 35.749766073939924]]]}}, {"type": "Feature", "properties": {"cls": 1}, "geometry": {"type": "Polygon", "coordinates": [[[51.190121951334845, 35.74922509766683], [51.190122594303354, 35.749495493847924], [51.190454315620485, 35.74949496905833], [51.19045367153014, 35.749224572882426], [51.190121951334845, 35.74922509766683]]]}}, {"type": "Feature", "properties": {"cls": 1}, "geometry": {"type": "Polygon", "coordinates": [[[51.18975355062917, 35.73380777700577], [51.18975419198831, 35.73407817388723], [51.1904175986572, 35.73407712575727], [51.190416955055795, 35.733806728886165], [51.18975355062917, 35.73380777700577]]]}}, {"type": "Feature", "properties": {"cls": 1}, "geometry": {"type": "Polygon", "coordinates": [[[51.18645813880621, 35.74328006705874], [51.18646003075307, 35.744091440463116], [51.1874553115325, 35.74408989374015], [51.18746938275557, 35.74382851671273], [51.18778646718254, 35.74381888789433], [51.187785197016865, 35.74327800297394], [51.18645813880621, 35.74328006705874]]]}}, {"type": "Feature", "properties": {"cls": 1}, "geometry": {"type": "Polygon", "coordinates": [[[51.18578576560443, 35.73949425367163], [51.18578639368392, 35.73976465035847], [51.186082071175285, 35.739764431736226], [51.18611742787826, 35.739796354262864], [51.18611847350751, 35.73999856412633], [51.18610094121347, 35.740027952016725], [51.185787022370384, 35.740035230956266], [51.18578885917125, 35.74084566938331], [51.18608458926598, 35.74084638618907], [51.18611765451851, 35.74087081368935], [51.18612257340818, 35.741657557753406], [51.18678604309745, 35.74165652946009], [51.18678541159459, 35.74138613287386], [51.186489727432225, 35.74138635315512], [51.186455332277234, 35.74135823455024], [51.18645124841517, 35.74034467827971], [51.18648726394014, 35.74030478395374], [51.18711465936327, 35.74030357107748], [51.18711402678084, 35.740033174435375], [51.18681834818872, 35.7400333955088], [51.186782991221406, 35.740001473275505], [51.18678454874589, 35.738972845081214], [51.18681980279992, 35.73895162718636], [51.187075491654205, 35.738951422321335], [51.18710484805109, 35.738968945168395], [51.18711285269828, 35.73949210517327], [51.1877763043821, 35.73949107147257], [51.1877737643233, 35.73840920884085], [51.187478092379315, 35.738409431517375], [51.18744873586966, 35.73839190880207], [51.187440729106406, 35.737868748776386], [51.18710905597298, 35.73786926511035], [51.18710285327032, 35.73812192485958], [51.187073533599, 35.73813957115983], [51.18677792256389, 35.73814026929254], [51.186763849009594, 35.73840164646755], [51.18644678691072, 35.73841127255795], [51.186446211636714, 35.7389237937363], [51.18641189301063, 35.738952067070436], [51.18611627848918, 35.73895276358643], [51.186110702199976, 35.739475911986126], [51.18608138242977, 35.73949355796167], [51.18578576560443, 35.73949425367163]], [[51.187070306952315, 35.738410258649694], [51.18711016740696, 35.73844624674834], [51.18709915404707, 35.73866897663023], [51.18679081717727, 35.7386694778819], [51.18679026229775, 35.73842242057094], [51.187070306952315, 35.738410258649694]]]}}, {"type": "Feature", "properties": {"cls": 1}, "geometry": {"type": "Polygon", "coordinates": [[[51.186454985228785, 35.74192762453823], [51.18645624633414, 35.742468509621446], [51.18677339527169, 35.742477134495665], [51.18678866236023, 35.742738483472806], [51.187120355700216, 35.7427379679617], [51.18711972304195, 35.742467571429366], [51.1868240343427, 35.74246779254547], [51.1867909688877, 35.74244336532405], [51.186786675211216, 35.741927109957246], [51.186454985228785, 35.74192762453823]]]}}, {"type": "Feature", "properties": {"cls": 1}, "geometry": {"type": "Polygon", "coordinates": [[[51.185124100285115, 35.740306742389954], [51.185125978490575, 35.741118116257645], [51.18545766513898, 35.741117605351185], [51.18545578356779, 35.74030623149866], [51.185124100285115, 35.740306742389954]]]}}]}