{"type": "FeatureCollection", "features": [{"type": "Feature", "properties": {"cls": 0}, "geometry": {"type": "Polygon", "coordinates": [[[51.23193256487609, 35.74996322280299], [51.23193334926341, 35.75023361822184], [51.2322404621756, 35.75023611271954], [51.232265031267, 35.7502690671818], [51.23226595060544, 35.75050346540464], [51.23256167914771, 35.75050313232887], [51.23259103997632, 35.750520640136756], [51.23259934123093, 35.75104379897831], [51.23291653343321, 35.75105229991076], [51.232931948197084, 35.751313644262325], [51.23326367614194, 35.7513130013828], [51.23327760079918, 35.75105162201658], [51.233594705621755, 35.75104187021796], [51.23359997236225, 35.75051872588997], [51.23362928735313, 35.75050106420015], [51.23392494133763, 35.75050025082076], [51.23392415020712, 35.750229855452226], [51.23362842277448, 35.750230191785725], [51.23359534960003, 35.75020578284087], [51.23359075407262, 35.749689525497885], [51.23325903287375, 35.749690169254315], [51.23324510812018, 35.74995154861173], [51.232939629468056, 35.749949529037025], [51.23292633963212, 35.749420324850895], [51.232262807465204, 35.74942160784591], [51.23225753198212, 35.749944752288734], [51.23222821678017, 35.74996241351379], [51.23193256487609, 35.74996322280299]], [[51.233220604466915, 35.75023117545873], [51.23326047799728, 35.750267140998446], [51.23324959065514, 35.75048987854939], [51.232941205735465, 35.75049050374772], [51.23294051347965, 35.75024344772147], [51.233220604466915, 35.75023117545873]]]}}, {"type": "Feature", "properties": {"cls": 0}, "geometry": {"type": "Polygon", "coordinates": [[[51.230271934827705, 35.749425435077896], [51.23027271358348, 35.74969583055271], [51.230936248119654, 35.749694558526606], [51.23093546711992, 35.74942416306438], [51.230271934827705, 35.749425435077896]]]}}, {"type": "Feature", "properties": {"cls": 0}, "geometry": {"type": "Polygon", "coordinates": [[[51.22161857426546, 35.73997456546987], [51.221619323496355, 35.740244961532035], [51.222254471386464, 35.740245556168844], [51.22228273396039, 35.74027982817639], [51.22228362379859, 35.740514225449196], [51.222615307173456, 35.74051361209709], [51.22261455456799, 35.74024321606531], [51.222297409013045, 35.74023468723433], [51.222282028520254, 35.7399733414671], [51.22161857426546, 35.73997456546987]]]}}, {"type": "Feature", "properties": {"cls": 0}, "geometry": {"type": "Polygon", "coordinates": [[[51.203716593286245, 35.74541599651014], [51.203720728149065, 35.74703883292393], [51.20435212303841, 35.74703857573356], [51.20438418769742, 35.74707380086555], [51.204385025238835, 35.74730819537829], [51.20500862175663, 35.74730718022651], [51.20504693947645, 35.74733547682781], [51.205049816381404, 35.74808635151736], [51.205014556532284, 35.74811844476199], [51.204718907334744, 35.74811918712061], [51.20472029228442, 35.74866007105557], [51.20504302345297, 35.74867417665547], [51.205054183160456, 35.74947096969354], [51.20534990365798, 35.749470703565585], [51.20538430258306, 35.74949881429411], [51.205388775800934, 35.75055235511847], [51.20603777888389, 35.75056036122314], [51.206053107720194, 35.75082170808926], [51.20634883396727, 35.750821439486714], [51.20638190256203, 35.750845859057826], [51.20638632287582, 35.7513621148815], [51.20669343707384, 35.751364675003444], [51.206717998580736, 35.75139763827088], [51.20671884305849, 35.751632032925116], [51.20703603343419, 35.75164060330351], [51.20705136548674, 35.75190195003], [51.20801843152133, 35.75190204806652], [51.20804668984734, 35.75193632547822], [51.208047538232044, 35.75217072029413], [51.2090429183066, 35.75216899463973], [51.20904254435817, 35.75193466444353], [51.2090669819859, 35.75190155805726], [51.21036950237147, 35.751896193182375], [51.2103691245426, 35.751661863200184], [51.21040494936235, 35.75162588105878], [51.212691542298636, 35.751621621228125], [51.212691157673056, 35.75138729163056], [51.21272698180907, 35.75135130843727], [51.214681745583974, 35.75134759710718], [51.21468786181767, 35.75109493919268], [51.214717178684, 35.75107728374305], [51.21501283850412, 35.751076516852976], [51.21502682149993, 35.750815138518725], [51.215675747376395, 35.75080484125273], [51.21568186051699, 35.75055218336088], [51.215711177284504, 35.750534527584406], [51.21600683467312, 35.750533758257816], [51.216006440359976, 35.75029942917672], [51.21603457133899, 35.75026498983395], [51.21832881511534, 35.7502590776339], [51.21832841400622, 35.75002474893835], [51.21835654428573, 35.74999030871113], [51.21932352057942, 35.74998677930762], [51.21932612712945, 35.74919652006367], [51.21935745459647, 35.74917548928697], [51.21965310568641, 35.74917471101441], [51.21965346795645, 35.74866219562842], [51.21968777963761, 35.74863390848487], [51.21998342842135, 35.74863312940771], [51.21999374704479, 35.748103907255995], [51.22031374669557, 35.74809154686108], [51.22031333982287, 35.74785721840257], [51.22033777408593, 35.747824108155946], [51.22064480700923, 35.747820451074645], [51.2206517439368, 35.7470236575014], [51.22097436986253, 35.74700837894822], [51.22097153671844, 35.74568821276054], [51.22100679250496, 35.74565611257683], [51.22130242869984, 35.74565533029841], [51.22129810542548, 35.742975210498074], [51.2213311030453, 35.742950624201875], [51.22162672796301, 35.742949841163984], [51.221626317366685, 35.74271551268414], [51.2216507512432, 35.74268240200301], [51.221957762610124, 35.742678741624395], [51.22195942416305, 35.74216252445945], [51.22199242167232, 35.742137937908], [51.222288043100285, 35.74213715325588], [51.222287291556384, 35.74186675729124], [51.22195560255964, 35.74186736975889], [51.22194950880554, 35.74212002767466], [51.221920192585664, 35.74213768547995], [51.22162457124881, 35.74213846931703], [51.22161060912089, 35.742399848357444], [51.22129353769347, 35.74240956796014], [51.22128819044927, 35.74293271379005], [51.22125887416338, 35.74295037137901], [51.22096324933684, 35.74295115360185], [51.22096889043954, 35.745078897041964], [51.22093306863556, 35.74511488396742], [51.220637434774844, 35.74511566541949], [51.22063725774144, 35.746172857949134], [51.22060425991961, 35.74619744398358], [51.22030862151002, 35.74619822464239], [51.22030900865834, 35.746981227805605], [51.22027469701639, 35.74700951520671], [51.21997905517929, 35.74701029506661], [51.219971367383245, 35.74753660088889], [51.219648739060425, 35.74755187678382], [51.21964914397988, 35.747786205266635], [51.21962470944251, 35.74781931530898], [51.219317676461436, 35.74782296984919], [51.219309984385134, 35.748349275619134], [51.2189873525242, 35.7483645497049], [51.21898775552539, 35.748598878262335], [51.21896332079124, 35.74863198808003], [51.218656284322165, 35.74863564093331], [51.21865668635989, 35.748869969534624], [51.21863579864187, 35.748901392565166], [51.21832521387487, 35.7489067312463], [51.21832595221421, 35.749177126965876], [51.21864313431786, 35.749185666231554], [51.218646696813664, 35.749435350623955], [51.218326691267215, 35.749447706596136], [51.218320586363184, 35.749700364335006], [51.218291269779414, 35.749718020960096], [51.217995616349015, 35.7497187959812], [51.217996016476775, 35.749953124644], [51.21796019380036, 35.74998911023994], [51.21604146405013, 35.74999257171156], [51.21600551406893, 35.74995678310381], [51.21600464240647, 35.749722387198176], [51.21567292067081, 35.749722982455026], [51.215673313994266, 35.74995731151643], [51.21565242540526, 35.74998873363888], [51.215010020740365, 35.749994658057275], [51.2150104121281, 35.75022898721937], [51.21497847264697, 35.75026438788711], [51.21434711629005, 35.750266330009985], [51.21434099896998, 35.75051898790294], [51.2143116819913, 35.75053664321652], [51.21401602444375, 35.75053740846458], [51.21400203820962, 35.75079878668305], [51.21335311209581, 35.75080907494255], [51.2133534986482, 35.75104340434975], [51.213321558670955, 35.7510788043277], [51.21303655303356, 35.75107100917372], [51.21302120186805, 35.75080966303079], [51.21003492900728, 35.75081491399625], [51.21002093005567, 35.75107629197071], [51.209703774064764, 35.751085934666435], [51.209386539812314, 35.751077417366226], [51.20937120031351, 35.75081607088752], [51.20870859184687, 35.75081717633644], [51.20870802844879, 35.75105155419377], [51.20867608707879, 35.751086952229734], [51.20742100261138, 35.751089892231114], [51.20738113629916, 35.75105391407108], [51.20738028989198, 35.750819519405546], [51.2067566641329, 35.750820546848786], [51.20671834598323, 35.75079225102613], [51.206708959520924, 35.74784529499944], [51.206401860055635, 35.74784273479059], [51.20637729857811, 35.747809771369205], [51.20637645518552, 35.74757537670599], [51.20608074257724, 35.74757564524465], [51.206051384256135, 35.747558128687906], [51.20604571655891, 35.74678914677846], [51.2060826392217, 35.746764366868106], [51.206706161834724, 35.74676325118458], [51.20672017148136, 35.74650187313704], [51.20703726300309, 35.7464921926466], [51.20703689505716, 35.74625786183556], [51.20706133329059, 35.746224756155755], [51.20736836192645, 35.74622113319265], [51.20737169506084, 35.74488652253826], [51.20740101264905, 35.744868869516516], [51.207696648043694, 35.74486812069568], [51.207697087057745, 35.74435560311215], [51.207731401205585, 35.74432732094088], [51.20802703429497, 35.74432657131495], [51.20803743156265, 35.74379734881173], [51.20835741608485, 35.74378502099313], [51.208363552260884, 35.7435323624239], [51.2083928697501, 35.74351470907779], [51.20868849935053, 35.743513957836484], [51.208688126634655, 35.743279627165094], [51.208709017207845, 35.74324820722355], [51.20901958037157, 35.74324289376406], [51.20901920669208, 35.74300856313629], [51.20903673247964, 35.74297916915083], [51.209350659147944, 35.74297182877588], [51.20935028450489, 35.74273749819173], [51.20936781019958, 35.742708104118506], [51.209681735679716, 35.74270076287193], [51.209687867743924, 35.7424481043154], [51.20971718510133, 35.74243045053468], [51.210012809966905, 35.7424296960523], [51.21001243339677, 35.742195365555446], [51.21002995890573, 35.74216597130672], [51.21034388200954, 35.742158628316965], [51.210341747873265, 35.74134725582601], [51.21001006077025, 35.74134783534844], [51.21000963641676, 35.74186035277035], [51.209975322649846, 35.74188863588412], [51.20967970018107, 35.74188939035637], [51.20966640914676, 35.742421256855046], [51.20934933513124, 35.74243094442345], [51.20934320200757, 35.74268360292041], [51.20931388453761, 35.742701256567635], [51.20901825858008, 35.74270200942471], [51.20901863225064, 35.74293633996272], [51.20899419453022, 35.742969446337526], [51.20835539393862, 35.74297364855591], [51.20834138943313, 35.743235026790046], [51.20802431176655, 35.74324471081639], [51.208013914423226, 35.74377393329785], [51.20769392992926, 35.74378626027212], [51.207687791665656, 35.74403891878489], [51.207658474030936, 35.744056571888834], [51.20736284215487, 35.74405732069441], [51.20736321100723, 35.74429165145047], [51.20734231998178, 35.74432307101851], [51.20703175213574, 35.7443283802008], [51.2070313953494, 35.74538557506087], [51.20699839525692, 35.74541015579182], [51.206702757648806, 35.74541090299239], [51.20670099802642, 35.745927121684254], [51.206667997878704, 35.74595170228795], [51.20637235796524, 35.74595244868335], [51.20637272395856, 35.746186779517934], [51.20635519737326, 35.746216172835275], [51.20539219782089, 35.746215499170304], [51.20537548161828, 35.74541317599061], [51.20505831745358, 35.745404600982305], [51.205042991921815, 35.745143253853975], [51.20437949402023, 35.74514438292852], [51.20437985415835, 35.74537871414206], [51.204355415054174, 35.745411818930464], [51.203716593286245, 35.74541599651014]], [[51.20634002698136, 35.74892783883104], [51.20637989289934, 35.74896381749312], [51.20636893225546, 35.749186550354956], [51.20606055213515, 35.74918710343555], [51.20605993979019, 35.748940046892365], [51.20634002698136, 35.74892783883104]]]}}, {"type": "Feature", "properties": {"cls": 0}, "geometry": {"type": "Polygon", "coordinates": [[[51.219958964581735, 35.739707121568905], [51.21995970819468, 35.739977517673374], [51.22128670882332, 35.739975084238075], [51.221285960724295, 35.73970468815768], [51.219958964581735, 35.739707121568905]]]}}, {"type": "Feature", "properties": {"cls": 0}, "geometry": {"type": "Polygon", "coordinates": [[[51.216992833640475, 35.74701571832256], [51.216993567422946, 35.74728611415128], [51.21732527901523, 35.747285515287444], [51.21732454411105, 35.747015119464635], [51.216992833640475, 35.74701571832256]]]}}, {"type": "Feature", "properties": {"cls": 0}, "geometry": {"type": "Polygon", "coordinates": [[[51.19843000967396, 35.75435097217065], [51.19843269545387, 35.755432831249095], [51.199759954487995, 35.75543063443302], [51.19977398613545, 35.7551692571892], [51.20009111506125, 35.75515959521106], [51.20009043823984, 35.75488919944588], [51.19879530793091, 35.754890532959735], [51.198763042693784, 35.754851387362685], [51.19876275205169, 35.75465697615714], [51.19878719274921, 35.75462387329615], [51.2004215951303, 35.75461806733903], [51.20042023896433, 35.75407718379708], [51.19909300245895, 35.75407938782698], [51.19909334730366, 35.75431371951485], [51.19906890662892, 35.75434682251272], [51.19843000967396, 35.75435097217065]]]}}, {"type": "Feature", "properties": {"cls": 0}, "geometry": {"type": "Polygon", "coordinates": [[[51.19674887356646, 35.74542759314494], [51.19675020446639, 35.74596847758683], [51.19774550801142, 35.745966845658494], [51.19774417037864, 35.74542596124889], [51.19674887356646, 35.74542759314494]]]}}, {"type": "Feature", "properties": {"cls": 1}, "geometry": {"type": "Polygon", "coordinates": [[[51.22595608263281, 35.74862215176494], [51.22595761128226, 35.74916303489884], [51.226268268937126, 35.74916721446354], [51.22628928627442, 35.74919850129271], [51.226290188069925, 35.74943289874144], [51.22659729691089, 35.74943540775044], [51.22662186432598, 35.74946836416125], [51.22662276710292, 35.7497027616443], [51.226918491546286, 35.749702442461015], [51.2269515635338, 35.749726854011335], [51.22694063593413, 35.74996360708206], [51.22662353425607, 35.74997334109832], [51.226624300688826, 35.7502437366173], [51.2272878399427, 35.75024248469939], [51.227298879598045, 35.749983750161505], [51.2275789698521, 35.749971491373394], [51.227618841785144, 35.75000745966738], [51.22761974749766, 35.75024185726462], [51.22795147111781, 35.750241229052186], [51.22795070019672, 35.749970833558024], [51.22765497465749, 35.74997115519448], [51.22762358892081, 35.74995028596016], [51.22761845705168, 35.74973704276177], [51.227654276791576, 35.749701052806756], [51.22825713068364, 35.74970275880031], [51.22828169859183, 35.74973571463791], [51.2282826062407, 35.74997011233747], [51.229266335204414, 35.74997998963954], [51.229270423038415, 35.75049461647388], [51.22861596812719, 35.750510549067435], [51.22861669271024, 35.75078000919843], [51.22891247050899, 35.75078062042125], [51.22894385633016, 35.75080148919223], [51.22895088320521, 35.751591775649544], [51.22924661581473, 35.751591450712404], [51.22927597631959, 35.75160895961217], [51.22928425605381, 35.75213211837877], [51.22991950346006, 35.752132672120915], [51.229947768339066, 35.75216694115563], [51.229948680931805, 35.75240133898165], [51.230280413461806, 35.75240070431324], [51.23028369098863, 35.75188093402545], [51.2303150170199, 35.75185989928288], [51.230574680877446, 35.75185940139522], [51.230610635023176, 35.75189518335429], [51.23061232990597, 35.75240006859041], [51.231275886876276, 35.75239879460796], [51.23127544778533, 35.752164468246626], [51.23129987876569, 35.752131354219074], [51.23193875092229, 35.7521270296121], [51.2319448132059, 35.751874372577134], [51.23197412836171, 35.75185671143031], [51.232269788272035, 35.75185590210039], [51.23226934628279, 35.751621575884705], [51.23229022995019, 35.75159014871613], [51.23293264441659, 35.751584131632924], [51.23293185661062, 35.75131373629408], [51.23263612481105, 35.751314070202675], [51.232601720233276, 35.751285970792885], [51.23259767557831, 35.75050291633581], [51.23229056162973, 35.75050042268078], [51.23226599246217, 35.75046746819377], [51.23226507312351, 35.75023307007448], [51.231969345904204, 35.75023340232706], [51.23193494146253, 35.75020530263663], [51.23193485420978, 35.74971740309665], [51.2319678500551, 35.74969281263584], [51.23226350099148, 35.74969200335303], [51.23226305907468, 35.749457677031934], [51.23228394274681, 35.74942624987206], [51.23289422491829, 35.74942110869501], [51.232926298070446, 35.74945632185742], [51.23292721932692, 35.74969072020475], [51.233581773873645, 35.749704104221614], [51.233592426396854, 35.75023040817512], [51.233888153986065, 35.75023007184052], [51.233924312933134, 35.75026976996017], [51.23392468897245, 35.750464181273486], [51.23390717015189, 35.75049358196441], [51.2335932171586, 35.750500987472805], [51.23359479758404, 35.75104187014739], [51.23425834313786, 35.75104057975474], [51.23425710270077, 35.75053576653145], [51.23428522817849, 35.750501320229155], [51.23457404002041, 35.75050810156659], [51.23458946006788, 35.7507694457867], [51.23492024932467, 35.75076884620702], [51.23493510508861, 35.75050741885985], [51.23525220730346, 35.7504976626237], [51.23525666730782, 35.749704031031165], [51.23528598213392, 35.74968636879659], [51.235581632435974, 35.7496855513562], [51.235594752648474, 35.74915368443833], [51.23591184910839, 35.74914392645469], [51.23591139651797, 35.748909600738436], [51.23593582611604, 35.74887648512905], [51.236242860625126, 35.74887278797319], [51.236242061703265, 35.748602392576366], [51.23592487920708, 35.748593900443275], [51.235914292171685, 35.74835366905358], [51.235945617462974, 35.748332632286534], [51.236241262029864, 35.74833181324457], [51.23624080849509, 35.748097487546154], [51.23626523799567, 35.74806437182639], [51.23657231234185, 35.74805973722002], [51.23657146906548, 35.7477902784101], [51.236239755820264, 35.7477909303571], [51.23622874450634, 35.74804966510023], [51.23594866298409, 35.74806194450179], [51.23590878859536, 35.74802598025111], [51.23590785864043, 35.747791581531764], [51.235265400283765, 35.747788076323964], [51.23524417638307, 35.747752874556156], [51.23524749342611, 35.74727301881635], [51.23527881880442, 35.74725198229319], [51.23557445901207, 35.747251164906544], [51.23557400745791, 35.74701683904052], [51.23560213254248, 35.74698239224903], [51.23620515189515, 35.74698025288349], [51.23623722602984, 35.74701546466764], [51.23623331959819, 35.747228750741144], [51.236201994264135, 35.747249787602826], [51.23590635433744, 35.74725060662132], [51.23590715208438, 35.74752100208563], [51.2369024723744, 35.74751904612111], [51.23690771778397, 35.7469959016989], [51.236937032444715, 35.7469782389261], [51.23723267121321, 35.746977417467065], [51.23723711192892, 35.74618378556898], [51.23726642655651, 35.746166122689466], [51.23756206189697, 35.74616530043283], [51.23756160454857, 35.74593097485861], [51.23758603365689, 35.74589785869259], [51.23789305551698, 35.745894157345], [51.23789259720602, 35.74565983181503], [51.23791347923683, 35.74562840294803], [51.23822404689205, 35.7456230133429], [51.2382232413665, 35.745352617838456], [51.23626855845425, 35.74535623412059], [51.23623260256919, 35.74532045468582], [51.23623167173391, 35.745086055809104], [51.234269306430065, 35.745088126803765], [51.234241040189325, 35.745053859365086], [51.23424011519761, 35.74481946074913], [51.23357662128081, 35.74482075084804], [51.233565601428936, 35.745079485676214], [51.23328161345095, 35.745091573903736], [51.23324565843819, 35.74505579311076], [51.233244736363645, 35.744821394630875], [51.232270510037935, 35.74481851605951], [51.232249490908885, 35.7447872310144], [51.23224857176056, 35.74455283265947], [51.229926120380206, 35.74455729369537], [51.22992655533078, 35.74479162055182], [51.22989073616543, 35.7448276115365], [51.227936139622884, 35.74483156951471], [51.2279384525672, 35.74564294057895], [51.228234160329166, 35.74564261821787], [51.22826723253451, 35.7456670292672], [51.22826773079954, 35.746432662049365], [51.228236404421004, 35.74645369603145], [51.22794076633869, 35.74645449545619], [51.22794119552079, 35.7466888225639], [51.22791676346119, 35.7467219354516], [51.22760973650487, 35.746725611270875], [51.22761016472398, 35.746959938422634], [51.227589279621654, 35.74699136418198], [51.22727870442603, 35.74699672617069], [51.22727707739216, 35.74751294212554], [51.227244080678545, 35.747537530751075], [51.22694843792058, 35.74753832775187], [51.22694886422248, 35.74777265497853], [51.22693134343335, 35.747802053798], [51.226285594719094, 35.74781006538071], [51.226286359948126, 35.74808046100349], [51.22660353880852, 35.74808897892434], [51.22661576899001, 35.74832565677996], [51.22658277216583, 35.74835024515026], [51.226287125916826, 35.7483510405369], [51.226287550301336, 35.748585367838494], [51.226263117749575, 35.74861848016433], [51.22595608263281, 35.74862215176494]], [[51.23652675252957, 35.74616738632858], [51.236566626993856, 35.74620335027159], [51.23655574857102, 35.74642608857625], [51.23624738059772, 35.74642672257062], [51.236246678615785, 35.74617966642153], [51.23652675252957, 35.74616738632858]], [[51.23652515190024, 35.745626411367766], [51.236565026363806, 35.74566237531379], [51.23655414792419, 35.745885113641336], [51.23624578219583, 35.74588574762187], [51.236245080231825, 35.74563869144838], [51.23652515190024, 35.745626411367766]], [[51.236233197564395, 35.74558694527485], [51.236197198995576, 35.745626862828445], [51.235598076195444, 35.74562651020497], [51.235569809556715, 35.74559224327637], [51.235570734712105, 35.74538621430447], [51.23560896586416, 35.74535772003078], [51.2362041640589, 35.74535827317299], [51.236232430810574, 35.74539253982877], [51.236233197564395, 35.74558694527485]], [[51.23557223220611, 35.74647978780557], [51.23560823089762, 35.74643987056542], [51.235886177146625, 35.74644586605239], [51.2359040317544, 35.74647905852822], [51.23589790996283, 35.74669180128654], [51.23586467235791, 35.74670966424592], [51.23559064802197, 35.74670346818962], [51.235572997378355, 35.746674193228436], [51.23557223220611, 35.74647978780557]], [[51.235248155765326, 35.7491052325379], [51.23521215686287, 35.749145149647376], [51.234934199646865, 35.74913915262867], [51.234916345300945, 35.74910595984402], [51.23492246961074, 35.748893217343934], [51.23495570721992, 35.74887535470365], [51.23522974083254, 35.748881552211884], [51.23524739133175, 35.7489108272217], [51.235248155765326, 35.7491052325379]], [[51.234588209019925, 35.74536880527775], [51.23522255092838, 35.74536754482062], [51.23522879350022, 35.74561431158319], [51.23458336037811, 35.74561560610246], [51.234588209019925, 35.74536880527775]], [[51.234544691339124, 35.7491466456566], [51.2345845652438, 35.74918261055457], [51.234573681486445, 35.749405348384286], [51.23426530110027, 35.74940597711507], [51.23426460493577, 35.74915892106397], [51.234544691339124, 35.7491466456566]], [[51.23454231026634, 35.74833518348406], [51.23458238803563, 35.748375066038385], [51.23458276563506, 35.74856947743394], [51.23455464016842, 35.74860392387168], [51.23362759930727, 35.748607452271905], [51.23358927591117, 35.74857916850562], [51.23358714657617, 35.74837315782727], [51.233615272258206, 35.748338711788264], [51.23454231026634, 35.74833518348406]], [[51.23453913565068, 35.74725323374984], [51.23457900955286, 35.74728919865828], [51.234568125737255, 35.74751193656803], [51.23425975320928, 35.74751256525086], [51.23425905710702, 35.74726550911439], [51.23453913565068, 35.74725323374984]], [[51.233920355773755, 35.74891741166034], [51.23395635502867, 35.74887749517969], [51.23423431141056, 35.74888349450555], [51.23425216548124, 35.74891668743859], [51.23424603940584, 35.749129429894566], [51.234212801649626, 35.749147292259444], [51.23393876716673, 35.74914109241955], [51.233921116982, 35.74911181702202], [51.233920355773755, 35.74891741166034]], [[51.23424400588742, 35.746131813238854], [51.234208006637466, 35.746171729867825], [51.233930061748715, 35.74616573044823], [51.23391220773736, 35.746132537371764], [51.233918334750115, 35.74591979486285], [51.233951572447765, 35.74590193259524], [51.234225593742686, 35.745908132470205], [51.23424324395667, 35.74593740775813], [51.23424400588742, 35.746131813238854]], [[51.23359282329811, 35.74537074201824], [51.23422716527023, 35.74536948690207], [51.234233404889025, 35.74561625375482], [51.23358797170283, 35.7456175427888], [51.23359282329811, 35.74537074201824]], [[51.2329217736465, 35.74783739315169], [51.23296169597756, 35.747797276690214], [51.23388491254356, 35.74779625303734], [51.23391698598892, 35.74783146579075], [51.23391700046812, 35.748033681846266], [51.23387782505777, 35.74806598815449], [51.23295460564887, 35.74806701177433], [51.232922532405105, 35.74803179859192], [51.2329217736465, 35.74783739315169]], [[51.23324624347014, 35.745322284735025], [51.23321024387733, 35.74536220089565], [51.232932302336685, 35.74535619912298], [51.23291444865387, 35.74532300576326], [51.232920578304565, 35.74511026333837], [51.232953816091815, 35.74509240143562], [51.233227834047575, 35.74509860362997], [51.23324548398117, 35.745127879188], [51.23324624347014, 35.745322284735025]], [[51.232875392207006, 35.7456335314641], [51.23291526563743, 35.745669497191], [51.23290437725032, 35.74589223487818], [51.23259601140393, 35.74589285907091], [51.23259532028429, 35.74564580283131], [51.232875392207006, 35.7456335314641]], [[51.231920864685286, 35.74594590340273], [51.231956864628785, 35.74590598786634], [51.23221650373772, 35.74590548651389], [51.232245864535365, 35.74592299444675], [51.23225400118694, 35.746406160833644], [51.232236300436895, 35.746439484723425], [51.23196227884489, 35.746446762712836], [51.231928999367284, 35.746429069882204], [51.231920864685286, 35.74594590340273]], [[51.23164615117696, 35.75185715057405], [51.231606278004385, 35.75182118423917], [51.231617169788585, 35.75159844706971], [51.23192555945643, 35.75159782540268], [51.23192624872006, 35.75184488138647], [51.23164615117696, 35.75185715057405]], [[51.2315489900205, 35.74590658072091], [51.231588863075565, 35.74594254709392], [51.23157797107941, 35.74616528453655], [51.23126960406807, 35.746165905176845], [51.23126891688307, 35.74591884892563], [51.2315489900205, 35.74590658072091]], [[51.2299409696871, 35.74973654963999], [51.229976970304925, 35.749696635010544], [51.2302726216212, 35.74969583062229], [51.23027218553644, 35.74946150395732], [51.230304120347924, 35.749426096924296], [51.23122736395642, 35.74942355640019], [51.23126665043023, 35.74945564401718], [51.23126859269731, 35.74992833937459], [51.231236658091284, 35.74996374683713], [51.2299737935984, 35.74996616950679], [51.22994172123955, 35.7499309550823], [51.2299409696871, 35.74973654963999]], [[51.230924690435735, 35.74567733038374], [51.23096069072092, 35.74563741531268], [51.231238633690275, 35.745643421715634], [51.23125648677305, 35.74567661550165], [51.23125035275928, 35.745889357740154], [51.23121711473472, 35.74590721900751], [51.23094309363755, 35.745901012191645], [51.23092544429581, 35.74587173598081], [51.230924690435735, 35.74567733038374]], [[51.23026389443755, 35.74699100353638], [51.230264394823806, 35.746756628914426], [51.23028882611305, 35.74672351525247], [51.2309030428067, 35.74672233054921], [51.23092781518669, 35.74675920318421], [51.230926142382636, 35.747235503601075], [51.230889223555934, 35.74726029402109], [51.22994287972459, 35.74724749901228], [51.22994774209695, 35.74700069851272], [51.23026389443755, 35.74699100353638]], [[51.23063195960457, 35.745367363986674], [51.23059208672224, 35.74533139713066], [51.23060298141648, 35.74510865986141], [51.230911344173784, 35.745108041026285], [51.23091203026862, 35.745355097320626], [51.23063195960457, 35.745367363986674]], [[51.229934745930656, 35.74757264975011], [51.22997074655299, 35.74753273513252], [51.23024869739691, 35.74753874382994], [51.23026655015853, 35.74757193788868], [51.23026041358654, 35.747784679926845], [51.230227175471015, 35.747802540838954], [51.2299531464909, 35.7477963317617], [51.22993549742362, 35.747767055290545], [51.229934745930656, 35.74757264975011]], [[51.22931020802757, 35.747263314102206], [51.22927033551852, 35.74722734660887], [51.229281233772994, 35.747004609653104], [51.22958960442969, 35.747003994330136], [51.229590286642235, 35.7472510505627], [51.22931020802757, 35.747263314102206]], [[51.2289352305548, 35.746142033503084], [51.228899229485506, 35.746181947658236], [51.22863958946429, 35.74618244184812], [51.22861022894221, 35.746164932735], [51.22860211421256, 35.74568176565797], [51.22861981611049, 35.74564844282995], [51.22889383472985, 35.745641172565186], [51.228927113855576, 35.74565886651844], [51.2289352305548, 35.746142033503084]], [[51.227946004319335, 35.74830782438462], [51.22791000291342, 35.748347738087666], [51.22763204892954, 35.74834172392373], [51.22761419697905, 35.74830852908183], [51.22762034048333, 35.748095787419835], [51.227653578752076, 35.748077927437016], [51.227927609196826, 35.74808414184447], [51.22794525765106, 35.748113418816544], [51.227946004319335, 35.74830782438462]], [[51.22765196230284, 35.74753695245141], [51.227612090263136, 35.74750098415001], [51.2276229930314, 35.74727824749757], [51.2279313648629, 35.74727763661716], [51.227932042154514, 35.74752469286688], [51.22765196230284, 35.74753695245141]], [[51.22628872432177, 35.748932007483354], [51.22632472619209, 35.7488920945594], [51.226602682714145, 35.74889811179155], [51.22662053428278, 35.74893130687209], [51.226614388165025, 35.749144048414955], [51.226581149718854, 35.749161908004524], [51.22630711502886, 35.74915569051501], [51.22628946698029, 35.74912641306908], [51.22628872432177, 35.748932007483354]]]}}, {"type": "Feature", "properties": {"cls": 1}, "geometry": {"type": "Polygon", "coordinates": [[[51.230890257298455, 35.733735871547324], [51.2308933800636, 35.73481773203793], [51.23118904328533, 35.7348174025671], [51.23121840398924, 35.734834910865594], [51.23122669544752, 35.73535807110429], [51.23285325770683, 35.735355747807766], [51.232885330834364, 35.73539096104096], [51.23288625161828, 35.7356253599716], [51.23421317884144, 35.73562278423005], [51.2342127315674, 35.73538845756752], [51.23423716169009, 35.73535534258795], [51.23487589407718, 35.73535100285395], [51.234875444869644, 35.735116676292854], [51.23490737831365, 35.73508126739091], [51.23553860479365, 35.73507921783244], [51.23554465628094, 35.73482656018043], [51.235573971069904, 35.73480889788705], [51.23586955963945, 35.73480807995971], [51.235869107536345, 35.73457375354426], [51.23589353716485, 35.73454063799873], [51.23653226246046, 35.7345362894707], [51.2365306631314, 35.73399540542293], [51.2362135412274, 35.733986913825824], [51.236198116438175, 35.733725569082964], [51.23555932484784, 35.73372373433597], [51.235534754730324, 35.73369078091843], [51.23553289070145, 35.73345633755382], [51.23453868087281, 35.73345832563316], [51.23452766377352, 35.733717061002714], [51.234243723008646, 35.733729151380736], [51.23420776772289, 35.73369337097964], [51.234206843114954, 35.73345897189275], [51.23388416909985, 35.733444946316155], [51.23386956162356, 35.73156620022015], [51.23254270166279, 35.73156877192105], [51.23253509512632, 35.73209507872547], [51.232212534010614, 35.73211038897259], [51.23221297534725, 35.7323447160342], [51.23218854454739, 35.73237783034088], [51.23188157782123, 35.732381516912724], [51.231882018195726, 35.7326158440184], [51.231861134323566, 35.732647271037436], [51.231550619388415, 35.73265264393871], [51.23155033240846, 35.73316515890173], [51.231516023085504, 35.73319345091833], [51.23122044057133, 35.733194258212116], [51.23121515741358, 35.733717404214794], [51.23118584211745, 35.73373506505706], [51.230890257298455, 35.733735871547324]]]}}, {"type": "Feature", "properties": {"cls": 1}, "geometry": {"type": "Polygon", "coordinates": [[[51.2255647614814, 35.727524707253494], [51.225567811523696, 35.72860656926505], [51.22587483381793, 35.72860908043803], [51.225899400994216, 35.72864203716667], [51.22590030114726, 35.72887643542448], [51.226217400233814, 35.728884954681455], [51.226232793013885, 35.729146300644906], [51.22722788531488, 35.729144425554836], [51.22723396291084, 35.728891767215664], [51.22726327852104, 35.7288741076776], [51.22755884401608, 35.72887331025954], [51.22755841639044, 35.72863898212354], [51.22758284851042, 35.72860586945138], [51.228553252071414, 35.72860093573866], [51.228552821541626, 35.72836660776089], [51.22858864102126, 35.728330617465296], [51.22987937794602, 35.728327919748175], [51.229885447283706, 35.72807526150118], [51.229914762630386, 35.7280576010906], [51.23021032425911, 35.72805679716911], [51.23020988889224, 35.72782246945076], [51.23023077319347, 35.72779104298514], [51.23087299068587, 35.72778503768058], [51.23087143000949, 35.727244152805966], [51.2305543370422, 35.727235645920366], [51.23053893050804, 35.726974300346136], [51.23024330008394, 35.72697462801492], [51.23021393939449, 35.72695711938554], [51.23020643324943, 35.7267044469471], [51.2288796535806, 35.72670697795664], [51.228880085027065, 35.726941305853465], [51.228855653224436, 35.7269744189978], [51.22825298616564, 35.72697841977806], [51.22821703263355, 35.726942636630035], [51.22821612574131, 35.726708238078906], [51.22756731752971, 35.72670035182843], [51.227551920549, 35.72643900595092], [51.22655686192065, 35.726440883598514], [51.226546585219545, 35.726970107662126], [51.22589495548667, 35.72698310793362], [51.225889637355976, 35.727506254868], [51.22586032153494, 35.72752391393915], [51.2255647614814, 35.727524707253494]], [[51.225897313461324, 35.72783456519079], [51.225933315488646, 35.727794652535], [51.22619287960691, 35.727794164438784], [51.22622223982757, 35.727811674402325], [51.226230339392224, 35.72829484349191], [51.22621263662415, 35.7283281656415], [51.22593869001595, 35.728335429437976], [51.225905411058115, 35.728317734372524], [51.225897313461324, 35.72783456519079]]]}}, {"type": "Feature", "properties": {"cls": 1}, "geometry": {"type": "Polygon", "coordinates": [[[51.21859343699611, 35.72564414292633], [51.218594175610775, 35.72591453968906], [51.21888980019946, 35.725914240582256], [51.21892287086807, 35.72593865533328], [51.21892737068744, 35.726454914055566], [51.21923793311134, 35.72645911228266], [51.219258948377835, 35.72649040133486], [51.219259829030435, 35.72672479877152], [51.21955545707242, 35.72672449801718], [51.21958481664613, 35.726742010172906], [51.21959228961626, 35.72699468254888], [51.21990937985914, 35.727003218753346], [51.21992475244491, 35.72726456538764], [51.221251542177626, 35.72726213308426], [51.22125113305314, 35.72702780378598], [51.221290877310494, 35.726991616747306], [51.221570889464296, 35.727002804124695], [51.221583354538744, 35.72726152263858], [51.22423702540679, 35.727256606757294], [51.224236601427215, 35.72647360145177], [51.22427091216383, 35.72644531247987], [51.22456646814105, 35.726444522449086], [51.224565108340975, 35.725943628624876], [51.224589723188664, 35.72590659344133], [51.22556009385258, 35.72590168403496], [51.225559672149714, 35.725667355411886], [51.22559941517651, 35.725631166281914], [51.22619814683019, 35.725633083527086], [51.22622271409895, 35.72566604015419], [51.22622361512657, 35.72590043858116], [51.227218667055446, 35.725898563713834], [51.227232611690184, 35.725637183529805], [51.2278813259006, 35.72562682063103], [51.22788089741046, 35.7253924923943], [51.22791671709009, 35.7253565024146], [51.228515672538464, 35.72535689396439], [51.22854393696974, 35.72539116363131], [51.228544844788715, 35.725625562387506], [51.22887646627393, 35.72562493199803], [51.22887491921661, 35.725084046852984], [51.22856436126325, 35.72507987363896], [51.228543343236346, 35.725048587396635], [51.228542435434974, 35.72481418872146], [51.22824681424577, 35.72481451145114], [51.228217453749835, 35.72479700215802], [51.22820995389592, 35.72454432965089], [51.22788995962541, 35.72453318784937], [51.227876704296555, 35.72400398101451], [51.227237994250665, 35.72400210166102], [51.227213426614284, 35.72396914534383], [51.22721158718476, 35.72373470264189], [51.22588579203351, 35.72373724462475], [51.225886214644845, 35.723971573180044], [51.22586178194389, 35.724004685286886], [51.225251450252976, 35.72400715737777], [51.225223186731206, 35.723972886417044], [51.225222288679205, 35.72373848815122], [51.22492667240712, 35.7237388027042], [51.224897312234475, 35.72372129231334], [51.2248890625954, 35.72319813108295], [51.22457198739161, 35.72318960808968], [51.224556600066514, 35.72292826177657], [51.22358989344021, 35.722928295480045], [51.22356163041642, 35.7228940238808], [51.22356073725613, 35.72265962579743], [51.22292954271748, 35.72265998309403], [51.222897472477214, 35.72262476561762], [51.222896581268245, 35.72239036761405], [51.22225433518372, 35.72238679184403], [51.22223331899261, 35.7223555036608], [51.22223242973493, 35.722121105737024], [51.22156912353718, 35.722122328940266], [51.22157027006095, 35.72317582399421], [51.221535958678125, 35.72320411184149], [51.221240372291014, 35.723205831042534], [51.22124490261339, 35.72482773504138], [51.221561984139704, 35.72483626684671], [51.22156818571534, 35.725083035779136], [51.2212456508771, 35.72509831571559], [51.22124605994045, 35.725332645002965], [51.22121412230762, 35.7253680481872], [51.22027957013093, 35.72536881166904], [51.220251104924216, 35.72533062096365], [51.220248935492954, 35.7245591638133], [51.21993185540707, 35.72455062839713], [51.21991648286491, 35.72428928171285], [51.21892145045464, 35.72429109612486], [51.21892424692772, 35.72561126754973], [51.21888899052507, 35.72564336676749], [51.21859343699611, 35.72564414292633]]]}}, {"type": "Feature", "properties": {"cls": 1}, "geometry": {"type": "Polygon", "coordinates": [[[51.222268589214636, 35.735104555107064], [51.22226934050857, 35.7353749513767], [51.22256500486133, 35.735374643102766], [51.222598076134084, 35.735399056393476], [51.22260260010494, 35.73591531448602], [51.222898266746455, 35.73591500538507], [51.22293266925387, 35.735943108868774], [51.222934770981524, 35.73614912069374], [51.222917249046176, 35.736178518408884], [51.222603353267424, 35.73618589463586], [51.222604810013685, 35.73672584367079], [51.22290052855694, 35.736726469896716], [51.22292988845144, 35.736743980925894], [51.22293812608697, 35.737267141044704], [51.22358049582895, 35.73727071261843], [51.2236015123703, 35.737302000307736], [51.2236024060012, 35.737536397886814], [51.223898079509254, 35.737536086304594], [51.223927439500606, 35.73755359700271], [51.223934926307294, 35.73780626896588], [51.2252618905479, 35.73780379181463], [51.225275841126255, 35.7375424122856], [51.22559289161108, 35.737532682162744], [51.22559150936097, 35.73675349110211], [51.2256267640002, 35.73672138893566], [51.22592236231279, 35.7367205954272], [51.22592083460026, 35.7361797111708], [51.22560079247343, 35.73616856333082], [51.225587551524114, 35.73563935736143], [51.22527042458897, 35.73563083643504], [51.225255034714884, 35.73536949074002], [51.224959370174496, 35.73536980553858], [51.224930010005174, 35.735352295185514], [51.22492252014942, 35.73509962317941], [51.22395566205762, 35.735099660364455], [51.22392739891204, 35.73506538894735], [51.22392650438751, 35.734830991324905], [51.22260052571367, 35.73483340580589], [51.222585630150675, 35.73509483300155], [51.222268589214636, 35.735104555107064]]]}}, {"type": "Feature", "properties": {"cls": 1}, "geometry": {"type": "Polygon", "coordinates": [[[51.21170619915788, 35.75541029537131], [51.21170691528402, 35.7556806909154], [51.212002662502634, 35.75568040834089], [51.21203573202906, 35.755704825692895], [51.21204018900906, 35.756221081411304], [51.21234732414929, 35.7562236269386], [51.21237188734062, 35.75625658824155], [51.21237274850313, 35.756490983474656], [51.21268996000041, 35.7564995386084], [51.21270531024329, 35.75676088459879], [51.213037061259826, 35.756760297426624], [51.213043182503, 35.75650763968492], [51.21307249953516, 35.756489984766155], [51.213368182108, 35.75648922184703], [51.213367795388386, 35.75625489259894], [51.21340361932192, 35.756218909081184], [51.214330864915205, 35.756217835424614], [51.21436293255077, 35.756253056343056], [51.21436379955075, 35.75648745185183], [51.21502739119388, 35.756486267385824], [51.215029311900196, 35.75542552108813], [51.21506063993291, 35.755404491847926], [51.21535631764171, 35.7554037240547], [51.21535592512154, 35.75516939509566], [51.215380360858305, 35.75513628652945], [51.21568742499427, 35.75513264207656], [51.21568523559932, 35.75432127162147], [51.21536803272961, 35.75431272440934], [51.215355834706564, 35.75407604475802], [51.21538883332041, 35.75405146074527], [51.21568450535639, 35.75405069216343], [51.2156831997829, 35.75354979911481], [51.215704270544684, 35.75351445356621], [51.21631070576772, 35.75350882852089], [51.21634665574857, 35.75354461695617], [51.2163475285016, 35.753779012853165], [51.21699655996319, 35.753786959227405], [51.217011923907506, 35.754048304940724], [51.21765780152733, 35.754053917560896], [51.21767544711453, 35.75408319727325], [51.217676323775706, 35.754317593331024], [51.21798345176146, 35.75432012440206], [51.21800801662448, 35.75435308376732], [51.21800889426699, 35.754587479859644], [51.21833165282583, 35.754601548742805], [51.218341467004166, 35.75485736544879], [51.218969046716374, 35.75485646299086], [51.219005200595845, 35.75489616806566], [51.21900628162048, 35.75536106661104], [51.21898184689964, 35.755394176456704], [51.21868931971931, 35.75538868755427], [51.21867395037789, 35.75512734212595], [51.218342206264026, 35.755127944822846], [51.218328233970944, 35.75538932308174], [51.21767927075457, 35.75539963501486], [51.217679670088536, 35.755633963459175], [51.21765523497137, 35.75566707284974], [51.21701633072368, 35.75567132155692], [51.21701672812149, 35.755905650102115], [51.21698478924671, 35.75594105162869], [51.216353386171434, 35.755943004448945], [51.216354850250376, 35.75648388727404], [51.21834580863649, 35.756480289807236], [51.21834392944434, 35.755704986671816], [51.21838367451875, 35.75566880093851], [51.21898265580819, 35.75567075335921], [51.21900722096946, 35.75570371237556], [51.219009037137795, 35.7559381527748], [51.21933984903549, 35.75593750400355], [51.219353818080236, 35.755676125641514], [51.21964263605488, 35.75566822919213], [51.219670897862876, 35.75570250214538], [51.2196717804124, 35.75593689841032], [51.22030325098111, 35.755936557176916], [51.22033532039342, 35.755971775592776], [51.220336204897336, 35.75620617193799], [51.22097873157696, 35.75620975691222], [51.22099974738625, 35.75624104534232], [51.22100063384462, 35.756475441767776], [51.22199606668553, 35.7564736087404], [51.22199565468475, 35.75623928097427], [51.2220237838526, 35.75620483932731], [51.22299083671894, 35.75620128014033], [51.22299008240921, 35.755930884822305], [51.222682947184424, 35.75592836656073], [51.22265838086306, 35.75589540877849], [51.22265748955723, 35.75566101220543], [51.222340279971036, 35.75565248372656], [51.22232489895125, 35.755391138648825], [51.22202915166761, 35.75539144652319], [51.2219997917952, 35.75537393524908], [51.221992310591254, 35.75512126415247], [51.2206971749029, 35.75512283358191], [51.22066510529922, 35.755087615288154], [51.2206642198566, 35.75485321895565], [51.220368475036835, 35.75485352273714], [51.220339115326034, 35.754836010913465], [51.22034635050666, 35.75459235677467], [51.220663472741855, 35.75458263961136], [51.22066123288168, 35.75377126935105], [51.22036549255741, 35.75377157311015], [51.220336132846306, 35.75375406128303], [51.22032806746085, 35.75327089348087], [51.22036407136912, 35.753230983317806], [51.220659739097876, 35.753230202514104], [51.22065829457809, 35.75269025489843], [51.220362510236946, 35.75268962328793], [51.220333150525526, 35.752672111457365], [51.22032492905322, 35.75214895276691], [51.22000773444005, 35.752140417974104], [51.21999236096514, 35.75187907252358], [51.21934987050668, 35.75187548204192], [51.21932885512235, 35.751844193056534], [51.2193279736739, 35.7516097967718], [51.21866442270866, 35.75161100482206], [51.21865335566394, 35.751869739038696], [51.218373257213116, 35.75188197653318], [51.21833338779869, 35.75184600372079], [51.21833250926833, 35.75161160757339], [51.21803677823725, 35.75161190557421], [51.21800062459976, 35.751572200005754], [51.2180002872488, 35.75137778869503], [51.21802841762583, 35.75134334858834], [51.218663590491296, 35.75134042536142], [51.21866969428151, 35.75108776763904], [51.21869901075315, 35.75107011087529], [51.218994669821015, 35.75106933419539], [51.21899426674218, 35.750835005653194], [51.21901870139614, 35.75080189585029], [51.21965756498518, 35.750797636700824], [51.219662922450404, 35.750274491404866], [51.21969223882315, 35.75025683431517], [51.219987894337244, 35.750256055204545], [51.21999250535564, 35.749462422253856], [51.22002182169527, 35.749444765057234], [51.2203174737813, 35.749443985147586], [51.22031706686564, 35.749209656754715], [51.220341501126015, 35.74917654650246], [51.22064853965833, 35.74917288939206], [51.22064779346458, 35.74890249371442], [51.22033061228109, 35.74889395973866], [51.22032208160423, 35.74865035211387], [51.22035532053302, 35.74863249478377], [51.220978855627685, 35.74863130507596], [51.2209842046068, 35.748108159669734], [51.22101352084738, 35.74809050214893], [51.22130916713645, 35.74808971982003], [51.221313765258316, 35.747296086685616], [51.22134308146578, 35.747278429057914], [51.22163872432713, 35.74727764593016], [51.221638313592564, 35.74704331766042], [51.22166274746045, 35.74701020696117], [51.22230157905638, 35.74700593383895], [51.22231553885921, 35.74674455489923], [51.222632628124565, 35.746734832573495], [51.22263112210328, 35.74619394909754], [51.22233541298172, 35.74619425759623], [51.22230605307434, 35.746176746402135], [51.22229781910147, 35.74565358714605], [51.221990726654546, 35.74565106695612], [51.22196616055054, 35.745618108901816], [51.221965271519714, 35.745383711992176], [51.22166956585465, 35.74538401884187], [51.22163341098835, 35.74534431494657], [51.22163306492904, 35.74514990336761], [51.22165058716211, 35.74512050600645], [51.22196452026152, 35.745113132244995], [51.221972195187504, 35.74458682619331], [51.222294810672516, 35.74457154404155], [51.22229180312095, 35.74348968466469], [51.22199610527605, 35.74348999229095], [51.2219630340181, 35.74346557878861], [51.22195961205883, 35.7427072018156], [51.22199392326447, 35.74267891373482], [51.22228954693509, 35.742678129071436], [51.22228913440403, 35.74244380069255], [51.222313568082726, 35.7424106897846], [51.22262057820534, 35.742407027707934], [51.22262148248912, 35.74162032266904], [51.22265447988775, 35.74159573586126], [51.22295009894736, 35.74159494958938], [51.22294557469693, 35.73997211373784], [51.22262843021284, 35.739963585790775], [51.222613048669245, 35.739702240042305], [51.222317366505685, 35.739702548405475], [51.22228800659646, 35.739685037190526], [51.222280524885804, 35.739432365407545], [51.22098953141038, 35.73943450519782], [51.22095357999088, 35.7393987187988], [51.22095269407556, 35.73916432176707], [51.22028924647366, 35.73916553841522], [51.22029073626788, 35.7397064226102], [51.221253844199616, 35.739705468936585], [51.22128591388111, 35.739740687012755], [51.22128680078558, 35.73997508417115], [51.222249912148804, 35.73997412250794], [51.2222819821268, 35.740009340165855], [51.222282871956324, 35.740243737449916], [51.22260293044962, 35.740254894158745], [51.22261807191509, 35.74155949616918], [51.222582250594506, 35.741595483828874], [51.22228663162598, 35.741596269285736], [51.22227342350135, 35.742128136314825], [51.22195635333977, 35.74213785769104], [51.22194604731317, 35.7426670803181], [51.22162607059453, 35.74267944515681], [51.221626481190064, 35.742913773533836], [51.221602047238164, 35.742946884239814], [51.2212950348146, 35.7429505437876], [51.22130177199681, 35.74538484244589], [51.22161893884393, 35.745393373783934], [51.22163431735312, 35.74565471944186], [51.221951485375584, 35.745663249883464], [51.22196370214504, 35.74589992870438], [51.22192678190115, 35.745924715326574], [51.22133538593726, 35.74592503712642], [51.22130331615144, 35.74588981906687], [51.22130242905679, 35.74565542225985], [51.22097072431721, 35.74565603206755], [51.22097129933465, 35.7469837121743], [51.22093830156843, 35.74700829834127], [51.22064265985699, 35.74700907983254], [51.22063572289724, 35.74780587333269], [51.220313093625585, 35.747821151062034], [51.22031350049748, 35.74805547941771], [51.22028906615904, 35.74808858968918], [51.21998203217889, 35.74809224593945], [51.21997667669772, 35.74861539133624], [51.21994736027872, 35.7486330485054], [51.219651711649014, 35.74863382758306], [51.21964402179833, 35.74916013326792], [51.21932138665838, 35.7491754082867], [51.219316769022015, 35.749969041254346], [51.21928352991571, 35.749986898192], [51.21832816869891, 35.74998868189718], [51.21832856980723, 35.75022301048988], [51.21829274722894, 35.750258996237584], [51.21600619610211, 35.750263362492525], [51.21600008396663, 35.750516020305625], [51.2159707671524, 35.75053367616674], [51.21567510991786, 35.750534445493834], [51.215661128986305, 35.75079582380845], [51.215012203280274, 35.75080612109475], [51.21500608805174, 35.75105877893052], [51.214976771138694, 35.7510764344648], [51.214681111472665, 35.75107720135537], [51.21468150192184, 35.75131153052195], [51.21465706590342, 35.75134463886845], [51.21368637644506, 35.75134946134755], [51.213687099161554, 35.75161985703984], [51.21399421540885, 35.751622398399434], [51.21401877908421, 35.75165535914882], [51.21401964496926, 35.75188975480371], [51.21431537675948, 35.75188946659095], [51.21434977751524, 35.75191757358807], [51.21435185754439, 35.75212358515641], [51.21433433321346, 35.75215298062144], [51.214020369517335, 35.7521603343887], [51.214021093385, 35.75243073003855], [51.21435282639584, 35.75243013929865], [51.21436681146814, 35.75216876106437], [51.21468392490091, 35.75215905997922], [51.2146826256904, 35.75165816655194], [51.21470033216724, 35.7516248476028], [51.215677936740114, 35.75161630414512], [51.215680579108295, 35.75082604470302], [51.215711907053866, 35.750805015239195], [51.21600756556431, 35.75080424590714], [51.216021545387505, 35.750542867502915], [51.21630653482582, 35.750534033449426], [51.21633880603632, 35.75057317144803], [51.216340939761814, 35.75134462483117], [51.217304192265985, 35.75134370229643], [51.21733626078221, 35.75137892198582], [51.21733713638575, 35.75161331811062], [51.217979624567974, 35.75161691931244], [51.218000842571946, 35.75165212654237], [51.21799541154876, 35.75213535448375], [51.217962172321485, 35.75215321094596], [51.21700678382527, 35.75215498424979], [51.217007181113054, 35.752389312965455], [51.21696743554569, 35.75242549802754], [51.21637217791279, 35.7524248497488], [51.216343917018506, 35.752390575491695], [51.21634304430744, 35.752156179641794], [51.21601131247681, 35.75215677586687], [51.21600520040354, 35.752409433591566], [51.21597588358882, 35.75242708945859], [51.215680218501305, 35.752427858824], [51.21568061190885, 35.75266218775434], [51.215644788552204, 35.75269817231043], [51.215045605986106, 35.75269771732389], [51.21501734548849, 35.75266344256035], [51.21501647665992, 35.75242904690519], [51.214684743667604, 35.75242963947545], [51.21468513415863, 35.752663968576535], [51.21466424528402, 35.752695390404966], [51.214021817952386, 35.75270130959913], [51.21400783178946, 35.7529626877192], [51.21335888771686, 35.75297297607281], [51.21335927433581, 35.753207305375234], [51.21332345029577, 35.753243288880725], [51.21303940709026, 35.75323228197864], [51.2130269685067, 35.7529735642076], [51.21236340594345, 35.75297473753824], [51.212365561511746, 35.753786108351605], [51.21300082082281, 35.75378675155063], [51.213029080641576, 35.753821027050655], [51.213029943675046, 35.75405542247738], [51.21332568432482, 35.75405513667], [51.21335875406981, 35.754079553510394], [51.213347787518444, 35.75431630436518], [51.21303066492999, 35.75432600198226], [51.21303277895356, 35.75513643720789], [51.213346877253, 35.75514359566665], [51.21336452163456, 35.755172876533365], [51.213363539676685, 35.75537890458921], [51.213329226602205, 35.75540718913585], [51.21303354867196, 35.755407952033835], [51.213033934393486, 35.75564228127523], [51.212994187692175, 35.75567846441412], [51.212070871791326, 35.75567932799924], [51.21203880475382, 35.75564410609154], [51.21203794458881, 35.755409710974035], [51.21170619915788, 35.75541029537131]], [[51.22196145178132, 35.74399118976964], [51.221925448320064, 35.74403110066633], [51.22164751218783, 35.744025072399104], [51.22162966220688, 35.743991875860615], [51.22163582151809, 35.743779134729586], [51.22166906032455, 35.743761276933405], [51.221943072971214, 35.74376750524216], [51.221960719744494, 35.74379678383222], [51.22196145178132, 35.74399118976964]], [[51.22159580845494, 35.74619581454528], [51.22163567869217, 35.7462317857737], [51.221624759574155, 35.74645452145239], [51.22131639112956, 35.74645511540475], [51.221315733512164, 35.74620805899165], [51.22159580845494, 35.74619581454528]], [[51.21962433774978, 35.75323214327267], [51.21966420743196, 35.75326811543601], [51.21965328309056, 35.753490850464736], [51.21934488539558, 35.75349143924492], [51.21934423347696, 35.753244383115074], [51.21962433774978, 35.75323214327267]], [[51.21867114565071, 35.75408538294533], [51.218707150125894, 35.75404547355146], [51.21898512810978, 35.75405150858456], [51.21900297718944, 35.754084705793474], [51.218996811172936, 35.75429744619777], [51.21896357203454, 35.7543153030293], [51.218689515816656, 35.754309067994505], [51.21867186989377, 35.75427978851793], [51.21867114565071, 35.75408538294533]], [[51.21767491374672, 35.75381670077611], [51.21771091856356, 35.75377679184773], [51.21831011033409, 35.75377723350774], [51.2183383717415, 35.75381150697713], [51.21833740252659, 35.75401753520756], [51.21829916786488, 35.75404602176384], [51.21770389685695, 35.75404538013167], [51.2176756355626, 35.75401110638938], [51.21767491374672, 35.75381670077611]], [[51.2173763186881, 35.751342804280924], [51.217336449556235, 35.751306830979956], [51.217335910785145, 35.75110850177322], [51.21736034593457, 35.751075392539335], [51.21795929498346, 35.75107126052708], [51.21799628424165, 35.751095860857674], [51.217999704608005, 35.751305562708254], [51.21797526958157, 35.75133867219505], [51.2173763186881, 35.751342804280924]], [[51.21634612682557, 35.75327811997864], [51.216382132098275, 35.75323821167181], [51.21698131946427, 35.75323865997876], [51.217009580473565, 35.7532729339582], [51.21700860783607, 35.753478962182356], [51.21697037291196, 35.75350744814091], [51.21637510629682, 35.75350679990648], [51.2163468454006, 35.75347252565414], [51.21634612682557, 35.75327811997864]], [[51.21667648882355, 35.75273654773515], [51.21671249398363, 35.752696639276415], [51.216990466387244, 35.752702679009204], [51.217008314810506, 35.75273587678337], [51.21700214352686, 35.75294861700576], [51.21696890420925, 35.75296647310862], [51.216694853553925, 35.752960233441385], [51.21667720819127, 35.752930953425754], [51.21667648882355, 35.75273654773515]], [[51.2153912261719, 35.75351028597394], [51.21535135760123, 35.753474311712395], [51.21536229366346, 35.75325157747917], [51.21567069056968, 35.75325099938487], [51.21567133156197, 35.75349805557666], [51.2153912261719, 35.75351028597394]], [[51.214375436179175, 35.75539645247072], [51.214359690687736, 35.75490068553938], [51.21438412672264, 35.75486757731644], [51.21498310734769, 35.75486346006582], [51.21502009614001, 35.75488806164623], [51.215009134379144, 35.755124812714335], [51.21469200878348, 35.755134514800545], [51.214692399358235, 35.75536884377059], [51.214667963347644, 35.755401952133546], [51.214375436179175, 35.75539645247072]], [[51.21436898750595, 35.75298022384446], [51.21500339352398, 35.75297907165332], [51.21500957627852, 35.753225839887], [51.2143640790379, 35.75322702321769], [51.21436898750595, 35.75298022384446]], [[51.21435733213541, 35.75409314643726], [51.21439333808872, 35.7540532390544], [51.214671316144056, 35.75405928421059], [51.21468916380902, 35.7540924826335], [51.21468298646148, 35.75430522251714], [51.2146497469334, 35.75432307777967], [51.21437569060619, 35.75431683276689], [51.214358045891125, 35.75428755213232], [51.21435733213541, 35.75409314643726]], [[51.213403859914706, 35.75486627203416], [51.21336399190627, 35.75483029680777], [51.21337493335846, 35.75460756298457], [51.21368333593813, 35.754606990199484], [51.21368397105372, 35.7548540463633], [51.213403859914706, 35.75486627203416]], [[51.21303627969906, 35.756449820231886], [51.213000273192634, 35.75648972701723], [51.212722285274715, 35.756483677981755], [51.212704438199616, 35.756450478967956], [51.212710620695354, 35.75623773945337], [51.21274386031722, 35.75621988487381], [51.213017924824975, 35.756226133651495], [51.21303556911581, 35.75625541460367], [51.21303627969906, 35.756449820231886]]]}}, {"type": "Feature", "properties": {"cls": 1}, "geometry": {"type": "Polygon", "coordinates": [[[51.22192858113653, 35.732129796076755], [51.22192933119919, 35.73240019248664], [51.22259272260462, 35.73239896699398], [51.22259197029991, 35.73212857059622], [51.22192858113653, 35.732129796076755]]]}}, {"type": "Feature", "properties": {"cls": 1}, "geometry": {"type": "Polygon", "coordinates": [[[51.21460126437725, 35.72132348555235], [51.21460198938751, 35.72159388258115], [51.2148975955024, 35.72159359334653], [51.21493066551338, 35.72161800966585], [51.214935139418586, 35.7221342685465], [51.21523074782092, 35.72213397848569], [51.2152651487627, 35.72216208519595], [51.21526974926578, 35.72321563134826], [51.215576747829914, 35.72321816904219], [51.21560131194357, 35.72325112933536], [51.21560218180886, 35.72348552640489], [51.21591925683804, 35.72349407336314], [51.21593461659442, 35.72375542052326], [51.21658024267075, 35.723761039845655], [51.21659788791687, 35.72379031992797], [51.21659876071307, 35.72402471711206], [51.216894377186755, 35.72402442293625], [51.21692373650227, 35.724041935975904], [51.21693120109512, 35.72429460843355], [51.21792623368059, 35.72429281047903], [51.21792328743063, 35.72321094713013], [51.21761628870277, 35.72320841538188], [51.217591723922844, 35.72317545574827], [51.217590848237776, 35.72294105849677], [51.217295236322485, 35.722941354280145], [51.21725928599259, 35.72290556614217], [51.217258055541684, 35.721888069843466], [51.217292367718336, 35.721859783778314], [51.21758790596715, 35.72185901095728], [51.217587507692684, 35.721624680770994], [51.21760839569124, 35.72159325817526], [51.21822595160039, 35.72159045268634], [51.2182505164985, 35.72162341207232], [51.21825139408344, 35.72185780957499], [51.21891469823591, 35.721856604667956], [51.21891429607866, 35.72162227470902], [51.21895404100635, 35.72158608882819], [51.22020862954123, 35.721584567328094], [51.22024069889665, 35.72161978590746], [51.22024158230918, 35.72185418368381], [51.22156828229924, 35.72185174820507], [51.2215675337471, 35.72158135131339], [51.22093634836846, 35.72158169811531], [51.22090427872184, 35.72154647980054], [51.22090339337516, 35.72131208202519], [51.22026470641719, 35.72131016546679], [51.22024014085339, 35.72127720673919], [51.2202392574578, 35.72104280904376], [51.21960807669078, 35.72104314885743], [51.21957600743962, 35.72100792998468], [51.21957512599505, 35.72077353236915], [51.218932893705095, 35.72076993874233], [51.21891187848053, 35.72073864953708], [51.21891099898695, 35.72050425200152], [51.21758432110002, 35.72050665810578], [51.217578213164664, 35.72075931722814], [51.21754889652274, 35.72077697354315], [51.21725336290851, 35.72077774634265], [51.21725376018609, 35.72101207652229], [51.217217937271776, 35.72104806167483], [51.21661532088552, 35.72104629938166], [51.21659075640511, 35.72101333939649], [51.216589883701566, 35.72077894219176], [51.21526320105658, 35.7207813227224], [51.21525708588215, 35.72103398194361], [51.215227769009836, 35.721051637493915], [51.214932233838006, 35.72105240459472], [51.21491824981164, 35.721313784211354], [51.21460126437725, 35.72132348555235]]]}}, {"type": "Feature", "properties": {"cls": 1}, "geometry": {"type": "Polygon", "coordinates": [[[51.21564009246465, 35.73755102369687], [51.21564519743433, 35.73944434916477], [51.21730396060502, 35.739441364590675], [51.21730356275097, 35.73920703519973], [51.217339385536526, 35.7391710499601], [51.21929384473794, 35.73916726473134], [51.21929310339812, 35.738896868578266], [51.21764888931106, 35.73889073870518], [51.217633163044646, 35.73784629562399], [51.21766747514314, 35.73781800935274], [51.217963079447834, 35.73781723539099], [51.21796267970167, 35.737582906035165], [51.21798711467922, 35.7375497966289], [51.21829410541513, 35.73754614573121], [51.218293704706014, 35.737311816419165], [51.218321835008844, 35.737277376248336], [51.219952177005375, 35.737272636531706], [51.2199517714476, 35.73703830749125], [51.219972658735706, 35.737006884128505], [51.220614954767285, 35.737000933554874], [51.22062892021105, 35.736739554255294], [51.220945968343266, 35.73672983660619], [51.22094297990231, 35.73564797571736], [51.220315559650764, 35.73564888783802], [51.220279405254914, 35.735609183271364], [51.220279062677555, 35.73541477125193], [51.22029658530494, 35.73538537427883], [51.22061047830316, 35.73537800424331], [51.22062444380194, 35.73511662486994], [51.2209414852073, 35.73510690725759], [51.22095544965552, 35.73484552785284], [51.2212724898677, 35.73483580935703], [51.22127024545517, 35.734024436460984], [51.22097458704513, 35.734024741442944], [51.220945227263734, 35.73400722977188], [51.220937002785874, 35.73348406943126], [51.220605348531535, 35.73348467805278], [51.220594287198175, 35.733743413142186], [51.22031426408979, 35.73375565500517], [51.22027439413404, 35.733719683070255], [51.22027351034336, 35.73348528589319], [51.21828312474006, 35.73348891326138], [51.21828143907871, 35.73400513160349], [51.21824844086603, 35.734029716684915], [51.21795285247174, 35.73403049138514], [51.217953252106675, 35.73426482080863], [51.217935728766335, 35.73429421718839], [51.216958340458746, 35.73430277842231], [51.21695296458895, 35.73482592528351], [51.21692364787753, 35.7348435814239], [51.21662805587003, 35.73484435287946], [51.21662782481174, 35.73590154793275], [51.216594826322655, 35.735926132375575], [51.21629922976874, 35.73592690303778], [51.21629899448309, 35.73698409794681], [51.21626599593891, 35.737008682264644], [51.21597039483832, 35.73700945213342], [51.21595714493175, 35.73754131932923], [51.21564009246465, 35.73755102369687]], [[51.22031798853937, 35.7351080965223], [51.220278118581945, 35.73507212459441], [51.22028904160596, 35.73484938870052], [51.220597362042014, 35.73484879769328], [51.220598017257956, 35.73509585463057], [51.22031798853937, 35.7351080965223]], [[51.21994415124872, 35.73433734842281], [51.21998015530851, 35.73429743851366], [51.22027574460146, 35.73429665891664], [51.22027533816668, 35.734062329788784], [51.22029977245707, 35.73402921959954], [51.220570750162906, 35.73402586718218], [51.22060382110705, 35.73405028125438], [51.22060817594149, 35.73452654846842], [51.22058355965792, 35.73456358230376], [51.21997314015342, 35.73456602779373], [51.21994487819958, 35.734531754852696], [51.21994415124872, 35.73433734842281]], [[51.219945418615104, 35.73479825155637], [51.21990941445342, 35.73483816147723], [51.21963151643299, 35.73483212835031], [51.21961366712859, 35.734798931217874], [51.21961983192436, 35.7345861899307], [51.219653070906304, 35.734568332889374], [51.219927045461006, 35.734574565989], [51.219944691657844, 35.734603845144875], [51.219945418615104, 35.73479825155637]], [[51.21861863065608, 35.73488074322097], [51.21865463516939, 35.73484083392714], [51.218932533475886, 35.73484686935401], [51.21895038250585, 35.73488006663367], [51.21894421595326, 35.7350928078644], [51.218910976824176, 35.73511066463136], [51.21863700028029, 35.735104429206565], [51.21861935439732, 35.73507514966425], [51.21861863065608, 35.73488074322097]]]}}, {"type": "Feature", "properties": {"cls": 1}, "geometry": {"type": "Polygon", "coordinates": [[[51.220597143375386, 35.730509305568305], [51.22059788889373, 35.73077970207555], [51.220929531930175, 35.73077909351429], [51.220928785291036, 35.730508697013086], [51.220597143375386, 35.730509305568305]]]}}, {"type": "Feature", "properties": {"cls": 1}, "geometry": {"type": "Polygon", "coordinates": [[[51.216009850606774, 35.75161580067805], [51.2160105811887, 35.7518861963171], [51.21634231189568, 35.751885600097935], [51.2163415801918, 35.75161520446479], [51.216009850606774, 35.75161580067805]]]}}, {"type": "Feature", "properties": {"cls": 1}, "geometry": {"type": "Polygon", "coordinates": [[[51.21498165565936, 35.73944562857825], [51.214982382438656, 35.739716024783945], [51.21531406266404, 35.73971543157461], [51.21531333476346, 35.7394450353748], [51.21498165565936, 35.73944562857825]]]}}, {"type": "Feature", "properties": {"cls": 1}, "geometry": {"type": "Polygon", "coordinates": [[[51.2139443808604, 35.72375906731027], [51.213946550145394, 35.72457044198878], [51.21427816758419, 35.724569851851065], [51.21427777893327, 35.72433552122799], [51.214302215027104, 35.72430241312873], [51.21494085977404, 35.724298179852674], [51.2149425674395, 35.72378196010801], [51.21497556611653, 35.72375737634245], [51.215271112644764, 35.72375660918761], [51.21527038531613, 35.72348621226811], [51.21427536258641, 35.72348798822661], [51.214261376522124, 35.723749367694055], [51.2139443808604, 35.72375906731027]]]}}, {"type": "Feature", "properties": {"cls": 1}, "geometry": {"type": "Polygon", "coordinates": [[[51.213357443753864, 35.75243200086345], [51.21335816538659, 35.75270239651276], [51.21368989953955, 35.75270180759741], [51.21368917678483, 35.75243141195392], [51.213357443753864, 35.75243200086345]]]}}, {"type": "Feature", "properties": {"cls": 1}, "geometry": {"type": "Polygon", "coordinates": [[[51.212991749453096, 35.739719657180224], [51.212992469512486, 35.73999005340874], [51.21365592427596, 35.739988876976206], [51.21365520197368, 35.73971848075933], [51.212991749453096, 35.739719657180224]]]}}, {"type": "Feature", "properties": {"cls": 1}, "geometry": {"type": "Polygon", "coordinates": [[[51.20074265288737, 35.75028980061168], [51.20074401104563, 35.750830684484264], [51.20138294092954, 35.750832704097526], [51.20140750085862, 35.750865669197445], [51.201408329757896, 35.75110006313584], [51.20336315521856, 35.751097012739244], [51.20339910141544, 35.75113280706686], [51.20339993615852, 35.751367201271094], [51.20568658912653, 35.7513635516013], [51.2057225360024, 35.75139934487222], [51.20572337756214, 35.75163373938816], [51.20636586453452, 35.75163740290757], [51.20638687609169, 35.75166869583225], [51.206387719604834, 35.751903090429074], [51.206694836049934, 35.75190565054012], [51.206719397557826, 35.751938613805436], [51.20672024205173, 35.752173008437026], [51.20704298822784, 35.75218710847275], [51.20705276674424, 35.75244292550621], [51.207688014312644, 35.752443596848416], [51.20771627254029, 35.752477874384724], [51.20771711996851, 35.75271226913192], [51.20801285430048, 35.75271199641152], [51.20804423741874, 35.75273287273365], [51.20805387458681, 35.75460510928997], [51.20938111907861, 35.75460280636086], [51.209395119990255, 35.75434142851459], [51.209712243476886, 35.75433174073558], [51.209711534133085, 35.754061345095984], [51.209415794119906, 35.75406162192312], [51.20938043157252, 35.75402970960579], [51.209376310312955, 35.75274947387043], [51.20940093038985, 35.75271244400644], [51.210039811745716, 35.752708236034394], [51.21003943486442, 35.752473906034666], [51.21007137574029, 35.75243850744858], [51.21103457623261, 35.75243600615646], [51.211034196442995, 35.75220167631402], [51.21107394360798, 35.75216549415455], [51.21233284771969, 35.75216499916902], [51.21236110733701, 35.752199274929886], [51.21236268698334, 35.752704157960764], [51.2126944211651, 35.75270357179098], [51.21269709286869, 35.751913312155324], [51.212732343761736, 35.75189208399632], [51.21335590752319, 35.75189093370827], [51.21335446398141, 35.75135005036278], [51.21269091491111, 35.75135122545413], [51.212691299535884, 35.751585554948846], [51.212655475298035, 35.751621538145585], [51.210368882830146, 35.75162579738088], [51.21036926065822, 35.75186012726022], [51.21034482335133, 35.751893234126435], [51.20904230324491, 35.75189859882795], [51.20904267719254, 35.75213292892129], [51.20900685188043, 35.75216891046559], [51.20807584940945, 35.752168996734426], [51.20804759099795, 35.75213471930365], [51.20804674261298, 35.75190032459126], [51.20706906136871, 35.75189523148516], [51.207051418702605, 35.751865948883136], [51.20705057324383, 35.75163155429765], [51.2067434580082, 35.75162899501775], [51.20671889642517, 35.751596031725555], [51.20671805194716, 35.751361637174824], [51.20642232356538, 35.75136190660298], [51.2063929652129, 35.75134439016706], [51.20638483455477, 35.75082123130898], [51.206067647765316, 35.750812659086044], [51.20605231888119, 35.75055131229089], [51.20542869551852, 35.7505523328423], [51.20539170812786, 35.75052772719211], [51.205385904407706, 35.74947049568667], [51.2050631699088, 35.749456390946236], [51.20505201017243, 35.74865959798057], [51.20475629324579, 35.748659863275705], [51.20472034656212, 35.74862406953552], [51.20472565511309, 35.748136924647376], [51.204754972965134, 35.74811927249187], [51.20505062231679, 35.74811853013378], [51.205048541429626, 35.747307158175865], [51.20441714442565, 35.747307418945965], [51.20438507967225, 35.74727219380213], [51.20438424213056, 35.74703779939288], [51.203760648156454, 35.747038811203915], [51.203721368124334, 35.74700671063028], [51.20371965819689, 35.74544066163753], [51.20375658122688, 35.745415882715584], [51.20438009313989, 35.7454147791229], [51.20437973300099, 35.745180447806504], [51.20440786748844, 35.74514601291351], [51.20501468035827, 35.745144976647104], [51.20504293777909, 35.74517925522908], [51.20504377720944, 35.74541364991343], [51.20536649496553, 35.745427754669755], [51.205377657640454, 35.74622454812582], [51.2063729638442, 35.7462228448081], [51.2063869745683, 35.74596146675543], [51.20670406391802, 35.745951787166454], [51.20670950593053, 35.74542864057629], [51.20673882358464, 35.74541098777189], [51.20703446134684, 35.745410240571836], [51.20704083309265, 35.744342957906326], [51.207363451334274, 35.74432771688792], [51.20736308248113, 35.74409338602901], [51.20738752061943, 35.74406028024367], [51.20769454022115, 35.744056656472274], [51.20769417040431, 35.743822325656964], [51.20771506126741, 35.74379090601746], [51.20802562686329, 35.74378559514078], [51.208027378069914, 35.74326937632872], [51.20806037790474, 35.74324479520195], [51.208356006445996, 35.743244044781534], [51.208355634709974, 35.74300971404036], [51.208373160684346, 35.742980320232185], [51.209018873321604, 35.742972405651344], [51.209032875667695, 35.742711027295734], [51.2093499509851, 35.74270134065665], [51.2093495763502, 35.742467010059464], [51.20937401389656, 35.742433903596584], [51.20968102640403, 35.742430274746255], [51.20968145283786, 35.741917757234276], [51.20971576657651, 35.74188947424752], [51.21001138919934, 35.741888719775794], [51.21002177357403, 35.74135949704251], [51.21067352658901, 35.74134658336366], [51.21067210174809, 35.74080569897401], [51.21000864007839, 35.74080685897436], [51.20999464080373, 35.741068237403795], [51.20967757246738, 35.741077925832926], [51.209669817046986, 35.741604232529156], [51.20934721072762, 35.741619479956036], [51.20933682197975, 35.74214870259094], [51.20901684452724, 35.74216103313829], [51.20901721818149, 35.74239536370245], [51.20898908500367, 35.742429800372975], [51.20835398435611, 35.74243267227111], [51.20834784812284, 35.742685330815405], [51.20831853055423, 35.74270298413422], [51.20802290440986, 35.742703734544605], [51.208023275165246, 35.742938065252694], [51.208002384331145, 35.742969485018534], [51.20636467866766, 35.742977079615585], [51.20635066780137, 35.74323845773309], [51.20603354609016, 35.743249072951905], [51.206034983299794, 35.74378902074945], [51.20633068033774, 35.74378875228301], [51.20636507946295, 35.743816862621266], [51.20636801964455, 35.74428943977347], [51.206343398435074, 35.74432646856889], [51.204081629014986, 35.74433318221478], [51.20404568253107, 35.74429738815305], [51.20404484604943, 35.744062993665196], [51.203381357071805, 35.74406411720532], [51.203375893356394, 35.744587264056555], [51.2033465752941, 35.7446049157389], [51.20305094036722, 35.744605653951815], [51.20304817303751, 35.745395915596376], [51.20301684335314, 35.74541694046581], [51.20272120499957, 35.74541767787853], [51.20272010556276, 35.74620438514784], [51.20268710475076, 35.74622896420115], [51.202391462970354, 35.746229700813636], [51.202390360353746, 35.74701640801783], [51.20235735948658, 35.747040986944825], [51.202061714279196, 35.747041722757004], [51.20206376483473, 35.74785309490151], [51.202359478195646, 35.747852836149626], [51.202392546132806, 35.74787725728487], [51.202394468928034, 35.74863933608338], [51.202361468061255, 35.74866391501633], [51.20206581612359, 35.74866465085928], [51.2020640267954, 35.749180869825814], [51.20203102587338, 35.74920544863144], [51.20173537163015, 35.74920618366888], [51.201735724111494, 35.74944051513925], [51.20171819622468, 35.74946990722554], [51.201072428230184, 35.749477782636], [51.201071312891706, 35.75026448957953], [51.20103831180387, 35.75028906800119], [51.20074265288737, 35.75028980061168]]]}}, {"type": "Feature", "properties": {"cls": 1}, "geometry": {"type": "Polygon", "coordinates": [[[51.203362784340314, 35.736760932285364], [51.2033648473196, 35.73757230575407], [51.203660518176264, 35.737572043934136], [51.203695879216255, 35.73760395879061], [51.20369936655316, 35.738653698257984], [51.20403104261119, 35.73865313617259], [51.204030683642976, 35.73841880447323], [51.2040626263314, 35.7383834084462], [51.20535742005298, 35.738380390054026], [51.20536714060048, 35.73758067860321], [51.20568709995304, 35.73756835813529], [51.20569324461637, 35.737315699150244], [51.20572256236709, 35.73729804669844], [51.20601816667562, 35.737297302101965], [51.20601780191842, 35.7370629706768], [51.20604593592009, 35.73702853518528], [51.20701275357317, 35.73702510537462], [51.20702676246928, 35.73676372686509], [51.2073438135452, 35.736754045691654], [51.20734344491837, 35.7365197144668], [51.207367883070795, 35.736486608711125], [51.20767487127331, 35.73648298509304], [51.207673799364535, 35.73597816545827], [51.207701932868346, 35.73594372933912], [51.21195030345032, 35.735934788764276], [51.211986252146374, 35.735970579244544], [51.21198711171547, 35.73620497527942], [51.21298229278824, 35.73620321770317], [51.21298157286344, 35.73593282130388], [51.2126644467891, 35.735924266565185], [51.21264909717942, 35.73566291971416], [51.21235343315877, 35.73566320352111], [51.212324074219396, 35.73564568900892], [51.212316623739206, 35.73539301718591], [51.21168532481147, 35.73539331580577], [51.21165325790503, 35.73535809366617], [51.21165239933237, 35.735123697746715], [51.21101004894588, 35.735120062042895], [51.21098883327485, 35.73508485248452], [51.21098746589534, 35.73458388615693], [51.2106918065835, 35.734584165863915], [51.21065585817467, 35.73454837477013], [51.210653053332706, 35.733264204119756], [51.21068831169219, 35.73323210847737], [51.21098389825246, 35.73323135173009], [51.210988599637076, 35.73243771569852], [51.2110179168604, 35.73242006151047], [51.21131349999581, 35.732419303964], [51.211313119843666, 35.73218497320999], [51.21134125225478, 35.73215053571635], [51.211976267220436, 35.7321476483902], [51.21197588513412, 35.73191331773655], [51.21200401734584, 35.731878879991264], [51.21263902992957, 35.731875989168955], [51.21263759229601, 35.731335103994724], [51.211642471769714, 35.73133685851419], [51.211642852867534, 35.73157118914794], [51.21161841591882, 35.73160429638921], [51.210979710104866, 35.73160851226674], [51.21097358181672, 35.731861171189294], [51.21094426451396, 35.731878825350854], [51.21064868371182, 35.731879582071905], [51.210649061912534, 35.7321139128496], [51.210624624667446, 35.73214701975128], [51.20932243229235, 35.73215238639109], [51.20932280661642, 35.732386717382404], [51.209298368975325, 35.732419823829495], [51.208659655941325, 35.732424027377306], [51.20865694298685, 35.73321429005756], [51.2086256140421, 35.73323531692306], [51.20833002719992, 35.73323606796395], [51.2083303986428, 35.733470399072885], [51.20830596070634, 35.733503505182476], [51.207998985083755, 35.73350713045901], [51.20799723322499, 35.73402335008664], [51.207964233295804, 35.73404793116265], [51.20766864296652, 35.734048680588806], [51.207654636055906, 35.734310059189795], [51.206674095287426, 35.73432088274136], [51.20667446190617, 35.734555214081155], [51.20665002347606, 35.73458831962533], [51.20601129193889, 35.73459250913172], [51.20600514820416, 35.73484516815178], [51.20597583040734, 35.73486282068094], [51.205680236342296, 35.73486356523094], [51.205666223099264, 35.735124943678315], [51.20534917850198, 35.73513462041449], [51.20534872402217, 35.7356471391071], [51.20531440929365, 35.735675420269466], [51.2050188117414, 35.73567616320443], [51.20500548974569, 35.73620803007349], [51.20402492470294, 35.736218831991536], [51.204018774801746, 35.736471491029945], [51.203989456807214, 35.736489142907296], [51.20369385564358, 35.736489882596366], [51.20367983609299, 35.73675126085289], [51.203362784340314, 35.736760932285364]]]}}, {"type": "Feature", "properties": {"cls": 1}, "geometry": {"type": "Polygon", "coordinates": [[[51.21133360287093, 35.73999307060301], [51.21133431733184, 35.74026346684828], [51.21232954895396, 35.74026171450007], [51.2123288311285, 35.73999131827215], [51.21133360287093, 35.73999307060301]]]}}, {"type": "Feature", "properties": {"cls": 1}, "geometry": {"type": "Polygon", "coordinates": [[[51.20440508237345, 35.75515243428581], [51.20440715732818, 35.75596380521589], [51.204724365311776, 35.7559723817368], [51.20473969007601, 35.756233728482336], [51.20639880281487, 35.756230893115195], [51.2063981046299, 35.75596049750421], [51.206102357187746, 35.75596076620515], [51.20606795802641, 35.75593265578749], [51.20607101280356, 35.75516734112358], [51.20610425302423, 35.75514948896152], [51.206381469207976, 35.755158083668825], [51.20639679925082, 35.75541943029882], [51.20669254464553, 35.755419160790964], [51.20672190294901, 35.75543667712889], [51.206729336416565, 35.755689348074846], [51.20706108311131, 35.75568877740115], [51.20707509141352, 35.75542739973991], [51.2073922198905, 35.7554177181697], [51.207391518366066, 35.755147322539045], [51.207095774163996, 35.755147593673236], [51.20705962424386, 35.755107883004236], [51.20705931342545, 35.75491347182495], [51.2070768397498, 35.75488407833286], [51.20739081618162, 35.7548767429732], [51.20739011467589, 35.754606347318166], [51.206751152924134, 35.75460435972724], [51.206726591335645, 35.754571396446686], [51.20672574676887, 35.754337002020556], [51.20607671232118, 35.7543289996646], [51.20606138332563, 35.7540676530268], [51.20539781138301, 35.7540687879619], [51.20539166618431, 35.754321446105685], [51.20536234831685, 35.754339098473835], [51.20506667337804, 35.75433984176793], [51.20505265862928, 35.75460121929116], [51.2047355331272, 35.754610894657596], [51.20472511476791, 35.75514011609016], [51.20440508237345, 35.75515243428581]], [[51.20639545984633, 35.754918535568784], [51.20643146852669, 35.75487863189472], [51.206709450075714, 35.754884695724044], [51.2067272951307, 35.75491789638519], [51.20672109688577, 35.755130635269026], [51.20668785663808, 35.7551484876375], [51.20641379674739, 35.755142224219284], [51.206396154260744, 35.755112941449646], [51.20639545984633, 35.754918535568784]], [[51.206047540668315, 35.75434718962119], [51.206048858398795, 35.754870005848765], [51.20574627175329, 35.75487054295309], [51.20573942022814, 35.754353286310575], [51.206047540668315, 35.75434718962119]], [[51.20477822409063, 35.75569273120465], [51.20473835852503, 35.75565675177147], [51.20473785090311, 35.75545842256736], [51.20476228981378, 35.755425317650044], [51.20536127534476, 35.7554212484497], [51.20539826263539, 35.75544585410561], [51.2054016502543, 35.75565555676094], [51.20537721146659, 35.75568866193124], [51.20477822409063, 35.75569273120465]]]}}, {"type": "Feature", "properties": {"cls": 1}, "geometry": {"type": "Polygon", "coordinates": [[[51.20606914642858, 35.75704301659222], [51.20606984352851, 35.75731341216004], [51.20673344238486, 35.75731227342854], [51.20674745169624, 35.757050895860516], [51.20706458697869, 35.757041215146124], [51.20706388652072, 35.75677081958304], [51.20640029217398, 35.75677196012274], [51.206386281745324, 35.75703333761321], [51.20606914642858, 35.75704301659222]]]}}, {"type": "Feature", "properties": {"cls": 1}, "geometry": {"type": "Polygon", "coordinates": [[[51.19936682927805, 35.730816843961925], [51.19936817716293, 35.73135772963462], [51.1996752073722, 35.731360308050455], [51.199699766773946, 35.73139327379594], [51.199700590248995, 35.73162766832058], [51.20001769641514, 35.73163625780998], [51.20003300557842, 35.73189760606886], [51.20102813380902, 35.731895947543464], [51.20104216194063, 35.73163456915194], [51.20135919299965, 35.731624904098474], [51.201357150811965, 35.730813529725374], [51.20104004791084, 35.730804943732096], [51.20102473555428, 35.73054359558649], [51.19969788967211, 35.73054580503543], [51.199683857221274, 35.730807183327244], [51.19936682927805, 35.730816843961925]]]}}, {"type": "Feature", "properties": {"cls": 1}, "geometry": {"type": "Polygon", "coordinates": [[[51.20042033092625, 35.754077183736555], [51.20042168709252, 35.7546180672785], [51.200753429469906, 35.75461751401722], [51.200767457960154, 35.754356136677686], [51.20108458330537, 35.75434647204539], [51.20108390314382, 35.754076076260056], [51.20042033092625, 35.754077183736555]]]}}, {"type": "Feature", "properties": {"cls": 1}, "geometry": {"type": "Polygon", "coordinates": [[[51.19677084318403, 35.75435369756216], [51.19677284058381, 35.75516506897982], [51.197396501374705, 35.75516409308917], [51.19743577980521, 35.75519619660558], [51.19743685427565, 35.75539840541671], [51.19741932518566, 35.75542779636847], [51.197105344632156, 35.75543510544091], [51.19710601136966, 35.75570550123045], [51.197420061189746, 35.75571176645504], [51.19743770111186, 35.75574105159554], [51.19743837376228, 35.75593545767838], [51.19740236191159, 35.75597535718926], [51.19710667875165, 35.755976080930886], [51.19710734550692, 35.75624647669604], [51.19774631995168, 35.75624851554287], [51.19777087880613, 35.75628148188088], [51.19777169716071, 35.756515875083046], [51.19873881982367, 35.75651604762557], [51.19876707537668, 35.75655032857164], [51.19876789665772, 35.75678472190145], [51.199763334774836, 35.75678307284979], [51.19976265902186, 35.75651267715235], [51.198781765337465, 35.756505185767615], [51.19877061343517, 35.75599446131441], [51.19880194359868, 35.755973437947915], [51.19907301089027, 35.755975838480836], [51.19909757013854, 35.75600880436216], [51.19909839237695, 35.756243197760995], [51.199430141528396, 35.756242648128094], [51.19944417421174, 35.7559812709408], [51.1997613065757, 35.75597160983632], [51.199760100687044, 35.75547071376682], [51.19977781207736, 35.755437398986075], [51.200755467640704, 35.7554289771645], [51.20075410917511, 35.75488809370669], [51.200090530201756, 35.75488919938546], [51.2000764995589, 35.755150576590786], [51.19975937074194, 35.75516023861426], [51.199745339046636, 35.75542161578767], [51.19942820903614, 35.7554312769264], [51.19941417628837, 35.755692654067865], [51.19912916473838, 35.755701447313506], [51.199097101552226, 35.755666219981336], [51.19909627932908, 35.75543182666331], [51.19847261632235, 35.755432811277146], [51.1984373154334, 35.75541174556677], [51.19843307289104, 35.754375636837516], [51.198469996759805, 35.754350860129044], [51.19909358392419, 35.75434978370521], [51.1990932390787, 35.75411545191446], [51.199125183234756, 35.75408005789949], [51.19975657442634, 35.754078195711244], [51.199756227644066, 35.75384386402048], [51.199788171601604, 35.75380846972919], [51.201083222342355, 35.75380549653946], [51.20108254219893, 35.75353510072972], [51.19813216696068, 35.75353975788598], [51.19809622220954, 35.75350396115264], [51.198095402966835, 35.75326956788266], [51.197763666131316, 35.75327011379486], [51.19775749705437, 35.75352277233565], [51.19772817843106, 35.753540422182375], [51.19743250543205, 35.75354114669489], [51.19741846626216, 35.75380252380442], [51.19710134248698, 35.753812178678174], [51.19709087399951, 35.75434140014165], [51.19677084318403, 35.75435369756216]], [[51.19809688871981, 35.753850530625805], [51.19813290024403, 35.7538106308247], [51.198410877423434, 35.75381671414237], [51.19842871975474, 35.753849917141466], [51.19842249969128, 35.75406265506202], [51.198389258695144, 35.75408050440975], [51.19811520310102, 35.75407422178241], [51.19809756293966, 35.75404493678271], [51.19809688871981, 35.753850530625805]], [[51.19809937181783, 35.754852415470566], [51.19805943775687, 35.754892514555166], [51.197803683372946, 35.754892742967], [51.19777061610812, 35.754868320059686], [51.19776572675964, 35.75412156436765], [51.1977903508633, 35.75408453863798], [51.198061412159255, 35.75408123705214], [51.198094479386015, 35.754105659847504], [51.19809937181783, 35.754852415470566]]]}}, {"type": "Feature", "properties": {"cls": 1}, "geometry": {"type": "Polygon", "coordinates": [[[51.197399110980655, 35.74001673958674], [51.19740044601355, 35.74055762449503], [51.197717588854424, 35.74056622003206], [51.197732890871535, 35.74082756810301], [51.19837528716577, 35.740831274783226], [51.19839629638841, 35.74086257018689], [51.19839711624744, 35.74109696412925], [51.199392359052126, 35.7410953187686], [51.19940639219978, 35.74083394089302], [51.19972346173671, 35.740824280098735], [51.19972143545353, 35.74001290688763], [51.199404294649526, 35.74000431663382], [51.19938898730906, 35.73974296874851], [51.19806198867176, 35.73974516064451], [51.19806233019032, 35.739979493192536], [51.198037889192534, 35.740012595794575], [51.197399110980655, 35.74001673958674]]]}}, {"type": "Feature", "properties": {"cls": 1}, "geometry": {"type": "Polygon", "coordinates": [[[51.1934407270203, 35.749490296154704], [51.19344203573787, 35.75003118033714], [51.19375921724847, 35.750039786367296], [51.19377450682651, 35.75030113437599], [51.19410623141644, 35.750300599504584], [51.19410590126875, 35.75006626667188], [51.19414565327101, 35.750030092765634], [51.194425760508985, 35.75004134461479], [51.19443813992204, 35.75030006360065], [51.19476986449445, 35.750299526899006], [51.19478391220723, 35.750038149717156], [51.195101020878994, 35.750028501196226], [51.195098380716495, 35.74894664092705], [51.194791278244956, 35.748944050902786], [51.19476672021473, 35.74891108348226], [51.19476591082881, 35.74867669048254], [51.19444318185404, 35.7486625564618], [51.19444195539409, 35.74815082866413], [51.19540714115284, 35.74813934465171], [51.19542814952102, 35.748170640945666], [51.19542413529204, 35.74838392385027], [51.19539280460764, 35.74840494597256], [51.19509715249253, 35.74840566467954], [51.195097764047766, 35.74867512539784], [51.19542953008543, 35.748675522318486], [51.19544357572595, 35.748414145023396], [51.19576067752387, 35.74840449475479], [51.195768523544054, 35.747878188183115], [51.196091159278375, 35.747862978165685], [51.19609100901772, 35.747079970988565], [51.19612532555896, 35.7470516936229], [51.19642097203436, 35.74705097249406], [51.19642063517394, 35.74681663989984], [51.19643816450365, 35.74678724927139], [51.197415713144885, 35.74677885505087], [51.19741537337635, 35.74654452261288], [51.1974512020139, 35.746508546362485], [51.19874224816079, 35.746506181724946], [51.19875628326327, 35.746244804134484], [51.1990733753754, 35.746235145009415], [51.199081199846475, 35.74570883833745], [51.199403825752356, 35.74569361922511], [51.19940112779319, 35.74461175845519], [51.19843415355335, 35.74461159069034], [51.19840589803422, 35.744577309549115], [51.19840507807427, 35.744342915857935], [51.197409794784534, 35.74434455317923], [51.19739575533556, 35.7446059307066], [51.196746876807495, 35.74461612844829], [51.196747214577705, 35.74485046098744], [51.196722773191986, 35.744883563151674], [51.19608395431424, 35.74488770006656], [51.19608429014844, 35.74512203270548], [51.19605234498979, 35.74515742544486], [51.19542102730481, 35.745159268033916], [51.1954155118405, 35.74568241528954], [51.195386192989005, 35.745700064347425], [51.19509055209092, 35.74570078300488], [51.1950908850324, 35.74593511577386], [51.19506644315283, 35.74596821737204], [51.19475941352667, 35.74597180881781], [51.19475974550386, 35.74620614163013], [51.19473885079653, 35.746237557353766], [51.194428272717474, 35.74624283371411], [51.19442542049711, 35.747033096091485], [51.19439408968234, 35.74705411784987], [51.19409844299089, 35.74705483408492], [51.19408504970551, 35.747586699457], [51.19376795102723, 35.747596345304466], [51.19377122866153, 35.74894869401193], [51.194066945410974, 35.748948455642484], [51.19409630248572, 35.74896597616221], [51.19410119931319, 35.74946447098876], [51.1940642746631, 35.749489245826524], [51.1934407270203, 35.749490296154704]], [[51.197745455140684, 35.745926858480765], [51.197705520954734, 35.74596695735584], [51.196771271161296, 35.74596377073943], [51.196750060293915, 35.74592855666496], [51.19675360750757, 35.745448703516196], [51.19678886034643, 35.74542748166985], [51.19772310390917, 35.745430668171345], [51.197744315045725, 35.74546588189304], [51.197745455140684, 35.745926858480765]], [[51.19542570694303, 35.74709267215262], [51.19546171938854, 35.747052773620695], [51.19573966854056, 35.7470588632919], [51.19575750998542, 35.747092067060166], [51.19575128278039, 35.74730480494889], [51.1957180415476, 35.74732265331076], [51.1954440139565, 35.74731636442035], [51.19542637455118, 35.7472870786875], [51.19542570694303, 35.74709267215262]], [[51.194430955081216, 35.74736477299491], [51.194466967867164, 35.74732487492572], [51.195073353374895, 35.7473284187388], [51.19509436164517, 35.747359715137215], [51.195095171965285, 35.74759410834367], [51.195412343632874, 35.74760270997047], [51.195422812897824, 35.74784294762455], [51.19538755980247, 35.74786416892394], [51.19478509261419, 35.74786042755988], [51.19476408437335, 35.74782913103179], [51.19476327501783, 35.74759473798658], [51.19444925940336, 35.74758846554335], [51.19443162027629, 35.74755917954426], [51.194430955081216, 35.74736477299491]], [[51.19476717708036, 35.74917758800579], [51.19473116430839, 35.74921748624746], [51.19445320643279, 35.74921139424598], [51.19443536536125, 35.74917819007228], [51.194441595981765, 35.74896545246268], [51.19447483724811, 35.748947604543645], [51.194748871875646, 35.74895389567144], [51.19476651104171, 35.7489831815451], [51.19476717708036, 35.74917758800579]]]}}, {"type": "Feature", "properties": {"cls": 1}, "geometry": {"type": "Polygon", "coordinates": [[[51.19112579481113, 35.75273986509546], [51.19112644125797, 35.75301026110235], [51.191443634752346, 35.75301887330706], [51.19145891699397, 35.7532802213928], [51.19209786614743, 35.75328229041128], [51.19212242332092, 35.75331525870532], [51.19212322505376, 35.75354965124364], [51.19309031023577, 35.75354986936545], [51.19311856409539, 35.753584152480805], [51.193120304366055, 35.75381858958027], [51.193451107958005, 35.75381801203732], [51.19346225502149, 35.75355927838508], [51.193746281085254, 35.75354728644691], [51.19378222447351, 35.75358308513615], [51.19378303107768, 35.75381747789534], [51.19442890374556, 35.75382321606073], [51.194446542827706, 35.7538525020086], [51.194447208172974, 35.75404690825761], [51.19441888734823, 35.75408526258639], [51.193451854881964, 35.754088591823376], [51.193452509228685, 35.75435898773254], [51.19409501734648, 35.754362717025536], [51.19411602534013, 35.75439401370539], [51.194116832939784, 35.75462840647688], [51.194423959047576, 35.75463099808242], [51.194448516913425, 35.75466396557065], [51.194449325493494, 35.7548983583772], [51.19477208041613, 35.754912492196425], [51.19478182029312, 35.75516830933934], [51.19511356506807, 35.75516777162677], [51.195112905083285, 35.75489737578071], [51.194805777894366, 35.75489478586968], [51.19478121985383, 35.75486181847109], [51.19478041030068, 35.75462742572165], [51.19448467002261, 35.754627665826014], [51.19444852439281, 35.754587949260475], [51.19444824424523, 35.7543935380374], [51.19447638171637, 35.75435910690311], [51.19511158419549, 35.75435630816735], [51.195108943470075, 35.75327444867889], [51.194445377668885, 35.7532755231731], [51.19443423372114, 35.753534256789564], [51.194154126936766, 35.75354643647436], [51.194114264381895, 35.75351045184887], [51.19411279994281, 35.7530055712264], [51.193781064124124, 35.753006106150785], [51.1937699180599, 35.75326483976456], [51.193489812356006, 35.753277017859524], [51.193449949989464, 35.753241032908946], [51.193449144372885, 35.753006640276915], [51.19311740853674, 35.75300717337088], [51.19311773585021, 35.75324150612663], [51.193077983457655, 35.753277679554884], [51.192797863037065, 35.75326642453764], [51.19278548876807, 35.753007705666214], [51.19245375291453, 35.75300823692976], [51.19244260263347, 35.75326697051332], [51.19215857785947, 35.75327895928913], [51.19212263485411, 35.753243159840494], [51.19212183312849, 35.753008767394306], [51.19148658279626, 35.753008013634634], [51.1914583293491, 35.75297372986255], [51.19145752957643, 35.75273933749792], [51.19112579481113, 35.75273986509546]]]}}, {"type": "Feature", "properties": {"cls": 1}, "geometry": {"type": "Polygon", "coordinates": [[[51.19338839444114, 35.72785121038823], [51.19338904794279, 35.72812160748051], [51.194051468753294, 35.728120586996084], [51.19406645556386, 35.72785916131181], [51.194383472422096, 35.72784951501313], [51.19438150125555, 35.72703813978765], [51.194049873171856, 35.727038675118145], [51.19403582260461, 35.72730005323438], [51.193718808025814, 35.72730969867821], [51.193713280663744, 35.72783284767271], [51.19368396165212, 35.72785049613316], [51.19338839444114, 35.72785121038823]]]}}, {"type": "Feature", "properties": {"cls": 1}, "geometry": {"type": "Polygon", "coordinates": [[[51.18843675360838, 35.73813768273967], [51.188438665270354, 35.73894905674716], [51.18874572550185, 35.73895166313695], [51.1887702816655, 35.73898463262623], [51.188771073280414, 35.739219025303534], [51.18906674892771, 35.73921879934846], [51.189096105518935, 35.739236321537845], [51.18910476274334, 35.74002997010489], [51.1897682188138, 35.740028925405895], [51.1897822827339, 35.7397675480547], [51.1900993498423, 35.73975791308596], [51.19010723325587, 35.73923160556351], [51.190429834546535, 35.7392164112606], [51.19042868786689, 35.73871551177811], [51.19044976724754, 35.738680174308584], [51.191071015914986, 35.73867917990688], [51.19109222478968, 35.738714395772426], [51.1910934677401, 35.73921535915888], [51.19142421006969, 35.739214879336174], [51.19142482431575, 35.73898049800609], [51.191445719939594, 35.738949083348224], [51.192088037878406, 35.738943285714676], [51.1921020944106, 35.73868190817522], [51.192419156537845, 35.738672266999394], [51.192414601523645, 35.736778938546934], [51.19209747536422, 35.73677032864714], [51.19208219144061, 35.736508979953854], [51.19175052403678, 35.73650950906737], [51.19174200277514, 35.73676532803965], [51.19141941202247, 35.7367805260193], [51.191413222760424, 35.73703318562054], [51.191383903516574, 35.737050833340646], [51.19108829776422, 35.73705154205475], [51.19108861880465, 35.7372858759155], [51.191052788196984, 35.73732184927012], [51.1901219693465, 35.737321795861114], [51.19009371632141, 35.73728751152081], [51.19009292086986, 35.737053118681324], [51.18909772782222, 35.73705468695995], [51.18909716945087, 35.737567207875806], [51.189062851371254, 35.73759548230547], [51.188767242946575, 35.73759618532129], [51.188761683843886, 35.73811933368222], [51.18873236433687, 35.738136980529724], [51.18843675360838, 35.73813768273967]]]}}, {"type": "Feature", "properties": {"cls": 1}, "geometry": {"type": "Polygon", "coordinates": [[[51.19041060840584, 35.73110183983117], [51.1904112519218, 35.73137223682422], [51.19074289804483, 35.731371711468164], [51.19074225340804, 35.73110131448031], [51.19041060840584, 35.73110183983117]]]}}, {"type": "Feature", "properties": {"cls": 1}, "geometry": {"type": "Polygon", "coordinates": [[[51.188429106510505, 35.73489181776583], [51.18842974341847, 35.735162214619145], [51.1887468623639, 35.735170834293775], [51.18876213560166, 35.73543218341834], [51.18909379859418, 35.73543166255733], [51.189093159435316, 35.73516126572649], [51.18877604054631, 35.73515264689547], [51.18876076726862, 35.73489129782972], [51.188429106510505, 35.73489181776583]]]}}, {"type": "Feature", "properties": {"cls": 2}, "geometry": {"type": "Polygon", "coordinates": [[[51.22594538067793, 35.744835324731106], [51.225946909042264, 35.74537620820666], [51.2262426154234, 35.74537589074753], [51.22627798203582, 35.745407795713405], [51.22628193655773, 35.746187091825796], [51.227608104120506, 35.74618454412521], [51.227607334475394, 35.7459141484418], [51.22731162583224, 35.745914469175474], [51.227278553698284, 35.74589005775349], [51.22727399909469, 35.745373800369784], [51.22665041606661, 35.745374930791236], [51.22661113059234, 35.745342840980456], [51.22661572042812, 35.744851814846356], [51.22664503610851, 35.74483415547479], [51.22694066786844, 35.74483335934771], [51.22694674595894, 35.74458070172595], [51.22697606160635, 35.744563042245794], [51.22727169218176, 35.744562245308856], [51.22727126501346, 35.74432791787869], [51.22730708485942, 35.74429192810199], [51.22791996955463, 35.74429964473427], [51.22793613925555, 35.744831477553305], [51.22959501279562, 35.74482832311259], [51.22959423647062, 35.744557927405594], [51.22895535569014, 35.74455605781759], [51.22893078751977, 35.74452310216063], [51.228934713300106, 35.74430981654254], [51.22896996220217, 35.744288581991775], [51.22988925373676, 35.744287021282084], [51.22992520767717, 35.74432280358228], [51.22992612000969, 35.74455720173397], [51.23254436717255, 35.74455240768189], [51.23258032188842, 35.744588188774706], [51.2325812420089, 35.74482258727858], [51.234867704951085, 35.744818383595565], [51.23490366034551, 35.744854163631715], [51.23490458728178, 35.74508856244189], [51.2361995575133, 35.7450868405191], [51.23623163164463, 35.74512205231292], [51.236232562479685, 35.745356451293176], [51.23822328422796, 35.74535158925555], [51.23822162957913, 35.74481164287025], [51.23659487128703, 35.74481403941163], [51.23656279696355, 35.74477882774225], [51.236561865174316, 35.74454442879784], [51.23427932927835, 35.74454884929544], [51.23424100575435, 35.74452056580744], [51.23423552398398, 35.74323652816116], [51.23425658844593, 35.74320117674395], [51.23453115095063, 35.74319610524295], [51.23456422419469, 35.74322051384378], [51.2345696191431, 35.74400725950279], [51.23490131672613, 35.744006612220616], [51.23490078707515, 35.74322361105485], [51.23493509561019, 35.74319531760598], [51.23523071906, 35.743194501124435], [51.23523026861528, 35.74296017500314], [51.235251151428365, 35.74292874695766], [51.235547174224465, 35.74293250742422], [51.235562597179396, 35.743193851889394], [51.23622607749948, 35.74319255088811], [51.2362256241397, 35.74295822493902], [51.236250053651204, 35.74292510924219], [51.23722063339691, 35.74292010482203], [51.23723454563351, 35.74265872484985], [51.23755161480996, 35.742648962574094], [51.237548401068764, 35.7415671040102], [51.237231247571124, 35.74155861526734], [51.23721581932656, 35.74129727095662], [51.23692012854263, 35.74129761525339], [51.2368907672105, 35.74128010886172], [51.23688230429797, 35.741027392877385], [51.23588800034751, 35.74102939246292], [51.23588879785003, 35.74129978820788], [51.236205950129126, 35.74130828047149], [51.23621219551975, 35.74155504733036], [51.235557816709914, 35.74157101790366], [51.2355438990858, 35.7418323977614], [51.23522683294527, 35.74184215472379], [51.235217409624994, 35.74264186504916], [51.234565652129184, 35.7426549132922], [51.234566100620555, 35.742889239438625], [51.234534166997115, 35.742924648252426], [51.233902875441636, 35.74292669286126], [51.233897610272216, 35.74344983778693], [51.23386829523667, 35.74346749953753], [51.233572670565756, 35.74346831276328], [51.23356661314617, 35.743720970033344], [51.233537298077636, 35.743738631675384], [51.233241672222, 35.74373944409149], [51.233242116863025, 35.743973770414556], [51.23321399098728, 35.744008216324524], [51.228929195636205, 35.74401821647436], [51.228929627653585, 35.744252543528866], [51.22888988548987, 35.74428873436545], [51.22829099963103, 35.74428683111385], [51.2282664316582, 35.74425387522696], [51.22826552419617, 35.744019477394964], [51.22727024686392, 35.74402136174088], [51.22727067402254, 35.74425568908139], [51.2272531533192, 35.74428508797702], [51.226607433856515, 35.744293101191346], [51.22660135469712, 35.74454575876665], [51.22657203893723, 35.744563418112435], [51.22627640838961, 35.74456421341866], [51.22626246118751, 35.74482559261428], [51.22594538067793, 35.744835324731106]], [[51.23585038753869, 35.74184088789335], [51.23589026180941, 35.74187685218424], [51.23587938144402, 35.742099590555476], [51.23557103140697, 35.74210022265996], [51.23557033153987, 35.7418531663036], [51.23585038753869, 35.74184088789335]]]}}, {"type": "Feature", "properties": {"cls": 2}, "geometry": {"type": "Polygon", "coordinates": [[[51.23653715419061, 35.73615930909509], [51.23653795374468, 35.73642970504681], [51.236833624427206, 35.736429361672975], [51.23686669805238, 35.73645376939698], [51.23687131395225, 35.736970028161146], [51.23819826310452, 35.73696740838494], [51.23819584682205, 35.73615603674088], [51.23755703484972, 35.73615421270884], [51.23753246413637, 35.73612125998814], [51.23753152972657, 35.735886860549535], [51.23686904647548, 35.735888120640126], [51.23685419649363, 35.73614954871146], [51.23653715419061, 35.73615930909509]]]}}, {"type": "Feature", "properties": {"cls": 2}, "geometry": {"type": "Polygon", "coordinates": [[[51.22989812584375, 35.73481972973273], [51.229900457838596, 35.73563110203882], [51.231195270795865, 35.735629434576374], [51.2312273434306, 35.735664648503054], [51.23122825936385, 35.73589904719567], [51.23219512823037, 35.73589895137807], [51.23222339377301, 35.73593321960107], [51.23222431263117, 35.736167618418584], [51.23285942781567, 35.7361681570937], [51.23288769355725, 35.736202425061805], [51.23288861436841, 35.73643682395879], [51.233208659004006, 35.73644795188391], [51.23320644769336, 35.736697653280615], [51.23288940234795, 35.736707403891515], [51.232892552495215, 35.73778926369341], [51.234219515620886, 35.737786687747885], [51.234233437583406, 35.73752530771001], [51.23455048611014, 35.7375155535663], [51.23454810678256, 35.736704181782585], [51.23425243543097, 35.73670451945098], [51.234223074356194, 35.736687012167735], [51.23421793009792, 35.73618851993458], [51.2342548483008, 35.73616372813305], [51.23487827699006, 35.736162466762835], [51.23488666232753, 35.73590664830834], [51.23520923854594, 35.73589133072977], [51.23521529104032, 35.7356386730993], [51.23524460586243, 35.735621010912595], [51.235540197858, 35.73562019378264], [51.235539746698656, 35.73538586734941], [51.235564176424624, 35.73535275191418], [51.23683430190854, 35.73534797758847], [51.23686637621987, 35.73538318915406], [51.236867308667044, 35.735617588628116], [51.23819423538074, 35.735614968981565], [51.23819262475034, 35.73507408509618], [51.23789695966924, 35.73507443170171], [51.23786159010416, 35.735042531759504], [51.237858459265055, 35.73426327750367], [51.23754786198752, 35.73425912784483], [51.23752684133979, 35.734227844383874], [51.23752590699485, 35.73399344486688], [51.2372302464899, 35.73399378981691], [51.237200885123215, 35.73397628350972], [51.23719335696827, 35.73372361129027], [51.23687332297298, 35.733712494065955], [51.236860008245614, 35.73318328873306], [51.23654288965805, 35.73317479800615], [51.23652746383856, 35.73291345325822], [51.23623180795197, 35.732913795737204], [51.236202446681986, 35.732896289097916], [51.23619492167501, 35.73264361684366], [51.23586327125933, 35.73264426751475], [51.23586372329728, 35.73287859391976], [51.235831790053815, 35.732914003237155], [51.234546074387424, 35.73290267866758], [51.2345314515057, 35.73102393249232], [51.23422441816929, 35.731021443507125], [51.234199848451226, 35.73098848962034], [51.234198923934635, 35.73075409042135], [51.23387626114518, 35.7307400647774], [51.233865607878975, 35.73021375917799], [51.233202235116906, 35.73021504675845], [51.23319121368879, 35.730473782251096], [51.23287129010216, 35.73048617746425], [51.232865230149756, 35.73073883537494], [51.232835915019045, 35.73075649675431], [51.23254034284419, 35.73075730725599], [51.23254078510669, 35.730991634326216], [51.232519901424965, 35.731023061541215], [51.23220939334298, 35.73102843613368], [51.232195464741984, 35.73128981628409], [51.23187844159847, 35.731299564097284], [51.23187237856695, 35.73155222201912], [51.23184306333725, 35.73156988307298], [51.23154748761067, 35.73157069114677], [51.231547926986906, 35.73180501834919], [51.231527043015994, 35.73183644526374], [51.231216531379516, 35.731841817282124], [51.231217024055525, 35.73262482055668], [51.23118271466376, 35.73265311243329], [51.23088713432787, 35.73265391890011], [51.23088791468306, 35.732924315118815], [51.231551310023725, 35.732923040214885], [51.231565240638204, 35.7326616601056], [51.2318822695673, 35.7326519131949], [51.231888332537736, 35.73239925524835], [51.231917647688114, 35.73238159416687], [51.232213226867415, 35.73238078526072], [51.23221278552996, 35.73214645809635], [51.23223366923989, 35.73211503100605], [51.23254418192412, 35.73210965641244], [51.232542771884894, 35.7316087647442], [51.2325673839558, 35.731571726700494], [51.23384125438708, 35.731567929526655], [51.23386972424219, 35.731606114801274], [51.23387518889382, 35.73345952513456], [51.23419230830248, 35.733468022927575], [51.23420866221343, 35.733729412045314], [51.234539381630626, 35.733728721816405], [51.23453893344924, 35.73349439511888], [51.23457086699564, 35.733458986363736], [51.235509215744344, 35.73345942490786], [51.23553378578571, 35.73349237830067], [51.23553471428082, 35.733726777672175], [51.23616980956017, 35.73372729891694], [51.2361980762891, 35.733761565628626], [51.2361990067371, 35.73399596507942], [51.23651904184701, 35.73400708404221], [51.236523174743716, 35.73452171179279], [51.235868854354166, 35.73453768385053], [51.235862803870354, 35.73479034142342], [51.235833489034775, 35.73480800380131], [51.23553790061909, 35.73480882172914], [51.235538351759246, 35.73504314808597], [51.23552083337116, 35.73507254916347], [51.23487519213467, 35.735080606750216], [51.234875641341375, 35.73531493320853], [51.23484370780385, 35.73535034212257], [51.23421247913105, 35.735352388125946], [51.23421292640426, 35.735586714685695], [51.23418099266824, 35.73562212332394], [51.23291836647515, 35.735624576055486], [51.23288629325318, 35.73558936281046], [51.23288537246904, 35.73535496398334], [51.231258810559105, 35.73535728762443], [51.2312267378309, 35.73532207368322], [51.23122503998332, 35.73481718699546], [51.230929376918034, 35.7348175164652], [51.23089321891516, 35.73477781685326], [51.2308910736928, 35.73376805356283], [51.23092632701342, 35.73373594909708], [51.23122191198628, 35.733735142607294], [51.231220348609355, 35.7331942582821], [51.23055788738268, 35.733195483539795], [51.230543017181056, 35.73345691132741], [51.23022598470755, 35.73346665474452], [51.23022671155418, 35.73479433592879], [51.23019371533568, 35.734818925664904], [51.22989812584375, 35.73481972973273]]]}}, {"type": "Feature", "properties": {"cls": 2}, "geometry": {"type": "Polygon", "coordinates": [[[51.186455615927464, 35.74219811306672], [51.18645624633414, 35.742468509621446], [51.18709140875848, 35.74246929016698], [51.18711966081292, 35.74250357560863], [51.18712044766243, 35.742737967905114], [51.18745214099398, 35.74273745147914], [51.18745183049294, 35.74250311715731], [51.18747627458284, 35.7424700182179], [51.188115075229206, 35.74246592729059], [51.18811476279202, 35.7422315930681], [51.18813920668412, 35.74219849390165], [51.18877800494986, 35.74219439945058], [51.188777690576565, 35.74196006532745], [51.18880213427086, 35.74192696593396], [51.189412616528074, 35.74192467918333], [51.189440869276794, 35.74195896373936], [51.18944166291714, 35.74219335638426], [51.18973735100651, 35.74219312874463], [51.189770416861734, 35.742217554817174], [51.18977472977513, 35.742733810424944], [51.19008535564761, 35.74273808441514], [51.19010636246314, 35.742769382354304], [51.19010715807014, 35.74300377505798], [51.19040284961791, 35.743003545772055], [51.1904322063378, 35.74302106751307], [51.19043958860979, 35.743273738753466], [51.19075674155953, 35.74328235292979], [51.190772021394096, 35.743543701511385], [51.19110371799885, 35.74354317500634], [51.19110660323858, 35.742752911704116], [51.1911379344015, 35.74273189113696], [51.191433563855846, 35.74273118232152], [51.19143241073546, 35.74223028336435], [51.191453489769536, 35.742194945565785], [51.19209583463249, 35.74218914780773], [51.19210137187976, 35.74166599994747], [51.19213069097933, 35.74164835197091], [51.19242631576329, 35.74164764072823], [51.19243616460945, 35.74084792958483], [51.19371546999023, 35.74083434184771], [51.193751615267466, 35.74087405877595], [51.19375103208414, 35.7418913349579], [51.1937180297766, 35.74191591050535], [51.193422404271644, 35.74191662501566], [51.193422732248116, 35.74215095824852], [51.19339828986624, 35.742184059262776], [51.19309127564246, 35.74218764637669], [51.193092581645274, 35.74272853122835], [51.1934097327767, 35.74273713829384], [51.19342502107699, 35.74299848665947], [51.19475207407423, 35.74299634573985], [51.19475174218739, 35.74276201266845], [51.19478757161145, 35.742726037638214], [51.19637041986718, 35.742723271738015], [51.19640369611154, 35.74274097752537], [51.196411761440075, 35.74326413719399], [51.19670745495444, 35.74326389240039], [51.19674185211433, 35.74329200673629], [51.196742390746074, 35.744050395442514], [51.19670938893717, 35.744074972161], [51.19641375501545, 35.74407569405124], [51.196414091798516, 35.74431002667282], [51.196389650312696, 35.74434312872104], [51.19608262765781, 35.744346723544105], [51.19608296347672, 35.744581056209064], [51.196058521892226, 35.74461415814427], [51.19541970512037, 35.7446182915145], [51.19540632041421, 35.745150157164744], [51.19475743691866, 35.745160344098174], [51.194757768873075, 35.74539467694956], [51.19471801694569, 35.74543085115004], [51.1937948272726, 35.74543157399933], [51.193762765681754, 35.74539634439881], [51.19376195931173, 35.74516195139033], [51.19343025604115, 35.74516248524621], [51.19343091010024, 35.74543288155793], [51.193744916698456, 35.74543915664199], [51.19376255557928, 35.74546844279342], [51.19376321911691, 35.74566284944007], [51.19372720599784, 35.74570274720148], [51.19343156479145, 35.745703461780565], [51.19343430665335, 35.7475684222594], [51.19339998946835, 35.74759669851564], [51.19310434034852, 35.74759741231336], [51.19310011661553, 35.74866153576668], [51.19306687514254, 35.74867938316729], [51.19244333401325, 35.748680428305704], [51.192444099847684, 35.74973392385685], [51.19240978245858, 35.74976219970845], [51.192114124179525, 35.749762911097974], [51.19211542393505, 35.750303795298116], [51.19276442300441, 35.7503118736402], [51.192780361708486, 35.750843709766805], [51.19311208857003, 35.75084317763018], [51.1931156586169, 35.74950856640998], [51.19314890000327, 35.74949071897201], [51.1937724479391, 35.7494896702527], [51.19376875237049, 35.74762852227939], [51.193804014927714, 35.7475964339531], [51.19409966407845, 35.747595718524444], [51.19411305731533, 35.747063853081876], [51.19443015378773, 35.747054206400506], [51.19443866681234, 35.7457135195565], [51.19542225724735, 35.7457001526021], [51.19542107901083, 35.74519925471264], [51.195442156683164, 35.74516391563666], [51.19608452537753, 35.74515809640724], [51.196084189542546, 35.744923763665454], [51.196116134607585, 35.74488837093816], [51.19674745010568, 35.744886524790644], [51.19674711233469, 35.74465219214864], [51.19677524912208, 35.744617760167316], [51.19741037031758, 35.74461494952322], [51.19740970282262, 35.7443445532389], [51.1971140048833, 35.744344799683375], [51.19708262309417, 35.744323919394915], [51.19707757200892, 35.74411067262936], [51.19710951677685, 35.744075279489465], [51.19804800006417, 35.74407601051621], [51.198072558995776, 35.74410897678543], [51.19807337797539, 35.74434337054518], [51.198369076203655, 35.74434312165175], [51.19839843370058, 35.744360640760696], [51.19840584089704, 35.74461331206605], [51.19938658654859, 35.744620806896116], [51.19940302212104, 35.74566144138774], [51.19936776086571, 35.74569353216184], [51.19907212070905, 35.74569426060736], [51.199061664767484, 35.746223482820604], [51.19874166807765, 35.74623578548757], [51.198735501899336, 35.74648844430919], [51.19870618337633, 35.746506094464266], [51.19841053973105, 35.74650682129354], [51.198410882414564, 35.74674115345937], [51.19838274604535, 35.74677558610006], [51.196420399787264, 35.74678057624405], [51.196406357231155, 35.74704195360167], [51.196089261293544, 35.747051605668496], [51.196088096827395, 35.74783831363923], [51.196055094908665, 35.74786289011261], [51.19575940142738, 35.747864546944854], [51.19576076948609, 35.748404494695635], [51.19605648425474, 35.748404251439425], [51.19608584152394, 35.74842177130347], [51.19608706749974, 35.74892719318991], [51.196053826296186, 35.74894504167732], [51.195786710802885, 35.748942435022265], [51.19576215247697, 35.74890946794488], [51.195761340173455, 35.748675074806044], [51.195429622362624, 35.74867561422097], [51.195424107117375, 35.749198761154396], [51.19539478826504, 35.749216410222225], [51.19509913278453, 35.74921712894406], [51.19508931107859, 35.75001683885194], [51.19476929775201, 35.7500291307692], [51.19476962984311, 35.75026346338627], [51.19473768429433, 35.75029885559252], [51.19377450713885, 35.750301226337534], [51.193760456204814, 35.750562603377354], [51.19344334511393, 35.750572248393894], [51.19344399934731, 35.750842644461635], [51.194079232096264, 35.75084338783733], [51.19410748624952, 35.750877670582696], [51.194108293750695, 35.75111206350209], [51.19444002170008, 35.75111152769965], [51.1944540704491, 35.75085015057443], [51.194771182557986, 35.750840502927424], [51.194776701997775, 35.75031735602539], [51.19480602083646, 35.750299707148706], [51.19510168102029, 35.75029898922341], [51.19510134795633, 35.750064656559836], [51.19512224249333, 35.75003324075006], [51.19541829461865, 35.75003710271527], [51.19543358949956, 35.750298450573545], [51.19609619422518, 35.75029741825673], [51.19611117401576, 35.75003599344449], [51.1964282824034, 35.75002634136309], [51.196426288877035, 35.749214969233975], [51.196112266281, 35.74920870121186], [51.19609462668632, 35.749179415662866], [51.19609414061065, 35.74898108604103], [51.19612996963575, 35.748945110381534], [51.196425623963414, 35.74894438921785], [51.19642319581426, 35.74762421800243], [51.19645845771091, 35.74759212851838], [51.196754106367976, 35.74759140656386], [51.196753768520274, 35.74735707405208], [51.19677820982578, 35.747323971902645], [51.19808065714396, 35.747318740519766], [51.19809469434235, 35.747057363005524], [51.19874359291898, 35.74704715796603], [51.198743249255024, 35.746812825766845], [51.198771385439095, 35.746778393017784], [51.19970232465381, 35.74677531949817], [51.199738269778514, 35.74681111550389], [51.199739093697666, 35.747045509381394], [51.2000348033798, 35.74704525635734], [51.20006416103796, 35.74706277491089], [51.20007157350119, 35.74731544612347], [51.20103477433985, 35.74731465409231], [51.201066838011904, 35.747349880613385], [51.201067665836526, 35.747584274653086], [51.201710118623694, 35.74758796326303], [51.201731331113336, 35.74762317570462], [51.20172580212776, 35.74810640231453], [51.201696483900214, 35.74812405345973], [51.20140083408204, 35.74812478766095], [51.20139904044534, 35.74864100675931], [51.20136603941248, 35.74866558530436], [51.201070387288816, 35.74866631870004], [51.201057039948964, 35.74919818422546], [51.20073993603231, 35.74920784879712], [51.200732122597756, 35.74973415502603], [51.20040948031234, 35.74974937795215], [51.200401664743616, 35.75027568414158], [51.200079020128726, 35.75029090616508], [51.2000810508061, 35.751102277969196], [51.200391712888965, 35.75110652497952], [51.20041272270923, 35.7511378197374], [51.20041354869841, 35.75137221352575], [51.20070927644493, 35.75137195878811], [51.20073863416673, 35.751389477110045], [51.20074604883623, 35.751642148143894], [51.20106323825886, 35.751650734551085], [51.20107855121966, 35.75191208182364], [51.20174210543376, 35.75191097077397], [51.20174175288084, 35.75167663931815], [51.201766192691096, 35.75164353544189], [51.202387370386695, 35.75164617808102], [51.20240501169502, 35.75167546189833], [51.202405843535935, 35.75190985594135], [51.20270157379421, 35.75190959629625], [51.20273464178702, 35.75193401728719], [51.20274041075731, 35.75299124837705], [51.20305760611584, 35.752999829413135], [51.20307292548279, 35.75326117644347], [51.20406831944962, 35.75325949190819], [51.204067960051816, 35.75302516091383], [51.20409239916534, 35.752992056234035], [51.20473128388833, 35.752987876532465], [51.2047317414908, 35.75247535925667], [51.20476605624988, 35.75244707829096], [51.205061723550955, 35.752446335849704], [51.20506066737201, 35.7519415172073], [51.20510041624393, 35.751905337958476], [51.2053805314614, 35.751916563626466], [51.20539294572227, 35.752175281935564], [51.206038806282514, 35.75218095740172], [51.206056448613985, 35.7522102402377], [51.20605729117053, 35.752444634765745], [51.20635302415961, 35.75244436613179], [51.20638238243152, 35.752461882588165], [51.20638981476816, 35.75271455365895], [51.20703231079613, 35.752718213572614], [51.207053322548255, 35.752749506289916], [51.2070541680391, 35.752983900933614], [51.20736820806526, 35.7529901398727], [51.207385850769995, 35.753019422349816], [51.20738485341949, 35.753225450362166], [51.207350539111665, 35.75325373242187], [51.20705486903434, 35.75325448059052], [51.20705523718939, 35.753488810958885], [51.207030798893626, 35.75352191669105], [51.2067237400312, 35.75352553896477], [51.20672410722209, 35.75375986937677], [51.206688281228146, 35.753795849875466], [51.206404235899996, 35.75378482691427], [51.20639181838605, 35.75352610880285], [51.20506459152216, 35.753528378690284], [51.205058445269465, 35.75378103687498], [51.20502912736926, 35.753798689132], [51.20473345461237, 35.75379943159976], [51.20471943878586, 35.754060809128106], [51.204402315456754, 35.75407048359291], [51.20440267585787, 35.7543048143755], [51.20437823677009, 35.75433791919837], [51.2040711740553, 35.75434153466966], [51.204070088535005, 35.75512824052507], [51.204037087946595, 35.75515282012848], [51.20374140939289, 35.755153560174364], [51.20373963116822, 35.75566977833589], [51.20370663052458, 35.75569435781197], [51.20341094966447, 35.755695097052225], [51.20341130719639, 35.75592942792638], [51.20338686781401, 35.755962532413314], [51.202444430086764, 35.75596544970968], [51.202416173357065, 35.7559311701373], [51.20241534139739, 35.75569677636797], [51.20176629628495, 35.75568875059062], [51.20175098103754, 35.75542740361903], [51.200755559926606, 35.75542906906539], [51.20075507701315, 35.75594158656638], [51.200720761338076, 35.75596986588366], [51.20042507879733, 35.75597059778518], [51.20041463222047, 35.75649981907171], [51.19976275098377, 35.75651267709204], [51.19976309784317, 35.75674700854952], [51.19973115379612, 35.756782402864566], [51.19909974034752, 35.756784265074415], [51.19910041386471, 35.75705466077052], [51.20042769977994, 35.75705245650071], [51.200441050933655, 35.75652059164327], [51.2010540264331, 35.756510672145346], [51.20108997195854, 35.75654646750367], [51.20108597284997, 35.756759750479766], [51.20105464290437, 35.75678077466737], [51.20075895705904, 35.75678150740018], [51.20075963618897, 35.757051903069], [51.20171515764261, 35.75705035045077], [51.201753474717655, 35.757078648500915], [51.201755522509806, 35.75728466051634], [51.20173799463818, 35.75731405262736], [51.20142400708906, 35.75732137314903], [51.20142468848224, 35.75759176878248], [51.20238801745138, 35.75759096550345], [51.20242008153404, 35.757626191423434], [51.20242091354875, 35.75786058521688], [51.203395299638444, 35.757863705627585], [51.203416310339456, 35.75789499944597], [51.20341714528103, 35.75812939336672], [51.20438428856608, 35.75812952040214], [51.204412545810314, 35.758163799183805], [51.20441338367881, 35.75839819323181], [51.205408841547225, 35.75839649739435], [51.205408478108346, 35.758162166874804], [51.205444304384955, 35.75812618696004], [51.20572836792285, 35.75813721218653], [51.2057407834345, 35.758395930201544], [51.206403454955705, 35.758394840890055], [51.20640402493824, 35.75816046290641], [51.20643596689944, 35.75812506582101], [51.207731087742005, 35.758122020802155], [51.20774509384491, 35.757860643212744], [51.208062232279715, 35.75785095980999], [51.20806186107736, 35.75761662971812], [51.20808629899203, 35.75758352365164], [51.20839337457115, 35.7575798979015], [51.2083912590259, 35.75676852739386], [51.20809550794891, 35.75676880100873], [51.20806412474384, 35.75674792471995], [51.20807271651981, 35.756237144650385], [51.20935325272552, 35.75622660129434], [51.20938531887994, 35.756261824299266], [51.20938617128621, 35.75649621911829], [51.20971792127494, 35.756495641105104], [51.20971721185554, 35.756225245563094], [51.20942146285137, 35.75622552243279], [51.20938706301227, 35.75619741339483], [51.2093832451793, 35.755414361032976], [51.2090874995906, 35.7554146370704], [51.20905309981972, 35.755386527891226], [51.209049285316574, 35.75460347544336], [51.20809379384573, 35.75460508612634], [51.20805680604068, 35.75458048161679], [51.208048854618696, 35.752711787736274], [51.20773165970058, 35.752703220006055], [51.207716325453, 35.75244187344767], [51.20707383177524, 35.75243821710922], [51.20705281995761, 35.7524069243611], [51.20705197448268, 35.75217252979826], [51.20674485699994, 35.75216997052927], [51.20672029541592, 35.752137007239206], [51.20671945092176, 35.75190261271113], [51.20639670604319, 35.75188851168215], [51.20638692960645, 35.751632694685235], [51.205747992664904, 35.7516307016685], [51.205723431377535, 35.751597738033105], [51.20572258981753, 35.75136334362068], [51.203435937321714, 35.7513669938831], [51.20339999102216, 35.75133119955239], [51.20339915627881, 35.75109680545164], [51.2014404493907, 35.75109928748393], [51.20140838552019, 35.75106406110534], [51.20140755662064, 35.750829667270445], [51.20075299877555, 35.75081610574621], [51.200742890240676, 35.750325864943264], [51.20077871789613, 35.75028988717137], [51.201074376966794, 35.75028915456141], [51.20108413921711, 35.74948944468008], [51.20173596191094, 35.74947657972378], [51.20174998737842, 35.749215202091925], [51.20206709119001, 35.749205534895324], [51.20207489595295, 35.748679228584], [51.202397533428545, 35.748664001181695], [51.20239547942408, 35.74785262916353], [51.20209976621955, 35.747852887914355], [51.202066698244494, 35.74782846666427], [51.202062518993884, 35.747073900866106], [51.2020977794872, 35.74704180892421], [51.20239342484871, 35.747041073112555], [51.20239321298649, 35.74625806685993], [51.20242752822814, 35.746229786882715], [51.20272317016268, 35.746229050270756], [51.20272295513346, 35.74544604396108], [51.202757270307146, 35.745417763849495], [51.20305290881485, 35.7454170264373], [51.203052690618854, 35.744634020070606], [51.20308700572457, 35.74460573982468], [51.20338264080555, 35.744605001612285], [51.20339306852111, 35.744075779156354], [51.20402023074796, 35.744066030988286], [51.20404479145321, 35.744098995199145], [51.20404562793458, 35.74433338979049], [51.20636807682315, 35.7443294283848], [51.206366680947994, 35.743788544115574], [51.206070984066415, 35.74378881258096], [51.20604162574432, 35.74377129601294], [51.20604530169756, 35.74325979826864], [51.20636528444437, 35.74324747587454], [51.20636491853876, 35.743013144793395], [51.20640074454327, 35.74297716449799], [51.208023515786095, 35.742974130788], [51.2080296530244, 35.74272147216516], [51.2080589705463, 35.74270381893097], [51.20835459684471, 35.7427030685211], [51.208354225124936, 35.74246873775381], [51.2083751157967, 35.742437317916526], [51.20901745924993, 35.74243142938931], [51.2090314616134, 35.74217005100912], [51.20934853468771, 35.742160364381654], [51.20935194829817, 35.74164059110155], [51.20938327706985, 35.74161956394689], [51.20967889863364, 35.74161881029602], [51.20968063930164, 35.74110259149019], [51.20971363886016, 35.74107800972531], [51.21000925811899, 35.74107725526953], [51.210008548116456, 35.74080685903786], [51.20934508640892, 35.740808015378846], [51.209345460994065, 35.74104234595169], [51.20930571323212, 35.74107852724033], [51.208710549327144, 35.74107784067949], [51.208682290736235, 35.741043563455406], [51.208681440739745, 35.74080916818687], [51.208349755833964, 35.7408097431239], [51.20833575125918, 35.74107112145639], [51.208018682564855, 35.74108080543652], [51.20802064315169, 35.74185218926729], [51.20799232705331, 35.74189054890386], [51.20669366788759, 35.741894557328024], [51.20669403473191, 35.74212888830196], [51.20665820872178, 35.74216486874614], [51.205071454875586, 35.742167584243795], [51.20503550810381, 35.74213179062416], [51.2050346687692, 35.74189739590733], [51.20405711241549, 35.74189227780536], [51.20403926820558, 35.74185907631336], [51.204037944035, 35.741358111509555], [51.20374225756897, 35.74135837421664], [51.20371087492115, 35.741337496316746], [51.20372018382308, 35.74109720363275], [51.20403725355509, 35.7410875312654], [51.20404366559572, 35.74002024762202], [51.20436626666523, 35.74000501492308], [51.204365906685666, 35.73977068334557], [51.204394041182404, 35.739736248475026], [51.20502912040949, 35.73973339767219], [51.205028758494755, 35.73949906619475], [51.20506850738135, 35.73946288700604], [51.20534857097483, 35.73947411292034], [51.205360984843516, 35.739732831781375], [51.205678125588065, 35.73974140597286], [51.20569345302161, 35.7400027533534], [51.20635690820089, 35.74000161717268], [51.20637091912231, 35.739740238837285], [51.20668798267573, 35.73973055938012], [51.206695757701375, 35.73920425234564], [51.20701835472087, 35.73918901235423], [51.20702309486216, 35.7383953768107], [51.20705633498527, 35.738377524339874], [51.20767978782232, 35.738376403834415], [51.2076794181755, 35.73814207274464], [51.20770755167554, 35.738107636616355], [51.208642264273735, 35.738105062819265], [51.20867433020222, 35.73814028618413], [51.208675180117034, 35.738374681669306], [51.20931400749872, 35.73837665937203], [51.20933856976985, 35.73840962177566], [51.209339421636926, 35.73864401734144], [51.20963509777343, 35.73864374081637], [51.20966445637275, 35.738661256219004], [51.20967189864223, 35.73891392793885], [51.21133065145789, 35.73891102575649], [51.21133677846117, 35.738658367102445], [51.211366095653176, 35.73864071278596], [51.211661704509126, 35.738639954300886], [51.211661323196054, 35.738405623904576], [51.21168221290599, 35.73837420306896], [51.21232452198005, 35.7383682969181], [51.21233064589179, 35.73811563828635], [51.212359962985, 35.73809798364317], [51.212655569411424, 35.73809722272257], [51.212655185200404, 35.737862892470375], [51.21267270997092, 35.737833497526914], [51.21331837898976, 35.73782555986714], [51.213332367722785, 35.73756418102654], [51.21364942080139, 35.73755448293191], [51.2136548180429, 35.737031336025055], [51.21368413500426, 35.73701368094743], [51.213979736696515, 35.737012916786846], [51.21397611882361, 35.73566056709282], [51.21365899371454, 35.73565201501808], [51.21364364093423, 35.7353906682467], [51.21267308374936, 35.73538930027522], [51.212648520423215, 35.735356338977056], [51.21264765893485, 35.735121942919996], [51.2123519971598, 35.73512222671618], [51.21232263822028, 35.73510471220233], [51.212315187757554, 35.73485204035576], [51.21199251249798, 35.734837954489926], [51.21198271882395, 35.73458213685306], [51.21135922727608, 35.73458318771409], [51.211319945438454, 35.73455109067232], [51.21132248536903, 35.73324859917763], [51.21135180255966, 35.733230944877675], [51.21164738899527, 35.73323018649987], [51.211647007847176, 35.73299585584182], [51.21167144471742, 35.73296274861891], [51.211978417555066, 35.732959114000444], [51.21197803544397, 35.73272478338605], [51.2120024722156, 35.7326916760503], [51.21264118696584, 35.732687454781015], [51.21264080292057, 35.732453124266996], [51.21267662708377, 35.73241714116498], [51.21360738385396, 35.73241702006427], [51.213635643833506, 35.73245129540337], [51.213636508153996, 35.73268569181439], [51.21527051812194, 35.73268586682024], [51.215295082155244, 35.7327188271891], [51.215295951343016, 35.73295322381781], [51.2159272306194, 35.732952906220405], [51.21595929871088, 35.732988126551916], [51.21596016985065, 35.733222523260864], [51.21661194333023, 35.733233100494], [51.216625703636936, 35.73399280558576], [51.21658969833718, 35.734032713957056], [51.216294109629835, 35.734033484580834], [51.21629450440831, 35.73426781428867], [51.21627006885276, 35.7343009231357], [51.21596309132952, 35.73430456886946], [51.21596348514512, 35.73453889862106], [51.215942596621844, 35.73457032078721], [51.215632070785546, 35.73457565224303], [51.215636839004226, 35.736432912026615], [51.21560101562398, 35.73646889650336], [51.21530541664036, 35.73646966473044], [51.215295794863685, 35.737269376126534], [51.214975839002946, 35.73728172280188], [51.21496972333219, 35.73753438126896], [51.21494040642268, 35.73755203676117], [51.21464480282977, 35.73755280337933], [51.2146451928605, 35.73778713320101], [51.21462075681599, 35.73782024149266], [51.21398200004989, 35.73782447353049], [51.21398238814604, 35.7380588034527], [51.21395044834656, 35.738094203648096], [51.212987427239426, 35.73809672778408], [51.21297343741644, 35.73835810651045], [51.21265638093916, 35.73836780288871], [51.21266069613522, 35.73999064028503], [51.212992377550236, 35.73999005347317], [51.21299199230962, 35.73975572336939], [51.21302393231081, 35.73972032359324], [51.21498229047641, 35.739716024848974], [51.21498189941476, 35.739481695073], [51.21500633528106, 35.73944858668456], [51.215645105472085, 35.739444349230006], [51.21564090267101, 35.737583203638906], [51.21567615978743, 35.73755110580754], [51.21597176334671, 35.7375503367437], [51.21598501320473, 35.73701846947744], [51.21630206346614, 35.73700876427737], [51.21630004023777, 35.735959083065566], [51.21633529719064, 35.73592698495241], [51.21663089389852, 35.73592621429071], [51.21663112494327, 35.73486901915125], [51.216664123340564, 35.7348444346965], [51.21695971550201, 35.734843663241435], [51.21695840289712, 35.734342768659246], [51.21698302037069, 35.73430573615511], [51.217953497186706, 35.7343008878476], [51.21796747119954, 35.73403950857806], [51.2182845086969, 35.73402979810662], [51.21828336996663, 35.73352498024676], [51.21831919246741, 35.733488994584164], [51.22091239005359, 35.73348710993712], [51.22093715896839, 35.733523986191884], [51.22093858861136, 35.734024954047676], [51.22123424717779, 35.734024649064644], [51.22126864934548, 35.7340527532453], [51.22127224328506, 35.73479974180581], [51.22123642156346, 35.7348357288301], [51.220940830370935, 35.734836510884705], [51.220941238773314, 35.73507083975647], [51.22091680460748, 35.735103950201776], [51.2206098245782, 35.73510760787669], [51.22061023201783, 35.73534193679232], [51.22058934485392, 35.73537336037928], [51.220278816541715, 35.735378703953856], [51.220279561117515, 35.73564910024751], [51.22090306285346, 35.73564800303106], [51.22093836637051, 35.73566905992931], [51.22093688418876, 35.736715258878476], [51.22061430098271, 35.73673053726146], [51.220614708473946, 35.736964866098326], [51.220586578785216, 35.73699930717098], [51.21995152545376, 35.73700224023869], [51.219951931010726, 35.73723656917635], [51.21991999300016, 35.73727197186297], [51.21829345946091, 35.73727574942099], [51.21828735415278, 35.73752840772835], [51.218258037572234, 35.737546064315005], [51.21796243460527, 35.73754683908713], [51.21794846066238, 35.73780821812645], [51.21763140750559, 35.73781792783819], [51.2176343513888, 35.73889978857602], [51.2192571048222, 35.73889708059613], [51.21929305565418, 35.738932867746875], [51.21929393670019, 35.739167264665], [51.21962561455404, 35.73916665957586], [51.219639583104204, 35.738905280432], [51.21995664042266, 35.738895565403034], [51.21995589684965, 35.73862516924976], [51.21963875844893, 35.738616633261266], [51.21962338649138, 35.73835528717516], [51.218981008347846, 35.7383516943195], [51.218959789974036, 35.73831648731715], [51.218970919633676, 35.7380976696591], [51.21929087802363, 35.7380853122001], [51.21929047438309, 35.73785098308509], [51.21932629658435, 35.737814996950036], [51.22128072145588, 35.7378111795618], [51.22128031199513, 35.73757685077548], [51.221320056239044, 35.73754066368184], [51.222578716551276, 35.73754006222469], [51.22260697921945, 35.73757433411765], [51.22260786994297, 35.73780873154868], [51.2229035444449, 35.73780842240814], [51.22293290433909, 35.73782593343383], [51.22294038804529, 35.73807860537209], [51.22390728334662, 35.73807857613679], [51.22393554641273, 35.73811284752005], [51.22393644104184, 35.738347245110944], [51.22458534546882, 35.73835515065357], [51.224600733278166, 35.73861649634833], [51.22559594352082, 35.7386146343302], [51.22560989301121, 35.7383532548191], [51.22592694678741, 35.73834352378779], [51.22593536027712, 35.7380877052936], [51.2262579478099, 35.73807241233072], [51.22625752376858, 35.737838084413426], [51.226281956266426, 35.73780497215751], [51.226588946588336, 35.73780129995902], [51.22658852158438, 35.7375669720857], [51.226606042432394, 35.73753757342173], [51.22691994312274, 35.73753018667268], [51.22691380425491, 35.735366373911184], [51.22660320391018, 35.73536219574194], [51.22658218643956, 35.73533090893035], [51.22658128413097, 35.73509651095491], [51.22628562054178, 35.7350968290106], [51.22625626024295, 35.735079319094545], [51.22624876625077, 35.734826647059364], [51.22592872967915, 35.73481550008967], [51.225914722700374, 35.73401580581161], [51.225619063688164, 35.73401612221296], [51.225589703453736, 35.73399861207443], [51.22558144876181, 35.73347545175775], [51.225274406432604, 35.733472939824004], [51.225249839367905, 35.73343998286164], [51.22524894100847, 35.73320558498952], [51.22495328545033, 35.733205899742394], [51.22492021370252, 35.7331814873628], [51.22491582035948, 35.73242692181325], [51.22495107516847, 35.732394819956795], [51.225246655672976, 35.73239402817037], [51.225245132771825, 35.73185314349898], [51.22492802160468, 35.73184462159516], [51.22491263292131, 35.73158327569992], [51.22461698414215, 35.73158358960292], [51.2245876240041, 35.73156607912809], [51.224580135314135, 35.73131340696181], [51.22424849014388, 35.731314025594294], [51.22423453612381, 35.73157540527902], [51.22393520281157, 35.73157831934767], [51.223917352102134, 35.731545123415664], [51.223915903929615, 35.731044155064346], [51.222935324369956, 35.731036860618666], [51.222919188347205, 35.73050502607559], [51.222623544316335, 35.730505335062425], [51.22258914178277, 35.730477231425866], [51.22258519677973, 35.72969417481452], [51.22228955615952, 35.729694482968846], [51.22225515369414, 35.72966637919102], [51.222251212021895, 35.72888332249269], [51.22191957687554, 35.72888393466931], [51.221905615355766, 35.72914531433155], [51.22161321129939, 35.72915190185477], [51.22158844209046, 35.729115025785134], [51.2215918416601, 35.72863516934202], [51.22162709145145, 35.72861393773327], [51.222582186228344, 35.72861212885516], [51.22258827834422, 35.728359470264316], [51.22261759441502, 35.72834181225962], [51.22291315854996, 35.728341026264545], [51.22291274453598, 35.72810669730361], [51.222944681573026, 35.72807129342457], [51.224538907687, 35.728068327335215], [51.22457118171354, 35.72810746186435], [51.22457415237148, 35.72914940761976], [51.22489125237281, 35.7291579304294], [51.22490664092425, 35.72941927650443], [51.225545395804446, 35.72942116802479], [51.2255699628839, 35.72945412486426], [51.22557086209174, 35.729688523042846], [51.22756115214518, 35.72968477546329], [51.22756722868658, 35.729432117165636], [51.22759654426403, 35.72941445751639], [51.22789211193716, 35.72941365927167], [51.22789168332273, 35.72917933121911], [51.22792361886616, 35.72914392525668], [51.2308768934889, 35.72913747955707], [51.23089082635689, 35.72887609931312], [51.23120783973967, 35.72886635427116], [51.23120740143286, 35.72863202676388], [51.23123183246219, 35.72859891283907], [51.23153878374741, 35.728595228071164], [51.231536435741006, 35.72778385490792], [51.23121934042596, 35.7277753498145], [51.2312039317538, 35.72751400432659], [51.230872302490475, 35.727514641160155], [51.23087273978947, 35.72774896867454], [51.2308483085834, 35.7277820825056], [51.230209638295186, 35.7277864006485], [51.23020356996088, 35.728039058816556], [51.23017425456757, 35.728056719311645], [51.22987869309269, 35.728057523233616], [51.22987912749671, 35.728291850893186], [51.229851000590614, 35.72832629546526], [51.22855257169159, 35.72833053921168], [51.22855300222055, 35.7285648670867], [51.22852487491514, 35.72859931115458], [51.22755816698889, 35.72860291372638], [51.22755209039647, 35.72885557198666], [51.22752277473963, 35.728873231609235], [51.22722720939845, 35.728874029027786], [51.22722763606112, 35.72910835710495], [51.227191816089736, 35.72914434680571], [51.22626110149893, 35.729144572982094], [51.22623283766994, 35.72911030242517], [51.2262319365362, 35.72887590423662], [51.225936298811014, 35.72887622134464], [51.22590693854275, 35.728858711298805], [51.22589944580076, 35.72860603899773], [51.22557943510452, 35.728594890979096], [51.22556783343401, 35.72754937431545], [51.225600830337946, 35.72752478640183], [51.22589639054533, 35.72752399308798], [51.22589502236456, 35.72702309963499], [51.225916089693726, 35.72698775092349], [51.22655830142317, 35.726981768777165], [51.22655692912728, 35.72648087540826], [51.22658154328315, 35.726443839513806], [51.22752361234261, 35.726440733826706], [51.22755187647836, 35.726475003868806], [51.227552781418474, 35.72670940244383], [51.228201589801635, 35.72671728867257], [51.22821698886276, 35.72697863454697], [51.22888033501956, 35.72697737455069], [51.22887990357228, 35.726743046551086], [51.22891572295671, 35.72670705611364], [51.23020643287849, 35.726704354985706], [51.2302056550044, 35.72643395847381], [51.229898641281075, 35.7264314583103], [51.22987407285225, 35.72639850291768], [51.229873161120345, 35.726164104117146], [51.229556072796846, 35.726155594537], [51.22954066947903, 35.72589424882129], [51.22924504367246, 35.72589457402043], [51.22921568307976, 35.725877065059166], [51.22920818008042, 35.72562439258635], [51.228569456450444, 35.72562252037069], [51.22854488841703, 35.725589564517506], [51.22854304505108, 35.72535512171204], [51.22788064787554, 35.72535642395759], [51.22786670530203, 35.725617804121406], [51.22721799126177, 35.72562816704036], [51.22721841781821, 35.72586249527537], [51.22718259784184, 35.72589848495943], [51.22625573103115, 35.72589965642188], [51.226223659798976, 35.72586444034998], [51.22622275877112, 35.725630042026495], [51.225560360033334, 35.72563123954168], [51.225559845365034, 35.72586561585144], [51.225531717154894, 35.72590005876965], [51.224565042132625, 35.72590363714838], [51.22455971529583, 35.72642678427139], [51.22453039934344, 35.72644444290145], [51.22423484352008, 35.72644523293274], [51.22423695935816, 35.727216615222346], [51.22420484077756, 35.72725594321309], [51.22161935289086, 35.727261309846696], [51.221583401295476, 35.7272255236879], [51.2215815782653, 35.72699108184955], [51.221250886508855, 35.72699173636349], [51.221251295632534, 35.72722606555899], [51.221219358002905, 35.72726146875225], [51.21995306188902, 35.72726283915204], [51.219924799948494, 35.72722856617834], [51.21992391733551, 35.72699416877642], [51.219628288284355, 35.72699447035069], [51.21959892863046, 35.72697695821946], [51.21959145563764, 35.726724285919374], [51.219268812587714, 35.72671021997168], [51.21925899618257, 35.72645440212373], [51.218936354321194, 35.72644033525603], [51.21892579887247, 35.72591402868347], [51.218630174440094, 35.72591432778919], [51.21859577272184, 35.725886222480405], [51.218593682334244, 35.72568020993619], [51.21861120544906, 35.72565081343929], [51.218925058431765, 35.7256434480038], [51.218923206422055, 35.724319464026465], [51.21896144086035, 35.72429097728639], [51.219901945380926, 35.7242983316908], [51.21991731787531, 35.72455967844603], [51.220212937025295, 35.72455937610548], [51.22024733898422, 35.72458748074052], [51.22025126073113, 35.72537053797768], [51.221246306476154, 35.72536871252176], [51.221260270195636, 35.725107332655135], [51.221577269986525, 35.725097613490924], [51.2215765213147, 35.724827216745624], [51.221280901026454, 35.724827522352214], [51.2212455355617, 35.7247956151174], [51.22124048026851, 35.72324488538449], [51.22127648389599, 35.72320497491562], [51.221572026994295, 35.72320419228762], [51.221569188231946, 35.722162319905976], [51.22159025704142, 35.72212697258497], [51.22220031330491, 35.72212188675399], [51.22223238325308, 35.722157104497605], [51.22223327251052, 35.72239150252486], [51.22287196880853, 35.72239340848693], [51.22289653508641, 35.722426366270284], [51.22289742629513, 35.72266076437732], [51.22353612489901, 35.722662666795564], [51.22356069137431, 35.722695624349306], [51.22356158453435, 35.72293002253615], [51.22453553783351, 35.722932972732266], [51.224556554634034, 35.722964260172375], [51.224557450716794, 35.72319865848445], [51.224853064857946, 35.72319834475714], [51.224882424950486, 35.72321585517337], [51.22489067456774, 35.7237390164792], [51.22520775217747, 35.72374753852407], [51.225223141601234, 35.72400888481004], [51.225886463272744, 35.72400764140794], [51.2258860406606, 35.72377331274988], [51.22591047328621, 35.723740200667876], [51.2265491110582, 35.72373590561647], [51.22654834562578, 35.72346550890188], [51.225917144078316, 35.723465881906165], [51.22588507294893, 35.72343066568351], [51.2258841729718, 35.72319626730427], [51.225245469841916, 35.72319437731832], [51.225220902797794, 35.723161420312195], [51.22522000477214, 35.722927022012634], [51.22457122834258, 35.72291911935223], [51.22455584102682, 35.72265777302704], [51.22358544129249, 35.72265649269159], [51.223560874741636, 35.72262353511197], [51.22355998159008, 35.722389137017366], [51.22292878929466, 35.722389494302156], [51.222896719054845, 35.72235427682443], [51.222895827854586, 35.72211987880959], [51.22225358401315, 35.722116303027526], [51.2222325678226, 35.72208501484326], [51.22223167857358, 35.72185061690822], [51.22027758088996, 35.72185397129592], [51.22024162968993, 35.721818184507676], [51.22023981071512, 35.72158374261551], [51.21891405061049, 35.721586207661886], [51.21891445276694, 35.72182053751805], [51.218890017980094, 35.72185364722504], [51.2182873929791, 35.72185759778029], [51.21825144236019, 35.72182181008867], [51.218250564775005, 35.72158741268946], [51.217587262824104, 35.72158861392779], [51.21757328728793, 35.72184999367354], [51.217256300187366, 35.72185970213959], [51.21725923727306, 35.72294156577991], [51.21756623496532, 35.72294409836958], [51.21759079966915, 35.722977057978454], [51.21759167535397, 35.723211455333406], [51.21788728859091, 35.72321115872811], [51.217918672997904, 35.723232031555874], [51.21792542258699, 35.724260630165], [51.217886243331336, 35.72429292887638], [51.216963318424774, 35.72429382871703], [51.21693124995747, 35.72425860874867], [51.2169303761812, 35.72402421163365], [51.216634759863794, 35.72402450580837], [51.216605400500406, 35.72400699268294], [51.216597936929624, 35.72375432029394], [51.21595923019612, 35.72375238088402], [51.215934665907405, 35.72371942068145], [51.21593379506212, 35.72348502368096], [51.21563818111888, 35.723485315398655], [51.21560882185246, 35.723467801943286], [51.21560136140698, 35.72321512954439], [51.2152787337415, 35.723201052551815], [51.21526674708419, 35.72213376768034], [51.214944123973126, 35.72211968974942], [51.214933594819975, 35.72159338264088], [51.21461968404945, 35.72158716318074], [51.21460203930827, 35.72155788252532], [51.21460207410819, 35.72135566530913], [51.2146373314886, 35.721323567985856], [51.21493286799693, 35.72132280169499], [51.21493247750482, 35.72108847102827], [51.21495691340669, 35.721055362714445], [51.21526383632638, 35.721051719829106], [51.21526344487197, 35.720817389206026], [51.21529926827056, 35.72078140495826], [51.21655388464363, 35.72077915339051], [51.21658983467446, 35.72081494183583], [51.21659070737776, 35.72104933914403], [51.21725400490161, 35.72104814341456], [51.21726798147611, 35.72078676358079], [51.21758496420388, 35.72077705518407], [51.217584565963314, 35.72054272494535], [51.217609001073384, 35.72050961572302], [51.21791592126397, 35.72050596603905], [51.21791518508744, 35.72023556902045], [51.21728401127006, 35.72023589661117], [51.21725194271073, 35.72020067676266], [51.217251068090135, 35.71996627943274], [51.21661239269574, 35.719964343391794], [51.21658782821741, 35.71993138340219], [51.21658695554763, 35.71969698615232], [51.21593820712952, 35.71968903644997], [51.215922847459936, 35.719427689179355], [51.21459712350854, 35.71943001457753], [51.21458773747673, 35.719685881731415], [51.21426522323499, 35.719701142366276], [51.21425910491905, 35.71995380168562], [51.21422978794831, 35.71997145690448], [51.21393425706982, 35.71997222153891], [51.213934644615776, 35.72020655232544], [51.21390651289766, 35.720240990796654], [51.21293990568872, 35.72024447544417], [51.21294029033109, 35.72047880638771], [51.2129044661463, 35.72051478958476], [51.210950469522864, 35.720518469548246], [51.21095084834958, 35.720752800818694], [51.210929958344444, 35.72078422141544], [51.21028779490691, 35.72079011968204], [51.21027379604561, 35.72105149904061], [51.20995681072839, 35.721061187928015], [51.209958229701066, 35.721602074121456], [51.21158062405459, 35.721599470884485], [51.21161657263364, 35.721635261584225], [51.211617430793396, 35.72186965817233], [51.21290421371124, 35.72186743438438], [51.21294408147641, 35.72190340994412], [51.212938821493566, 35.72239055793479], [51.21290950439061, 35.72240821272369], [51.212613963180914, 35.72240897414726], [51.212608558451485, 35.72293212238351], [51.21257924131548, 35.72294977706471], [51.21228369780289, 35.72295053768411], [51.21227332737017, 35.72347976202852], [51.211290017991864, 35.723493266924926], [51.21127602239533, 35.723754646218644], [51.21095902608853, 35.72376433783197], [51.21096116510412, 35.724575712667004], [51.211278243887605, 35.72458427205532], [51.21129358885006, 35.724845619595506], [51.212260318479785, 35.72484568462101], [51.21228857804906, 35.724879960499884], [51.21228943825065, 35.725114357044], [51.21258505864948, 35.72511407344624], [51.21262042188719, 35.72514598444707], [51.21261718331068, 35.726177988998224], [51.21258786617384, 35.7261956436894], [51.21229230921666, 35.72619640437344], [51.212292692099666, 35.726430735142436], [51.212264559893086, 35.72646517300886], [51.21162959226994, 35.7264680617847], [51.21163030737594, 35.72673845863409], [51.21226534211131, 35.72673910647416], [51.21229360168392, 35.72677338234487], [51.21229446194345, 35.72700777880987], [51.2126260895225, 35.72700719319117], [51.21264008072868, 35.72674581389735], [51.21295708911229, 35.726736117818255], [51.21296554375746, 35.72648029859507], [51.21328808645926, 35.726465041530346], [51.21328770066268, 35.72623071082873], [51.21331213705022, 35.72619760306345], [51.213619081563444, 35.726193964327464], [51.21361869480426, 35.72595963366948], [51.21363621931897, 35.72593023849987], [51.21395007442487, 35.725922886209645], [51.213948781103724, 35.725421990188266], [51.2139664878663, 35.72538867151905], [51.21461205341957, 35.72538072722929], [51.21461166377274, 35.72514639670228], [51.21464360330061, 35.7251109963006], [51.215274751167556, 35.725109053409476], [51.21527344959503, 35.72460815757932], [51.21529806766777, 35.72457112570786], [51.216232425038115, 35.72456659450162], [51.21626837497752, 35.72460238307893], [51.21626924682764, 35.72483678018347], [51.21656486662469, 35.724836486806545], [51.21659793691002, 35.72486090246683], [51.21660242171025, 35.72537716115511], [51.21689804379505, 35.72537686695181], [51.21692942807322, 35.72539774013136], [51.21693560110746, 35.725917541139935], [51.217231225480056, 35.72591724611022], [51.21726260980111, 35.725938119168035], [51.21726951952998, 35.72672840884931], [51.21790455479815, 35.72672902687602], [51.21793281605746, 35.72676330059228], [51.217933692832574, 35.72699769783502], [51.218250782814614, 35.72700623848779], [51.21826688800763, 35.727538073932784], [51.21890193010003, 35.72753868666337], [51.21893019165845, 35.72757295999582], [51.21893107137371, 35.72780735734175], [51.219579887642304, 35.72781529042798], [51.21959525919605, 35.72807663705677], [51.22023400235456, 35.728078556898275], [51.220258567856014, 35.728111515571854], [51.220259451474654, 35.72834591307778], [51.22092280933161, 35.728344696911336], [51.22092240114365, 35.728110367608636], [51.220954338777354, 35.72807496456084], [51.22157652732725, 35.728087659150624], [51.22157529308166, 35.72860230426038], [51.221255374581915, 35.728614667871675], [51.221255783757314, 35.72884899698842], [51.22122765425345, 35.728883438277464], [51.22059266834252, 35.72888637450011], [51.220586570007, 35.72913903308684], [51.220557253658995, 35.72915669041285], [51.22026168587682, 35.729157470719464], [51.22024771906915, 35.72941885027399], [51.21993070116804, 35.72942856602413], [51.21992976951102, 35.730215273037466], [51.21989677157425, 35.73023985874985], [51.21960119918411, 35.730240637448475], [51.219604911423566, 35.73159298785949], [51.21991194531855, 35.73159551430191], [51.21993651072842, 35.73162847307513], [51.219937393486966, 35.73186287038893], [51.22026005810128, 35.73187693431622], [51.2202559114415, 35.732394223360245], [51.219607139451796, 35.732404545098035], [51.21960754389184, 35.73263887431571], [51.21957172167849, 35.73267486057764], [51.217977476855296, 35.732676231659745], [51.21794921550027, 35.732641957949596], [51.217948338546414, 35.73240756104717], [51.21729948451408, 35.73239961912214], [51.217284120184104, 35.732138272542734], [51.21698847015127, 35.732138567698094], [51.21695911075775, 35.732121054707505], [51.21695164588341, 35.73186838266695], [51.21632037568585, 35.73186870552745], [51.21628830740351, 35.73183348531672], [51.216287435333854, 35.73159908860908], [51.215648663564835, 35.73159714776933], [51.21562409935954, 35.731564187484494], [51.21562322924178, 35.73132979085707], [51.21497438448383, 35.73132183625349], [51.2149590276072, 35.731060489411036], [51.21332150172221, 35.731058639761706], [51.2133004881148, 35.731027348867734], [51.21329962481573, 35.73079295253824], [51.21299259525043, 35.73079040902414], [51.2129680318345, 35.73075744782176], [51.212967169515444, 35.730523051526774], [51.21264451208292, 35.730508967390925], [51.212634716458396, 35.73025314957693], [51.21231470137026, 35.730241965515745], [51.21230226564454, 35.729983246688775], [51.21163889382102, 35.72998441537464], [51.21163276755263, 35.73023707434125], [51.211603450316076, 35.73025472871667], [51.21130787636306, 35.730255487036004], [51.211308256456775, 35.73048981777879], [51.21127631584946, 35.7305252168307], [51.20967823057986, 35.73052706116292], [51.20964976904514, 35.73048886628814], [51.209645199476704, 35.72867152170177], [51.20968102452446, 35.72863553997055], [51.2099765922189, 35.72863478575954], [51.20997588265138, 35.728364388966774], [51.20864907365581, 35.728366697001476], [51.20864060545573, 35.72862251612515], [51.208318052691304, 35.72863776052264], [51.2083184239962, 35.72887209185383], [51.208293986051125, 35.72890519794533], [51.20798702948375, 35.7289088231285], [51.20797302346861, 35.7291702019825], [51.20765600403314, 35.72917988481903], [51.207656373412114, 35.72941421623729], [51.207631935269816, 35.72944732210312], [51.207324976339436, 35.72945094559418], [51.20732622839208, 35.72995184245747], [51.207308519397415, 35.7299851593247], [51.20599945011682, 35.72999420205443], [51.20599400275008, 35.73051735002535], [51.20596468495433, 35.730535002541615], [51.20566910882308, 35.73053574700811], [51.205668732668286, 35.7315929445973], [51.205635732350984, 35.7316175247598], [51.20534015167456, 35.73161826843192], [51.20534468040976, 35.73347553199072], [51.20530885399683, 35.733511511793054], [51.20501326541235, 35.73351225468638], [51.20500781180272, 35.734035402398725], [51.204974571414816, 35.73405325409729], [51.20435115408966, 35.7340543605675], [51.20435238774136, 35.73455525759792], [51.20432776581874, 35.734592285644155], [51.20302553138209, 35.73459758416902], [51.20301150965283, 35.7348589624725], [51.20269446560595, 35.73486863208624], [51.20269336513649, 35.73565534080614], [51.20266036432195, 35.735679919820754], [51.20236476627352, 35.73568065623289], [51.2023606642991, 35.736744780963214], [51.2023313461401, 35.73676243229416], [51.20203574354541, 35.73676316791144], [51.202036962825126, 35.73726406515276], [51.202019252099255, 35.737297380560015], [51.201373585158265, 35.7373052572679], [51.20136246285601, 35.73756399177153], [51.201078503849835, 35.737576001935004], [51.20104255824735, 35.73754020648594], [51.201041730712696, 35.737305812129826], [51.20038728519996, 35.73729224821309], [51.20037685038514, 35.73676594192264], [51.20008118349317, 35.73676619556859], [51.20004678556203, 35.736738082593526], [51.20004856389803, 35.73624662734341], [51.20007989388707, 35.73622560356174], [51.2003754947651, 35.73622487284748], [51.200375146553945, 35.73599054040916], [51.200399586789175, 35.73595743704847], [51.20070657402158, 35.735953831328295], [51.20070622484683, 35.735719498933385], [51.20072711776194, 35.73568808145005], [51.20103765103423, 35.73568278889313], [51.20103730089592, 35.73544845654165], [51.2010548289398, 35.735419064707465], [51.20136872580306, 35.73541174554201], [51.20136837470122, 35.735177413233956], [51.201385902652255, 35.735148021312014], [51.2016997983281, 35.735140701274986], [51.20169944626275, 35.73490636901037], [51.201716974120934, 35.73487697700067], [51.20203086860939, 35.734869656092066], [51.202029649479854, 35.73436875851243], [51.20204736015523, 35.734335443152595], [51.20269300244084, 35.73432756297867], [51.20270702519884, 35.7340661845998], [51.20302406599105, 35.73405651504825], [51.203023710071925, 35.73382218295741], [51.20304814951806, 35.73378907869343], [51.20335512729764, 35.733785466202036], [51.203360591690505, 35.733262318283096], [51.203389909670406, 35.73324466660935], [51.20368549759818, 35.73324392779813], [51.20368412042915, 35.73270304243914], [51.20336700930068, 35.732694462713866], [51.20335168946792, 35.73243311486506], [51.20269728394915, 35.732419563545264], [51.20268546360027, 35.73135227942744], [51.20238981885383, 35.73135253868081], [51.20235675082773, 35.73132811749973], [51.20235167325345, 35.730541371444296], [51.20203457131577, 35.73053278811476], [51.20201925578886, 35.73027144004788], [51.201370421780766, 35.73026341142051], [51.201354427589315, 35.72973157444178], [51.19906452157711, 35.729734570730145], [51.1990324584299, 35.729699343286285], [51.19903163695232, 35.72946494887795], [51.198736000547235, 35.7294651991247], [51.19870664293391, 35.729447680106254], [51.198699235135734, 35.72919500821087], [51.198035869283665, 35.72919610187686], [51.19802183149417, 35.729457480131764], [51.197704808800076, 35.729467136291674], [51.19769434312645, 35.729996359971935], [51.197374413406415, 35.73000865869504], [51.19737475270483, 35.73024299182477], [51.19735031149151, 35.73027609416256], [51.197043347323834, 35.73027969127114], [51.19704534572075, 35.731091065929434], [51.197359293345784, 35.73109733164375], [51.19737693322171, 35.731126616860315], [51.1973777498871, 35.731361011072956], [51.19768477984126, 35.731363594600325], [51.19770933865199, 35.73139656103143], [51.19771015629678, 35.731630955278916], [51.198032815311244, 35.73164508044124], [51.19804256494982, 35.73190089854731], [51.19835967197289, 35.73190949248024], [51.198374975846264, 35.7321708408781], [51.19934179544445, 35.73217100952131], [51.199370051155896, 35.73220529031232], [51.19937087368256, 35.732439684756734], [51.201336620177344, 35.73243949909961], [51.20136118007352, 35.73247246426961], [51.20136200843854, 35.73270685897961], [51.2016576588222, 35.73270660214635], [51.201690726646504, 35.7327310235957], [51.20169327418356, 35.733218914779265], [51.201658958701046, 35.733247194418944], [51.2013633705556, 35.733247928339], [51.201363571412664, 35.73403093645405], [51.20132925586219, 35.734059215959434], [51.20103366429203, 35.73405994907953], [51.20103401439037, 35.734294281393375], [51.20101648628752, 35.734323673254735], [51.20003909362534, 35.734332096463085], [51.200040226886436, 35.73511129258845], [51.200004965786476, 35.73514338360699], [51.19970936948487, 35.735144113486136], [51.19970656853059, 35.73593437679836], [51.199675238411714, 35.73595540043842], [51.19937963868514, 35.7359561295174], [51.19937998398126, 35.73619046202218], [51.199355543373244, 35.736223565065856], [51.19904855490438, 35.73622716739956], [51.19904889923686, 35.736461499947744], [51.19902800577211, 35.736492916955385], [51.19871746887975, 35.73649820436567], [51.19871781224854, 35.73673253695722], [51.198700283496734, 35.7367619282059], [51.19838638061121, 35.73676924041566], [51.19838588165964, 35.73728175999098], [51.19835156549524, 35.737310038271275], [51.19805595991588, 35.73731076411393], [51.19805046122945, 35.73783391192166], [51.198021142642794, 35.73785156183296], [51.19772553475933, 35.73785228687024], [51.1977157383551, 35.738651998297044], [51.19739577275904, 35.738664297198746], [51.197387269336204, 35.73892011599908], [51.19706467106193, 35.73893532955682], [51.197058499481095, 35.73918798879585], [51.1970291807955, 35.739205638382664], [51.19673356712065, 35.739206360998615], [51.19673390473748, 35.739440693798244], [51.196709463342195, 35.73947379594237], [51.1954431482731, 35.73947871518827], [51.19540720431593, 35.739442917186274], [51.19540573234893, 35.73893803517383], [51.19509175257394, 35.73893176431573], [51.195074113277094, 35.73890247846826], [51.19507330320027, 35.738668085001336], [51.19476624340534, 35.73866549478153], [51.19474168539292, 35.738632527323134], [51.19474087629575, 35.73839813389115], [51.19441818999737, 35.738383999657636], [51.19440845163534, 35.738128181843344], [51.19409131954226, 35.738119577310364], [51.19407537284828, 35.73758774025374], [51.19377970342763, 35.737587978415405], [51.19374832206757, 35.73756709690636], [51.19374098813919, 35.736506320374986], [51.19344532325411, 35.73650655770124], [51.19341394193694, 35.7364856760689], [51.193407266593645, 35.73569538805638], [51.19311160512121, 35.735695624552214], [51.19308224806012, 35.7356781036906], [51.19307420476697, 35.73515494342365], [51.192757085236316, 35.73514633527167], [51.19274179924102, 35.734884986565824], [51.19209292832275, 35.73487690759815], [51.192076994920285, 35.73434507003796], [51.19079000717506, 35.734347071641906], [51.19075302206406, 35.73432245974761], [51.19074967301072, 35.73411275494404], [51.19078161968249, 35.734077364480264], [51.19174459581633, 35.73407501840643], [51.19174394772981, 35.73380462155618], [51.19112046522462, 35.73380556751469], [51.19108118820059, 35.73377346095331], [51.19108599533614, 35.73328243639912], [51.19111531453237, 35.73326478877414], [51.191410904743925, 35.73326408012847], [51.19140831611247, 35.73218221660239], [51.19107666664074, 35.73218274380305], [51.19107698754713, 35.73241707789778], [51.1910525444546, 35.732450178078935], [51.19078157308923, 35.7324534634841], [51.19074621514593, 35.73242154295874], [51.19075271246864, 35.731656870048624], [51.19140702138568, 35.73164114682382], [51.19140313864639, 35.73001830504172], [51.191071498147906, 35.73001883220063], [51.19105743813403, 35.730280210003194], [51.19074041058877, 35.73028984750115], [51.19073615387065, 35.73135397431846], [51.190706834562384, 35.731371621804], [51.19041125222842, 35.73137232878579], [51.19041157117006, 35.731606663031855], [51.19038712787793, 35.731639762982226], [51.19008015684355, 35.73164334223262], [51.19007460601381, 35.73216649105674], [51.190045286639624, 35.73218413832568], [51.189749700820215, 35.73218484369145], [51.18975162538063, 35.73299621844192], [51.19006873556038, 35.73300483459904], [51.19007918900788, 35.7332450737407], [51.190043935266885, 35.73326629289579], [51.1894205213618, 35.73326732198938], [51.189421161582594, 35.73353771890042], [51.190387997350946, 35.733537959521435], [51.190416250384345, 35.73357224372951], [51.19041222264739, 35.73378552688567], [51.19037696894683, 35.73380674617348], [51.18975355062917, 35.73380777700577], [51.1897536379904, 35.73459078694302], [51.18971932004601, 35.73461906163665], [51.189423724076455, 35.73461976623043], [51.18942404019305, 35.73485410048908], [51.189392093030854, 35.73488949041271], [51.18876984942623, 35.73487662707821], [51.18877483421339, 35.73462982834335], [51.18909188022859, 35.73462019614355], [51.18909064981435, 35.7340802458715], [51.18875894428156, 35.73407983127018], [51.18875338496737, 35.73460297995307], [51.18872406546116, 35.73462062679097], [51.18842842548914, 35.734622265421734], [51.188429106207025, 35.73489172580426], [51.18874622402992, 35.73490034548411], [51.18875667367104, 35.73514058473935], [51.18872141976741, 35.73516180337678], [51.18809798987158, 35.7351628256644], [51.18809571061129, 35.736223579018606], [51.188064378971006, 35.736244598466364], [51.18776877596817, 35.736245299012054], [51.187769087271846, 35.73647963347351], [51.187744643195145, 35.7365127325297], [51.187437651501284, 35.7365163050561], [51.18744399054453, 35.7392211001168], [51.187739666013414, 35.739220877424955], [51.18776902247504, 35.7392384000523], [51.18777614060746, 35.739729383858716], [51.18774087645715, 35.73976146954433], [51.1874452588169, 35.73976216933649], [51.18743799207641, 35.74055896539688], [51.18711538451951, 35.74057415157393], [51.18711569399699, 35.74080848593991], [51.18709124972934, 35.74084158478347], [51.18678423997355, 35.74084515568521], [51.18678650824012, 35.742165330417166], [51.18675124384427, 35.74219741567846], [51.186455615927464, 35.74219811306672]], [[51.226214206037945, 35.73672009306818], [51.22625407757837, 35.73675606208057], [51.22625090973346, 35.73723983592444], [51.22621958309414, 35.73726086915346], [51.225945044439015, 35.73725686029241], [51.22592382371032, 35.73722165551114], [51.2259271969838, 35.73674179948265], [51.22595852358029, 35.736720766354416], [51.226214206037945, 35.73672009306818]], [[51.225634425881864, 35.73807362923394], [51.22559455441783, 35.73803765991075], [51.22560546289244, 35.73781492320757], [51.22591379550652, 35.73781431789721], [51.2259144665824, 35.738061374608755], [51.225634425881864, 35.73807362923394]], [[51.22227375902666, 35.73699797253565], [51.221956626997816, 35.73698944274054], [51.221950423990364, 35.736742674382846], [51.22257645801662, 35.736728597805005], [51.2226047206833, 35.73676286970166], [51.22260561138077, 35.73699726716645], [51.222937280158696, 35.73699665297863], [51.222936526562144, 35.73672625679433], [51.22264085670839, 35.73672656591117], [51.222604701520915, 35.73668686243506], [51.2226064242838, 35.73621056144972], [51.22263942168389, 35.736185974663734], [51.222935018320925, 35.73618518850484], [51.22293426475451, 35.73591479228396], [51.22261713711244, 35.735906264244115], [51.22260100292381, 35.73537443010141], [51.222305338727445, 35.735374738374254], [51.22226938692637, 35.73533895255757], [51.222268836249164, 35.73514062271048], [51.22228635831672, 35.73511122520677], [51.22260024979114, 35.73510384991497], [51.22259983653134, 35.73486952122536], [51.22263177365632, 35.73483411745239], [51.22389050653335, 35.734831204720976], [51.22392645871573, 35.7348669897826], [51.223927353240015, 35.73510138750855], [51.22489790803338, 35.73510266443696], [51.22492247492727, 35.73513562148083], [51.22492337237603, 35.73537001933219], [51.22523042265061, 35.735372532060325], [51.22525498964351, 35.735405488988725], [51.22525588807298, 35.73563988687434], [51.22555155393557, 35.73563957125326], [51.22558091408924, 35.73565708141012], [51.22558916891492, 35.73618024161067], [51.225884837066175, 35.73617992516239], [51.225920203587364, 35.736211830317515], [51.2259156090934, 35.73670285719206], [51.225886293269845, 35.73672051629325], [51.22559069511119, 35.73672130980222], [51.22558981961085, 35.73750801499257], [51.22555682261758, 35.73753260293083], [51.225261221032866, 35.737533395641584], [51.225261642150215, 35.73776772364055], [51.22522970573206, 35.737803128547476], [51.22396323511642, 35.73780454181892], [51.22393497196582, 35.73777027041413], [51.223934077353945, 35.73753587290423], [51.223638404002294, 35.737536184485364], [51.223609043963016, 35.7375186737014], [51.223601558179375, 35.73726600180676], [51.22230671882847, 35.737267587524116], [51.22227464876104, 35.73723236984008], [51.22227375902666, 35.73699797253565]], [[51.2225926573571, 35.73235897571605], [51.22255665409972, 35.73239888686029], [51.22195764032639, 35.732398465795534], [51.221929377781144, 35.732364193605456], [51.221930338222116, 35.732158164344156], [51.22196857206747, 35.73212967623053], [51.2225636613588, 35.73213029735293], [51.22259192401701, 35.732164569270395], [51.2225926573571, 35.73235897571605]], [[51.22092946752113, 35.730739102518534], [51.22089346369227, 35.730779012881655], [51.22061558251226, 35.73077298200514], [51.220597732892216, 35.730739785137494], [51.22060389518964, 35.730527043556066], [51.22063713407963, 35.7305091861667], [51.22091109178626, 35.730515417048665], [51.220928738253114, 35.730544695951636], [51.22092946752113, 35.730739102518534]], [[51.21625666583173, 35.720198478559006], [51.216220660391265, 35.720238386704736], [51.21594282285931, 35.72023234472305], [51.21592497478841, 35.720199146511575], [51.21593114956475, 35.719986405035165], [51.215964388869665, 35.71996854936877], [51.21623830297165, 35.719974791197515], [51.21625594811717, 35.72000407138156], [51.21625666583173, 35.720198478559006]], [[51.214275994591, 35.7237583852286], [51.21427560596512, 35.72352405456625], [51.21430754559508, 35.7234886543106], [51.2152304672801, 35.72348623769024], [51.21526974994803, 35.72351833292536], [51.21527086881553, 35.72372054259218], [51.215253344706284, 35.723749938227776], [51.21493949894477, 35.72375729401193], [51.21492624158054, 35.72428916236796], [51.214277535550664, 35.72429945488566], [51.214263549513085, 35.72456083431623], [51.21397116405018, 35.724567402724176], [51.21394639748258, 35.72453052390768], [51.21394744903232, 35.723783733316644], [51.21398044787546, 35.72375914993852], [51.214275994591, 35.7237583852286]], [[51.2145984242534, 35.7202815192692], [51.21463443015891, 35.72024161190449], [51.21491226798158, 35.72024765696247], [51.214930115669475, 35.72028085541423], [51.21492393826723, 35.72049359679407], [51.214890698785204, 35.72051145206571], [51.21461678268772, 35.72050520714648], [51.21459913794874, 35.72047592648742], [51.2145984242534, 35.7202815192692]], [[51.203694452225825, 35.736760279192055], [51.20370060313193, 35.73650762007526], [51.20372992107975, 35.73648996828252], [51.20402552239743, 35.73648922859398], [51.20402516349284, 35.736254896790186], [51.20404960263713, 35.73622179217503], [51.20502010612356, 35.7362170483125], [51.205020562683934, 35.73570452953007], [51.2050548773842, 35.735676248494705], [51.20535047509046, 35.73567550556026], [51.205355926412274, 35.735152357942226], [51.205385244195355, 35.7351347056063], [51.20568083959751, 35.73513396186694], [51.2056804758759, 35.734899630280665], [51.20570491452701, 35.73486652510102], [51.20601189630615, 35.73486290577439], [51.206011531621236, 35.73462857423166], [51.20602905826604, 35.734599181070955], [51.20667470188801, 35.73459127938517], [51.206674335268474, 35.734356947942544], [51.20670627716779, 35.73432155082458], [51.20766925292167, 35.734319077228164], [51.20768325978446, 35.734057698556796], [51.20800029950575, 35.73404801566171], [51.208008066237824, 35.733521708149475], [51.20833063936948, 35.73350646462873], [51.20833026792581, 35.73327213341697], [51.20835470578689, 35.73323902733221], [51.20866168035396, 35.7332354012248], [51.20865971422176, 35.7324640162259], [51.20867742271548, 35.7324306990163], [51.209323047787954, 35.73242278308789], [51.209322673463085, 35.73218845199378], [51.20935849860354, 35.73215247039616], [51.210649303682644, 35.73214997875839], [51.21065543297517, 35.73189731975731], [51.210684750231245, 35.73187966568033], [51.21098033118735, 35.73187890895979], [51.21099432753228, 35.73161752998389], [51.211643095084995, 35.731607255208104], [51.21164271398638, 35.73137292447154], [51.211670846299, 35.731338486854995], [51.21259767384431, 35.73133512855008], [51.21263095153617, 35.73135282846265], [51.212638969662365, 35.731835999550405], [51.2126212624214, 35.731869317909], [51.21197564276493, 35.731877251726374], [51.21197602485044, 35.73211158227723], [51.21195513515868, 35.73214300321922], [51.211312877773125, 35.73214890730102], [51.211298882457505, 35.732410286201315], [51.2109818502869, 35.73241997800211], [51.21098083100568, 35.73320668588741], [51.210947831574586, 35.7332312681232], [51.21065224516828, 35.73323202487098], [51.210655806522745, 35.73458437540362], [51.21095146599093, 35.734584095695574], [51.21098082472084, 35.73460161067261], [51.21098898450511, 35.735124771032346], [51.2116202813208, 35.735124475991036], [51.21165234813286, 35.73515969811879], [51.21165320670526, 35.73539409414174], [51.21229892877688, 35.73539973625401], [51.212316572839846, 35.735429017453605], [51.21231743336433, 35.73566341355697], [51.212624483179745, 35.73566595865794], [51.2126490464308, 35.735698919929185], [51.21264990793549, 35.73593331606712], [51.212972587926, 35.73594740000782], [51.21298223233233, 35.73616322801404], [51.21296452521166, 35.73619654648088], [51.21201542233697, 35.73620325083514], [51.21198716276197, 35.73616897485829], [51.21198630319262, 35.73593457892689], [51.207673558926004, 35.73594210009866], [51.20766812274055, 35.73646524741714], [51.20763880510774, 35.73648290049832], [51.20734320462731, 35.73648364915654], [51.207343573253354, 35.736717980278556], [51.207319135025536, 35.73675108605907], [51.207012145767365, 35.73675470884616], [51.20701251343006, 35.73698904001173], [51.20699498701334, 35.737018433476656], [51.206017562224844, 35.7370269055691], [51.20601141856639, 35.7372795644757], [51.20598210076895, 35.737297217012106], [51.20568649661446, 35.737297961609094], [51.20567248344835, 35.73755933994581], [51.20535542876009, 35.737569016733346], [51.2053573634026, 35.73834040162907], [51.20533965377265, 35.73837371796841], [51.20403044484319, 35.73838273966775], [51.204030803810625, 35.738617071264265], [51.20399497701406, 35.73865305048908], [51.203735367704276, 35.738653490789446], [51.203700969026805, 35.73862537933703], [51.20369651922708, 35.73757183656714], [51.20340084852673, 35.73757209838601], [51.20336548746824, 35.73754018338706], [51.20336584911357, 35.73678559736354], [51.20339884972504, 35.73676101807038], [51.203694452225825, 35.736760279192055]], [[51.20833838912968, 35.73648183801932], [51.20833801759668, 35.73624750695134], [51.208373843024475, 35.7362115257855], [51.2106278710854, 35.7362081760034], [51.2106599376031, 35.73624339854308], [51.21066079329265, 35.73647779438309], [51.21129590872296, 35.736478447079506], [51.21132416801495, 35.73651272328855], [51.211325025656656, 35.73674711920906], [51.21164506761647, 35.73675830577377], [51.211657316684935, 35.737255333315765], [51.21161813592563, 35.73728762912982], [51.21066293096149, 35.73728935143852], [51.21066330932639, 35.737523681954556], [51.21063136853153, 35.737559080761294], [51.20966835335749, 35.73756157829602], [51.2096687288162, 35.737795908969105], [51.209636787723426, 35.73783130736122], [51.20837412269194, 35.737833502451565], [51.20834205676863, 35.73779827893346], [51.20834120784184, 35.737563883575106], [51.20804553652813, 35.737564156814756], [51.20800938630214, 35.73752444652383], [51.20800847453566, 35.73651087058436], [51.20804278861962, 35.736482588307766], [51.20833838912968, 35.73648183801932]], [[51.20473682655758, 35.75515177806879], [51.20473489668024, 35.75438039524386], [51.20475951836537, 35.75434336702902], [51.20539841417375, 35.75433918373718], [51.20539805085504, 35.75410485302169], [51.2054377996296, 35.754068673600756], [51.206033071938585, 35.75406937605382], [51.206061329672494, 35.754103654217815], [51.20606217228532, 35.75433804866657], [51.20639391338384, 35.75433747985161], [51.20640501931519, 35.75407874593647], [51.20668904666866, 35.75406672264974], [51.20672499383905, 35.75410251545563], [51.206726537982675, 35.75460739763667], [51.20705828018549, 35.75460682698555], [51.207061708014464, 35.75408705462876], [51.20709303709093, 35.754066028270884], [51.20735659240978, 35.754066149182904], [51.20738886053215, 35.75410529103573], [51.20739160999362, 35.755147230514915], [51.208055190806604, 35.75514608455101], [51.208069195943814, 35.75488470680691], [51.20837178274322, 35.754884163642195], [51.2083883355744, 35.7559247937597], [51.20834915403252, 35.7559570881021], [51.20741833043464, 35.755955655219225], [51.20739376864654, 35.75592269217283], [51.2073977510965, 35.755709408697385], [51.20742908012952, 35.75568838221412], [51.20772476039725, 35.75568763318271], [51.20772405774101, 35.75541723756994], [51.207060474661944, 35.75541838171452], [51.207052002092496, 35.755674199610716], [51.206729336749895, 35.75568944003635], [51.20672319575072, 35.75594209804154], [51.20669387801435, 35.75595975085264], [51.20639819659182, 35.75596049744189], [51.20639856288291, 35.756194827792974], [51.20637042892927, 35.756229263509574], [51.20477180918502, 35.75623295195178], [51.20473974431912, 35.75619772698647], [51.204738905541305, 35.75596333290514], [51.20444315831876, 35.755963597524364], [51.20440700930009, 35.75592388561843], [51.20440814753307, 35.75517709949495], [51.20444114797399, 35.75515251974607], [51.20473682655758, 35.75515177806879]], [[51.206399650879305, 35.75654146111908], [51.206435659556625, 35.75650155743703], [51.20670672885222, 35.75650394063146], [51.20673129036855, 35.75653690387878], [51.206732134999626, 35.75677129831784], [51.20702788605779, 35.75677102796739], [51.20706095476338, 35.75679544725733], [51.207049970175675, 35.757032197049874], [51.20673283500205, 35.757041877809584], [51.206733202297755, 35.75727620805167], [51.20670876390984, 35.75730931368457], [51.20610976311171, 35.75731338965254], [51.206072775617336, 35.75728878430995], [51.20608376299936, 35.75705203469314], [51.206400898424924, 35.757042355759445], [51.206399650879305, 35.75654146111908]], [[51.205406209751814, 35.75735462763466], [51.20544221876869, 35.757314724412815], [51.20572021043865, 35.7573207905314], [51.20573805517304, 35.75735399146425], [51.20573185437704, 35.75756673012208], [51.20569861403835, 35.757584582136154], [51.20542454401837, 35.7575783164617], [51.205406901805745, 35.757549033432674], [51.205406209751814, 35.75735462763466]], [[51.20474251852572, 35.757355758994194], [51.204778527769975, 35.7573158560818], [51.205056519449926, 35.757321923758006], [51.20507436396661, 35.757355124877634], [51.2050681614271, 35.75756786345477], [51.20503492102849, 35.75758571522742], [51.204760850992706, 35.75757944801769], [51.204743208965944, 35.757550164810496], [51.20474251852572, 35.757355758994194]], [[51.20474043972979, 35.75654429629958], [51.20477644897555, 35.756504393391154], [51.20505443728675, 35.756510461082954], [51.20507228180146, 35.75654366220538], [51.205066079240744, 35.75675640081756], [51.205032838842506, 35.756774252587654], [51.20475877217533, 35.75676798536248], [51.20474113015015, 35.75673870215268], [51.20474043972979, 35.75654429629958]], [[51.203747467071565, 35.75754786850633], [51.203711457383726, 35.757587770964804], [51.203433464830695, 35.75758170014422], [51.20341562080062, 35.7575484985193], [51.203421827676046, 35.757335760179004], [51.20345506813735, 35.757317908975764], [51.20372913736159, 35.75732417922584], [51.203746779052594, 35.75735346266881], [51.203747467071565, 35.75754786850633]], [[51.20110146428645, 35.74514986091099], [51.201061397509015, 35.74510996155185], [51.20106287853568, 35.743818643414336], [51.20109420839451, 35.74379761924841], [51.20138984048294, 35.74379688594514], [51.201389489137775, 35.74356255404141], [51.20141762452763, 35.74352812029354], [51.202031670328665, 35.74353008466056], [51.20205288292112, 35.743565297011315], [51.202054194757224, 35.744066261467395], [51.2023498923914, 35.74406600278736], [51.20238525310995, 35.74409791819537], [51.202383896335895, 35.74512654567751], [51.20235256656457, 35.74514757030635], [51.20205692920853, 35.74514830608263], [51.20205728254373, 35.74538263769217], [51.202017532701504, 35.745418815447465], [51.201422332366825, 35.74541809287891], [51.201394075952706, 35.74538381288255], [51.201393247218206, 35.745149418809326], [51.20110146428645, 35.74514986091099]], [[51.200725528803886, 35.74080489874474], [51.2007208798589, 35.73894703421518], [51.20075019810321, 35.73892938340035], [51.20104581006902, 35.73892865100438], [51.20104545983669, 35.738694318809394], [51.20107359533473, 35.738659885207895], [51.20169096983756, 35.738663861829046], [51.201708813221195, 35.7386970639459], [51.201710804907265, 35.73946851718644], [51.20200648340465, 35.73946825940949], [51.2020395512852, 35.7394926807048], [51.20204530985509, 35.74054991399491], [51.202340992888494, 35.7405496553816], [51.202370350775, 35.74056717318743], [51.20237161568276, 35.74107259558189], [51.2023422975227, 35.741090246925495], [51.20204667698845, 35.74109098262483], [51.2020470302055, 35.74132531443008], [51.2020188949267, 35.74135974844017], [51.20140486744166, 35.74135778394634], [51.2013838572843, 35.74132648942982], [51.201383028667664, 35.74109209518641], [51.20107595795808, 35.74108952120542], [51.20105139806933, 35.74105655592827], [51.201050570432706, 35.74082216171967], [51.20075488660866, 35.74082241707358], [51.200725528803886, 35.74080489874474]], [[51.19969847259944, 35.73081620196433], [51.19969812648676, 35.73058186915244], [51.1997300704798, 35.73054647496143], [51.20100703865542, 35.730550313388996], [51.20102467955175, 35.7305795976289], [51.20102550689012, 35.7308139923722], [51.20132114937196, 35.73081373639029], [51.201355547473796, 35.73084184884691], [51.2013531269544, 35.731877655376415], [51.201319886237755, 35.731895505741804], [51.2000507027014, 35.73189088830602], [51.20003306202465, 35.73186160377123], [51.20003223756983, 35.731627209315235], [51.199725206323684, 35.731624631740615], [51.19970064684586, 35.73159166597038], [51.199699823370544, 35.7313572715492], [51.19940417902007, 35.7313575234624], [51.19936978122736, 35.731329410190554], [51.1993735756426, 35.73083458130027], [51.199402894016465, 35.730816930946645], [51.19969847259944, 35.73081620196433]], [[51.20007027410522, 35.746814549371], [51.20010628496021, 35.74677464867517], [51.20070541946383, 35.74677517838036], [51.2007336755966, 35.74680945860471], [51.20073266105059, 35.74701548673556], [51.20069442291311, 35.74704396537473], [51.20009920901682, 35.74704323628969], [51.20007095299718, 35.747008955792566], [51.20007027410522, 35.746814549371]], [[51.19739916365754, 35.740056726580754], [51.1974351754338, 35.74001682715395], [51.19806256629686, 35.74001555718531], [51.198062224777516, 35.73978122453444], [51.19809416925368, 35.73974583099702], [51.199360674876324, 35.739744690260615], [51.199388930600286, 35.73977897102091], [51.1993897533447, 35.74001336514737], [51.199685433779706, 35.740013113071065], [51.19971983154773, 35.740041226179834], [51.19972171270175, 35.74079591428338], [51.19968739681296, 35.74082419312779], [51.1993917769047, 35.740824922297875], [51.19939212234072, 35.74105925456806], [51.19936017817033, 35.74109464867679], [51.198425428913524, 35.74109524275685], [51.198397173400174, 35.74106096160143], [51.19839635354087, 35.740826567762554], [51.19776120363881, 35.74082584688098], [51.19773294832447, 35.74079156547084], [51.197732130417194, 35.74055717171313], [51.19741207533427, 35.74054594727351], [51.19739916365754, 35.740056726580754]], [[51.196746732162076, 35.74457604953903], [51.1967107200638, 35.744615948687176], [51.19643278129585, 35.74460986127232], [51.19641493958199, 35.74457665764343], [51.196421165089305, 35.744363919591635], [51.19645440617395, 35.74434607096248], [51.19672842167745, 35.74435235756991], [51.19674606139243, 35.74438164292355], [51.196746732162076, 35.74457604953903]], [[51.192789634884484, 35.738130740634986], [51.192749772722436, 35.738094755291705], [51.192760770689034, 35.737872024411324], [51.19306910425087, 35.737871507163426], [51.19306967776275, 35.738118564406754], [51.192789634884484, 35.738130740634986]], [[51.188768427525574, 35.73813707078022], [51.18876898798056, 35.737624549775305], [51.18880330603186, 35.73759627547272], [51.189098914610675, 35.737595572457444], [51.189097776336524, 35.73709467256111], [51.189122403469916, 35.73705764997177], [51.19006460702397, 35.73705483808958], [51.190092859963634, 35.73708912241081], [51.190093655414906, 35.73732351535376], [51.19108885174953, 35.7373219388269], [51.191097375055826, 35.73706611979879], [51.191419967120616, 35.73705092279854], [51.191426156359725, 35.736798263121926], [51.1914554755239, 35.73678061537778], [51.19175108024774, 35.736779905853666], [51.19175075727853, 35.736545571976514], [51.19177520008998, 35.73651247157665], [51.19205757428413, 35.73651201501957], [51.19208213142899, 35.73654498337457], [51.19208293269711, 35.736779376618784], [51.19237859868368, 35.7367791425495], [51.192411664975864, 35.73680356760584], [51.192410078908416, 35.73865768918535], [51.19208748047682, 35.738672889031086], [51.192087804476614, 35.73890722264513], [51.192059666195625, 35.73894165285142], [51.19142459121354, 35.73894443514083], [51.19142491327768, 35.739178768854345], [51.19138516039577, 35.739214941410914], [51.191105098355195, 35.73920368217248], [51.19109272977044, 35.73894496258772], [51.190775594843224, 35.73893634917044], [51.190760315095694, 35.73867500045396], [51.190428638681276, 35.738675525950484], [51.190425102429124, 35.73919530121223], [51.190393771092985, 35.73921632150788], [51.190098156186416, 35.739217027814355], [51.19009628935625, 35.73973324911657], [51.19006328643947, 35.739757823234704], [51.18976766922886, 35.73975852873532], [51.18976798645733, 35.739992862690954], [51.1897435429813, 35.74002596244351], [51.1891193059565, 35.740020922356464], [51.18910275228589, 35.73921859633188], [51.1887956910166, 35.739215990783265], [51.188771134776886, 35.73918302126924], [51.18877034316169, 35.73894862869538], [51.18847466883813, 35.73894885382884], [51.18844328816517, 35.738927970405804], [51.188439813541216, 35.738162346472045], [51.188472816642935, 35.738137772989624], [51.188768427525574, 35.73813707078022]], [[51.191799525291366, 35.740296239907266], [51.19175966340896, 35.74026025408834], [51.191770664033015, 35.74003752347822], [51.19207900659795, 35.740037008854046], [51.19207957721164, 35.74028406601464], [51.191799525291366, 35.740296239907266]], [[51.19112692712343, 35.73651045518425], [51.191087065433095, 35.73647446902463], [51.19109806796009, 35.73625173837103], [51.19140639483394, 35.73625122560428], [51.19140696337474, 35.736498282945426], [51.19112692712343, 35.73651045518425]], [[51.19043834972963, 35.74277283970736], [51.190474363887134, 35.74273294351498], [51.190752295149345, 35.742739044940826], [51.190770134952025, 35.742772250122776], [51.1907638945721, 35.742984987589786], [51.19073065289189, 35.74300283412911], [51.19045664314625, 35.74299653365216], [51.19043900514253, 35.742967246571126], [51.19043834972963, 35.74277283970736]], [[51.18880588836977, 35.73705509919666], [51.18876602733683, 35.73701911190689], [51.18877703617758, 35.73679638169146], [51.18908536535618, 35.73679587513995], [51.18908592701335, 35.73704293249084], [51.18880588836977, 35.73705509919666]], [[51.18905323705746, 35.73516128247449], [51.18909309807266, 35.73519726961676], [51.18908209005612, 35.73541999999367], [51.18877376670168, 35.7354205065164], [51.188773205994956, 35.735173449088], [51.18905323705746, 35.73516128247449]]]}}, {"type": "Feature", "properties": {"cls": 2}, "geometry": {"type": "Polygon", "coordinates": [[[51.2233137006223, 35.75295490834631], [51.223314455944134, 35.753225303792476], [51.223646192047205, 35.753224687409286], [51.22364577528936, 35.752990359771104], [51.22367020855011, 35.752957248362726], [51.22430908909719, 35.75295296437282], [51.22430867040372, 35.752718636835795], [51.22434060700077, 35.75268323228346], [51.22497198162541, 35.752681237687476], [51.22498302857496, 35.75242250330817], [51.22530304499577, 35.75241012927735], [51.22531409090051, 35.75215139487891], [51.22563410612048, 35.752139019952054], [51.22564252017992, 35.75188320209196], [51.22596516499957, 35.751867909711585], [51.22597124595822, 35.75161525236998], [51.226000561706265, 35.75159759319526], [51.22629622163307, 35.751596798556015], [51.22629579715069, 35.75136247129628], [51.22633161727913, 35.751326481934655], [51.22759442854282, 35.751325626922664], [51.22762269272545, 35.751359896849536], [51.227623598482374, 35.75159429439057], [51.2279193309204, 35.75159397271834], [51.22794869129588, 35.75161148205631], [51.22795619102903, 35.751864153460566], [51.22827894033903, 35.75187819496895], [51.228291103333845, 35.752945473609245], [51.22858684147659, 35.75294515027555], [51.228622998624324, 35.752984850862006], [51.22862336183185, 35.75317926207394], [51.22860584152183, 35.75320866135597], [51.22829187622666, 35.75321605288579], [51.22829264839368, 35.7534864482273], [51.22895621449186, 35.75348518700807], [51.22896228606123, 35.753232529889026], [51.228991601513584, 35.75321486972333], [51.22928726760292, 35.75321406770681], [51.22928683431797, 35.752979741041166], [51.229304354384716, 35.75295034161323], [51.22995014521656, 35.75294231365543], [51.22994970999622, 35.7527079870912], [51.2299816449015, 35.75267258018074], [51.23061301830769, 35.75267055595578], [51.23061223831579, 35.75240016062147], [51.229648971736786, 35.7524011897368], [51.22961689947243, 35.75236597518532], [51.22961598785221, 35.75213157750837], [51.22929323726153, 35.75211753959215], [51.22928261276781, 35.75159123570682], [51.22898688031486, 35.751591560642865], [51.228952476481815, 35.751563459718085], [51.228948467517625, 35.75078040551591], [51.22864135289822, 35.750777902488764], [51.22861678481371, 35.75074494674434], [51.22861587616523, 35.7505105491365], [51.228320148292894, 35.7505108724169], [51.228287075993656, 35.75048646140215], [51.22829799970556, 35.75024970817197], [51.228615102251844, 35.750239969744186], [51.22861437768948, 35.749970509587456], [51.228297142160976, 35.74996106168187], [51.22828174224546, 35.749699716906285], [51.2279500208801, 35.74970034602136], [51.22795122145632, 35.750205160425764], [51.2279230939924, 35.75023960434112], [51.22664536259094, 35.750239025276926], [51.22662434508897, 35.75020773852381], [51.22662344229411, 35.74997334116679], [51.226327716926576, 35.74997365953857], [51.22629331363631, 35.74994555750382], [51.22628933082796, 35.74916250324805], [51.22597867329381, 35.74915832365869], [51.22595765598691, 35.74912703669783], [51.2259567551726, 35.748892639386995], [51.22566103438548, 35.7488929561035], [51.22563167415534, 35.748875446013464], [51.225624181762484, 35.74862277458622], [51.22530408803255, 35.74861162613714], [51.22529084836142, 35.74808242125531], [51.224959133639885, 35.74808304209774], [51.224960510649055, 35.74886223161434], [51.22492525575725, 35.74889433354539], [51.22462960694964, 35.748895124864795], [51.22463112664044, 35.74943600802348], [51.224938235274514, 35.7494385212951], [51.224962802197034, 35.74947147827795], [51.22496370011096, 35.749705875533046], [51.22528643983744, 35.74971992532456], [51.2252970381341, 35.75024622960801], [51.225920661672866, 35.75024510596329], [51.225953940531646, 35.75026280098659], [51.225962641765314, 35.7515690534212], [51.22592440861039, 35.75159754338906], [51.22533296579416, 35.751597885017674], [51.22530089481435, 35.751562668654174], [51.22529999586604, 35.75132827153576], [51.2249682676724, 35.75132889245193], [51.2249649557026, 35.751848663235876], [51.224933628888756, 35.75186969603929], [51.22467396517272, 35.75187018173897], [51.22463801266895, 35.75183439706107], [51.22463635554472, 35.75132951258882], [51.22430462733082, 35.75133013167471], [51.2243008181824, 35.75239425134764], [51.22426757952467, 35.75241211010373], [51.22364401398613, 35.7524133170621], [51.223638682567035, 35.75293646181722], [51.22360936650873, 35.75295412020485], [51.2233137006223, 35.75295490834631]], [[51.22691687664343, 35.750513719894826], [51.22695674838927, 35.75054968850977], [51.226957310998095, 35.750748017586986], [51.226932878649166, 35.75078113015011], [51.22633393266181, 35.7507853069626], [51.22629694200939, 35.750760710170105], [51.226293500028625, 35.750551008943525], [51.226317932500585, 35.750517896633276], [51.22691687664343, 35.750513719894826]]]}}, {"type": "Feature", "properties": {"cls": 2}, "geometry": {"type": "Polygon", "coordinates": [[[51.227938452934545, 35.745643032540364], [51.227940765971326, 35.74645440349478], [51.22827247386482, 35.74645377445444], [51.228270157461466, 35.745642403518694], [51.227938452934545, 35.745643032540364]]]}}, {"type": "Feature", "properties": {"cls": 2}, "geometry": {"type": "Polygon", "coordinates": [[[51.22528865367575, 35.74727095834256], [51.22529017773423, 35.74781184162312], [51.225621891322184, 35.74781121987183], [51.22562036501944, 35.747270336603584], [51.22528865367575, 35.74727095834256]]]}}, {"type": "Feature", "properties": {"cls": 2}, "geometry": {"type": "Polygon", "coordinates": [[[51.22328801342951, 35.74375832922851], [51.2232917898682, 35.74511067625723], [51.22360895590462, 35.74511920225975], [51.223624340766506, 35.745380547744794], [51.22495143073691, 35.745378073566975], [51.22496538211332, 35.74511669440141], [51.2252824640703, 35.74510696499332], [51.22528204271506, 35.74487263724649], [51.225306475496176, 35.744839525302474], [51.22561349515885, 35.74483585550472], [51.22561196907979, 35.74429497196807], [51.22528027008315, 35.744295593639336], [51.22528069142001, 35.74452992130964], [51.22525256314522, 35.7445643641869], [51.22465736413897, 35.74456720153525], [51.22462408530708, 35.74454950604339], [51.224618999988515, 35.744051013600235], [51.22465199705415, 35.74402642600706], [51.224947625828115, 35.744025634790766], [51.22494686523958, 35.74375523896034], [51.22328801342951, 35.74375832922851]], [[51.224284738679565, 35.74425736987559], [51.22424873601465, 35.744297281855964], [51.22364962361671, 35.744296869571436], [51.22362136055331, 35.74426259806937], [51.22362231640435, 35.74405656929968], [51.2236605499172, 35.7440280803877], [51.22425573781493, 35.74402869278815], [51.224284000991325, 35.74406296401744], [51.224284738679565, 35.74425736987559]]]}}, {"type": "Feature", "properties": {"cls": 2}, "geometry": {"type": "Polygon", "coordinates": [[[51.218014797093936, 35.756751470925416], [51.21801647016248, 35.757021910530895], [51.219010974443236, 35.75702005794922], [51.21902494451233, 35.7567586796555], [51.219324382653994, 35.75675577781582], [51.21934202871136, 35.75678505707349], [51.21934291032225, 35.75701945324755], [51.21963866416042, 35.75701915186934], [51.21967173494593, 35.75704356623819], [51.219676241196886, 35.75755982226649], [51.219971997326425, 35.75755952006076], [51.22000736239626, 35.757591427723646], [51.220008493903606, 35.75779363568968], [51.219990971173296, 35.75782303268182], [51.219676985049894, 35.75783040149461], [51.21967847172288, 35.75837128402988], [51.22034207877577, 35.75837007018809], [51.22035380731843, 35.75729723011526], [51.221998320677166, 35.757285070523594], [51.22200937695747, 35.757026336416125], [51.222329413163784, 35.75701397040041], [51.22233550535538, 35.75676131312073], [51.2223648214667, 35.756743655134095], [51.222660503404256, 35.75674286936173], [51.222660089450095, 35.75650854172297], [51.222680975921534, 35.75647711747495], [51.222991591398596, 35.75647176740758], [51.222991176480775, 35.75623743981282], [51.22300869831637, 35.75620804205847], [51.22365451756465, 35.75620004802024], [51.22366771590367, 35.75566818214324], [51.22431668005672, 35.75565783771626], [51.22433063319919, 35.75539645905625], [51.224647757933724, 35.75538673119125], [51.22464733818924, 35.7551524038297], [51.22467177114797, 35.75511929207003], [51.224978833564755, 35.755115623750925], [51.22497807256064, 35.75484522842078], [51.224660865981264, 35.75483670615763], [51.22464547756362, 35.754575361259555], [51.22434973334991, 35.75457567483117], [51.2243203732508, 35.754558164321416], [51.22432206171248, 35.75432007075774], [51.2249482413368, 35.75430598110654], [51.22497650473084, 35.75434025203504], [51.22497740280282, 35.75457464908763], [51.22530914446986, 35.75457402809768], [51.22530761990395, 35.75403314542723], [51.22501187785193, 35.75403346062006], [51.22498251768796, 35.75401595032767], [51.22497426587691, 35.75349279177986], [51.22364704118485, 35.75349526669244], [51.22364855448412, 35.75403614947297], [51.22396575764643, 35.75404467438012], [51.22396643197154, 35.7542970026822], [51.22364931168976, 35.754306728787064], [51.22364972849041, 35.754541056256684], [51.22361779160353, 35.75457646055153], [51.222358731556454, 35.75457937156622], [51.22232277972707, 35.75454358584641], [51.22232188943753, 35.75430918926274], [51.22202614664952, 35.75430949711454], [51.2219967867768, 35.75429198583696], [51.221989305609426, 35.75403931469335], [51.22135034693255, 35.7540374048722], [51.221325781009064, 35.75400444662426], [51.2213248936553, 35.7537700501552], [51.22102915324457, 35.75377035554688], [51.220999793468756, 35.75375284393888], [51.22099231543174, 35.75350017278515], [51.220660578124786, 35.75350078185275], [51.22066281795543, 35.754312152149666], [51.22128647469003, 35.75431105241446], [51.22132575880146, 35.754343144691326], [51.22132689357133, 35.75454535276034], [51.22130937120801, 35.75457475009608], [51.22099539882045, 35.75458212234772], [51.220996146345726, 35.75485251776309], [51.22131335246226, 35.75486104977647], [51.22132966579365, 35.75512243924916], [51.22166047425703, 35.75512178410755], [51.221674435904, 35.75486040557504], [51.221973866064815, 35.75485749695352], [51.22199171612596, 35.75489069331891], [51.22199315346577, 35.75539165945829], [51.22231036198625, 35.755400188787505], [51.222325742958226, 35.75566153393624], [51.222642952654624, 35.75567006236866], [51.222658334696696, 35.75593140747449], [51.22295408447112, 35.755931097955056], [51.22298344436011, 35.75594860892235], [51.222981752049485, 35.756186702395055], [51.22199540769523, 35.75620321334932], [51.2219958196952, 35.756437541012595], [51.22195999820143, 35.75647352844643], [51.221036632200686, 35.75647522912781], [51.22100068075622, 35.75643944281425], [51.22099979429762, 35.75620504649233], [51.22036451420203, 35.75620444559701], [51.22033625210945, 35.75617017287976], [51.22033536760529, 35.75593577663811], [51.219700089818524, 35.75593517221974], [51.219671827925005, 35.75590089924742], [51.219670945375235, 35.755666503086026], [51.21933919904501, 35.755667108540706], [51.21933957745459, 35.756450110565126], [51.21930526561306, 35.756478397594464], [51.21900958432275, 35.75647917520185], [51.21899561419671, 35.7567405534375], [51.218014797093936, 35.756751470925416]], [[51.22365089128099, 35.75488769487441], [51.22368689404885, 35.754847783155896], [51.223946570457535, 35.754847299548615], [51.22397593044389, 35.7548648101907], [51.22398401784803, 35.75534797718238], [51.22396631438693, 35.7553812987842], [51.22369225545279, 35.755388557774964], [51.223658976714624, 35.755370861958255], [51.22365089128099, 35.75488769487441]]]}}, {"type": "Feature", "properties": {"cls": 2}, "geometry": {"type": "Polygon", "coordinates": [[[51.22329330101792, 35.745651743729304], [51.223294056068085, 35.74592213950489], [51.22358976435196, 35.745921828562636], [51.223622835791424, 35.74594624142263], [51.22362736691661, 35.7464624986441], [51.224290874920634, 35.74646126337015], [51.22428859891985, 35.74564989221209], [51.22329330101792, 35.745651743729304]]]}}, {"type": "Feature", "properties": {"cls": 2}, "geometry": {"type": "Polygon", "coordinates": [[[51.218662942913305, 35.751070029679376], [51.21866442235616, 35.751610912860606], [51.219295856883114, 35.75161057704323], [51.219327925992104, 35.75164579589692], [51.21932880744031, 35.75188019228519], [51.21997129807262, 35.7518837827921], [51.21999231358378, 35.75191507154406], [51.21999319698598, 35.75214946801257], [51.220288930680766, 35.7521491651022], [51.22032200157456, 35.75217357923151], [51.22032651176249, 35.75268983572408], [51.220658245709934, 35.75268922758978], [51.22066359656306, 35.75216608253402], [51.22069291283761, 35.75214842510975], [51.220988619458986, 35.75214670693796], [51.22098483756233, 35.750795297857806], [51.220689109556176, 35.750795602371525], [51.220652955017634, 35.750755898039564], [51.220652611234854, 35.75056148670011], [51.22067013373676, 35.75053208958624], [51.22098408947365, 35.75052471833651], [51.220983342108, 35.7502543227259], [51.220687616349174, 35.750254627228415], [51.22065825660472, 35.75023711549964], [51.220654865961926, 35.74973506838868], [51.220686193254956, 35.74971403713055], [51.22098184633703, 35.749713255583764], [51.2209822000738, 35.74920074044904], [51.22101651148079, 35.749172452752646], [51.22131216225657, 35.74917167040131], [51.22132247213548, 35.74864244829557], [51.221642473715455, 35.748630084279036], [51.221642062937676, 35.74839575607495], [51.22166649680287, 35.74836264537004], [51.221973531724096, 35.74835898486852], [51.221986741540086, 35.74782711834554], [51.22230383536471, 35.74781739688514], [51.22230992786734, 35.74756473917561], [51.22233924397619, 35.74754708121857], [51.22263488777045, 35.747546295638074], [51.22263447411147, 35.74731196755265], [51.22266260309597, 35.74727752569297], [51.22396134802851, 35.7472733445265], [51.223959832989024, 35.746732461148106], [51.22230091929418, 35.746735538026726], [51.222301331963095, 35.74696986609265], [51.222276898217665, 35.747002977043614], [51.22163806679891, 35.74700725011822], [51.22162410483682, 35.74726862893718], [51.22130701322008, 35.74727834865052], [51.221302415073524, 35.7480719817087], [51.22127309878625, 35.74808963931411], [51.22097745265121, 35.74809042164352], [51.22096423625686, 35.74862228803248], [51.22064713888675, 35.74863200599644], [51.22064178776247, 35.74915515129935], [51.220612471409105, 35.749172808689224], [51.220316820661665, 35.74917358940955], [51.22031722757653, 35.749407917699585], [51.22029279324076, 35.749441027976694], [51.219985753651514, 35.74944468425601], [51.2199864976212, 35.749715079921266], [51.22030052601986, 35.74972128469112], [51.22031817234125, 35.74975056370578], [51.220318900503216, 35.749944969421016], [51.22028289648545, 35.7499848795759], [51.21998724231, 35.74998565949723], [51.21998188696161, 35.750508804720134], [51.2199525705421, 35.75052646189532], [51.21965691406029, 35.75052724101201], [51.219657319073946, 35.75076156935045], [51.219632884542456, 35.750794679405146], [51.218994021130655, 35.75079893850701], [51.21898005081337, 35.75106031700101], [51.218662942913305, 35.751070029679376]], [[51.22065370143102, 35.75102631150891], [51.220617697529114, 35.75106622182413], [51.220018528762175, 35.751065791611246], [51.21999026677825, 35.75103151874405], [51.21999123180913, 35.7508254903572], [51.22002946604034, 35.7507970030508], [51.220624710337006, 35.750797633257925], [51.220652972433975, 35.75083190585225], [51.22065370143102, 35.75102631150891]]]}}, {"type": "Feature", "properties": {"cls": 2}, "geometry": {"type": "Polygon", "coordinates": [[[51.22196311081114, 35.74457224853128], [51.221966114034146, 35.74565410773716], [51.22226182102223, 35.74565380006472], [51.22229118084947, 35.74567131128419], [51.222299414800496, 35.74619447061576], [51.222631121744165, 35.746193857136106], [51.22262392999168, 35.74352513879463], [51.22265975120722, 35.74348915112748], [51.22295542153743, 35.743487428236456], [51.22295462427859, 35.74321796892454], [51.222658927470775, 35.74321827817707], [51.222625856103456, 35.74319386493244], [51.222622236633576, 35.7427097884082], [51.2226574920101, 35.742677687515155], [51.22295311555494, 35.74267690122066], [51.22295694371504, 35.74161277956016], [51.22298625975648, 35.74159512140332], [51.223281878753184, 35.74159433431592], [51.223295080320995, 35.741062467128536], [51.2236121458166, 35.74105274226307], [51.22360836452266, 35.73970039434981], [51.223291221057416, 35.73969186817674], [51.223275837403015, 35.73943052247786], [51.222280616847755, 35.739432365340306], [51.22228136830186, 35.73970276141475], [51.22258843621025, 35.73970528086548], [51.222613002423905, 35.739738238690194], [51.22261389321691, 35.73997263603114], [51.22290957670306, 35.73997232684537], [51.2229439792129, 35.740000430311184], [51.22294985158092, 35.74155888175958], [51.22291403035807, 35.74159486956964], [51.22261841145243, 35.74159565584202], [51.22261149365388, 35.742392449978354], [51.22228888733311, 35.742407733063985], [51.22229399773476, 35.744539363075084], [51.222258742177495, 35.74457146382796], [51.22196311081114, 35.74457224853128]]]}}, {"type": "Feature", "properties": {"cls": 2}, "geometry": {"type": "Polygon", "coordinates": [[[51.2209527860375, 35.73916432170023], [51.220953532995324, 35.739434717811044], [51.22161698280019, 35.739433497491696], [51.221616233599555, 35.739163101392926], [51.2209527860375, 35.73916432170023]]]}}, {"type": "Feature", "properties": {"cls": 2}, "geometry": {"type": "Polygon", "coordinates": [[[51.22067177995238, 35.75755809204638], [51.22067252646463, 35.75782848733357], [51.22100428173883, 35.75782787816951], [51.2210035341043, 35.75755748288835], [51.22067177995238, 35.75755809204638]]]}}, {"type": "Feature", "properties": {"cls": 2}, "geometry": {"type": "Polygon", "coordinates": [[[51.218676262491385, 35.755938804206586], [51.21867700220901, 35.75620919960294], [51.21900875080421, 35.7562085959669], [51.21900800996439, 35.7559382005765], [51.218676262491385, 35.755938804206586]]]}}, {"type": "Feature", "properties": {"cls": 2}, "geometry": {"type": "Polygon", "coordinates": [[[51.21535276599428, 35.75405137856081], [51.215353494419034, 35.754321774101804], [51.215649236497256, 35.75432148257493], [51.21568230662542, 35.75434589850806], [51.21568678703246, 35.754862154551425], [51.2163503651218, 35.754860962833284], [51.21634963331068, 35.754590567334354], [51.2160538901782, 35.75459086049823], [51.216022505943165, 35.75456998708163], [51.21601740462409, 35.754356742831824], [51.216057150364044, 35.754320558236955], [51.216659670508946, 35.75432419237932], [51.216680685060815, 35.75435548213968], [51.216681558812006, 35.75458987804868], [51.21697730218784, 35.7545895832511], [51.21700666149484, 35.75460709619494], [51.217014127096604, 35.754859767323005], [51.218009540079755, 35.75485796735622], [51.21800806489134, 35.75431708444398], [51.21769086165497, 35.75430854346597], [51.21767549553228, 35.75404719789714], [51.21703298733974, 35.754043595045935], [51.21701197262597, 35.75401230535643], [51.21701109791863, 35.75377790948255], [51.215683867781216, 35.75378029655096], [51.2156698869573, 35.75404167471798], [51.21535276599428, 35.75405137856081]]]}}, {"type": "Feature", "properties": {"cls": 2}, "geometry": {"type": "Polygon", "coordinates": [[[51.21735037581914, 35.7564821845885], [51.217351111066385, 35.756752579984266], [51.21768286194704, 35.75675197999755], [51.21768212557758, 35.756481584607734], [51.21735037581914, 35.7564821845885]]]}}, {"type": "Feature", "properties": {"cls": 2}, "geometry": {"type": "Polygon", "coordinates": [[[51.214363799896404, 35.75648754381329], [51.21436452504093, 35.75675793926209], [51.21467166272254, 35.75676047880889], [51.21469622660477, 35.75679343930857], [51.214697094594435, 35.75702783484067], [51.215014308707026, 35.75703638372786], [51.2150296663941, 35.757297729479895], [51.21702064523009, 35.757294153876494], [51.21701991108612, 35.757023758499194], [51.21639623257734, 35.75702483609159], [51.21636092953085, 35.75700377746823], [51.21635514129984, 35.75597137213108], [51.21639337625006, 35.75594288643854], [51.21701697285681, 35.75594171706076], [51.2170165754582, 35.75570738841271], [51.217048514239394, 35.755671986898236], [51.217679915122844, 35.75567003051922], [51.21767844212092, 35.755129147668306], [51.217346697977554, 35.75512974761938], [51.21733562683363, 35.75538848164707], [51.217055513693026, 35.75540071604593], [51.217015644650175, 35.75536474260381], [51.2170147699005, 35.75513034678635], [51.21535568114039, 35.755133328497465], [51.215341699300566, 35.75539470658378], [51.2150245726546, 35.75540440956623], [51.21502064072467, 35.75646852945486], [51.21498740122552, 35.756486384845225], [51.214363799896404, 35.75648754381329]], [[51.215392477281895, 35.75540389813351], [51.21598399350752, 35.75540283709411], [51.216018394604035, 35.75543094338702], [51.21602285447135, 35.756444493464464], [51.215994541188735, 35.75648285630526], [51.215399242973184, 35.756485648093324], [51.21536092313672, 35.75645735616916], [51.21535884042826, 35.75625134484071], [51.21537636441356, 35.75622194912651], [51.215690388291364, 35.75621365523426], [51.21568888521964, 35.75567370892136], [51.21537483287958, 35.75566749195577], [51.21535718788301, 35.75563821159299], [51.21535816471488, 35.75543218351675], [51.215392477281895, 35.75540389813351]], [[51.21502827280136, 35.75679683666661], [51.215064278522, 35.7567569289605], [51.21534226779478, 35.75676297250474], [51.21536011568428, 35.75679617073108], [51.21535394015426, 35.757008910578406], [51.21532070068483, 35.757026766091265], [51.21504663314648, 35.7570205226676], [51.21502898824006, 35.756991242220295], [51.21502827280136, 35.75679683666661]]]}}, {"type": "Feature", "properties": {"cls": 2}, "geometry": {"type": "Polygon", "coordinates": [[[51.212040189350965, 35.756221173372786], [51.2120423418953, 35.75703254376428], [51.213037782267364, 35.75703078484799], [51.21303706160364, 35.7567603893881], [51.21238245231484, 35.756746892167996], [51.21237193814138, 35.75622058804285], [51.212040189350965, 35.756221173372786]]]}}, {"type": "Feature", "properties": {"cls": 2}, "geometry": {"type": "Polygon", "coordinates": [[[51.209376251595636, 35.7527094848406], [51.20937979391285, 35.75406183109618], [51.21137069287288, 35.7540583492798], [51.21137031206164, 35.75382401957271], [51.21139844443434, 35.75378958198616], [51.2123654695495, 35.753786108415746], [51.21236403260882, 35.75324522520621], [51.211036810914074, 35.753247560971566], [51.21103719073582, 35.7534818906588], [51.211012753630385, 35.75351499775955], [51.21041378446255, 35.75351909512672], [51.21037391730159, 35.75348311843605], [51.210373062066644, 35.753248723458015], [51.209724036128016, 35.753240740921015], [51.20972340469936, 35.752988412330886], [51.21004052250348, 35.75297872369075], [51.210040145614, 35.75274439370411], [51.21006458294263, 35.75271128697249], [51.210371637956435, 35.752707656207484], [51.210370926424744, 35.752437260506134], [51.21003919329825, 35.75243784026387], [51.21003957017876, 35.752672170160736], [51.21001143731895, 35.75270660725455], [51.209376251595636, 35.7527094848406]]]}}, {"type": "Feature", "properties": {"cls": 2}, "geometry": {"type": "Polygon", "coordinates": [[[51.20967544483874, 35.74026646119969], [51.20967615370103, 35.74053685746148], [51.21067138883229, 35.740535118818656], [51.2106853859566, 35.740273740255546], [51.2113342253696, 35.7402634669122], [51.211333844978604, 35.74002913653766], [51.211361977375795, 35.73999469901035], [51.21232883078611, 35.739991226310686], [51.21232739482153, 35.739450341856745], [51.21100040211538, 35.73945267644337], [51.210994274078864, 35.739705335000046], [51.2109649567741, 35.73972298918554], [51.210669343462655, 35.73972374606162], [51.21066972190146, 35.73995807645991], [51.210652196518055, 35.739987470909334], [51.210006509111615, 35.7399953943217], [51.20999250981077, 35.74025677278804], [51.20967544483874, 35.74026646119969]]]}}, {"type": "Feature", "properties": {"cls": 2}, "geometry": {"type": "Polygon", "coordinates": [[[51.20366493128197, 35.725129354768065], [51.20366906201475, 35.726752196670674], [51.20398614861576, 35.72676077558425], [51.20400147034203, 35.72702212369744], [51.20497884178094, 35.72702724275987], [51.204996686224206, 35.72706044398397], [51.20499801572556, 35.72756141027528], [51.205305030942384, 35.727563974284216], [51.20532959201165, 35.72759693810173], [51.20533043189373, 35.72783133356861], [51.20564752324747, 35.72783990801116], [51.20566285030484, 35.7281012559241], [51.20630851109674, 35.728106930597754], [51.20632615347393, 35.728136213422445], [51.206326996286684, 35.728370609004656], [51.20732208025188, 35.728368898569435], [51.20732171187551, 35.72813456693951], [51.207349845492935, 35.72810013097982], [51.20831655180624, 35.72809669104647], [51.208316180524925, 35.727862359573265], [51.20835200596452, 35.72782637844701], [51.20931101655663, 35.7278244753152], [51.209325018329785, 35.72756309625176], [51.209642030791706, 35.72755340904837], [51.2096433170689, 35.726222167917086], [51.20967464579665, 35.72620114069532], [51.20997020340612, 35.7262003865322], [51.20996982732701, 35.7259660552506], [51.20999426470621, 35.72593294862517], [51.21030120870766, 35.72592931840912], [51.21029978719061, 35.72538843261744], [51.210004166130375, 35.72538871051176], [51.20996880344663, 35.72535679835608], [51.20996523519748, 35.72430705618938], [51.2096481578562, 35.72429849319062], [51.20963281815974, 35.72403714554455], [51.20896949552709, 35.72403829934741], [51.2089610282339, 35.724294118666556], [51.20863849348519, 35.72430936388136], [51.20863886563107, 35.72454369536508], [51.20861442777701, 35.72457680155344], [51.208307489200735, 35.72458042750014], [51.20830786038389, 35.724814759027396], [51.208290334316416, 35.72484415280718], [51.20764477197028, 35.724852063039464], [51.207645141219814, 35.72508639466681], [51.20761319951021, 35.72512179217024], [51.206982050226536, 35.72512369493182], [51.2069824175424, 35.725358026659244], [51.206957979194314, 35.725391132281416], [51.20602361147119, 35.725395591349205], [51.205987664431575, 35.725359798103334], [51.20598612635125, 35.72485491356504], [51.205690508102954, 35.724855180848806], [51.205656109026656, 35.72482707016677], [51.20565233002985, 35.72404401388173], [51.20533525449525, 35.72403543931298], [51.205319928577524, 35.72377409125909], [51.20432490163362, 35.723775784949275], [51.2043108838036, 35.72403716382253], [51.203993884875814, 35.72404683676802], [51.203991814926724, 35.72510759013461], [51.20396048537341, 35.7251286152961], [51.20366493128197, 35.725129354768065]], [[51.20768294382835, 35.72566361437201], [51.20829567433067, 35.725671432418075], [51.2083110097943, 35.7259327801844], [51.2086249377277, 35.72593901618046], [51.20864258075046, 35.72596829838968], [51.208641586097734, 35.72617432763628], [51.208607272047956, 35.726202610135026], [51.2083117143436, 35.72620336103845], [51.20829770930134, 35.72646474003478], [51.20798070114476, 35.72647442370296], [51.20796669505186, 35.72673580266759], [51.20767799667041, 35.726743670031226], [51.20764953583485, 35.72670547435326], [51.20764862966967, 35.72569189646665], [51.20768294382835, 35.72566361437201]], [[51.20827311164889, 35.72674436196734], [51.20831297810479, 35.72678033976692], [51.20830202228179, 35.72700307392672], [51.20799373422515, 35.72700363184806], [51.20799311661147, 35.7267565743367], [51.20827311164889, 35.72674436196734]], [[51.206989597721524, 35.72805899216611], [51.206953589115265, 35.728098896026474], [51.206675718925126, 35.728092832422554], [51.2066578738786, 35.72805963162905], [51.20666407281333, 35.72784689161325], [51.206697312961616, 35.7278290392965], [51.20697125980112, 35.72783530243628], [51.206988902363456, 35.727864585083985], [51.206989597721524, 35.72805899216611]], [[51.20632281106584, 35.72674767584811], [51.20697717028089, 35.72676120722571], [51.2069736388464, 35.72754898507425], [51.2066776907394, 35.72755386490864], [51.20665667906606, 35.727522571969565], [51.20665583530565, 35.72728817641085], [51.20636020686961, 35.72728844537252], [51.20633084851081, 35.72727092886482], [51.20632341694967, 35.72701825676201], [51.20600341644955, 35.727007055492614], [51.20599947709439, 35.72649242489371], [51.20630748193246, 35.72648632793548], [51.20632281106584, 35.72674767584811]], [[51.20567669516434, 35.72782171808505], [51.20566100423909, 35.727325946317514], [51.20568544290422, 35.72729284116728], [51.206284194952936, 35.72728876809774], [51.20632118239838, 35.727313373441966], [51.206310195070806, 35.72755012440774], [51.205993182002786, 35.72755980276295], [51.20599354647821, 35.72779413454248], [51.20596910783732, 35.72782723983249], [51.20567669516434, 35.72782171808505]], [[51.20536896334601, 35.72729033357807], [51.20532909762526, 35.72725435433129], [51.205340061532844, 35.727031620745244], [51.20564834987951, 35.727031069935656], [51.205648960528166, 35.727278127472495], [51.20536896334601, 35.72729033357807]]]}}, {"type": "Feature", "properties": {"cls": 2}, "geometry": {"type": "Polygon", "coordinates": [[[51.208396993526726, 35.75893242700463], [51.208397698550314, 35.75920282244744], [51.208714920654195, 35.75921138821117], [51.208730258253105, 35.75947273444666], [51.20936556439979, 35.75947339672204], [51.20939382313612, 35.75950767359387], [51.209394675640496, 35.75974206827713], [51.209726439106944, 35.75974149019527], [51.209725729574124, 35.75947109479968], [51.209408506298246, 35.759462531667594], [51.20939316652942, 35.75920118556403], [51.20909740520484, 35.7592014616758], [51.20906804659548, 35.75918394613998], [51.209060605731146, 35.75893127538922], [51.208396993526726, 35.75893242700463]]]}}, {"type": "Feature", "properties": {"cls": 2}, "geometry": {"type": "Polygon", "coordinates": [[[51.20697365454805, 35.72187782655875], [51.20697575300866, 35.72268920185517], [51.20730736279804, 35.722688630956206], [51.20730699459127, 35.722454299051904], [51.207342820331455, 35.72241831840189], [51.208965165081395, 35.72241527339384], [51.20897916808752, 35.72215389410396], [51.209296158209504, 35.722144207905956], [51.209294036265035, 35.72133283265561], [51.207967343809976, 35.72133513278258], [51.20796771392506, 35.72156946452324], [51.207946823049205, 35.721600884212165], [51.20730465223629, 35.72160676650925], [51.20729064386978, 35.72186814565621], [51.20697365454805, 35.72187782655875]]]}}, {"type": "Feature", "properties": {"cls": 2}, "geometry": {"type": "Polygon", "coordinates": [[[51.19610385840394, 35.75300234204838], [51.19610452169449, 35.75327273796384], [51.196421717113594, 35.75328133680514], [51.196437015274256, 35.753542684427785], [51.19676875326741, 35.753542142171064], [51.196768415250915, 35.75330780994585], [51.19680816649124, 35.753271634731576], [51.197088287231395, 35.75328288018118], [51.19710067517613, 35.75354159888017], [51.19776424308024, 35.75354050973096], [51.19777537644689, 35.753281775968944], [51.19805548214685, 35.753269587630925], [51.19809534571982, 35.75330557032031], [51.19809616496226, 35.7535399636938], [51.201054230056144, 35.75353682263024], [51.20108248629947, 35.75357110270005], [51.20108399478155, 35.7540759842378], [51.20137973385337, 35.75407572781668], [51.20141588174986, 35.75411544111643], [51.20141603005808, 35.75485852630192], [51.201381714519265, 35.754886805890244], [51.20108603659108, 35.754887539403335], [51.20108671678011, 35.755157935152084], [51.201750297943654, 35.75515682397044], [51.20176432323496, 35.75489544659672], [51.20208145061074, 35.75488577928243], [51.20207803166267, 35.75353343259214], [51.201755280982304, 35.75351931879401], [51.20174483645038, 35.75299301399617], [51.20142764141409, 35.75298442935154], [51.201412327311324, 35.75272308222864], [51.20008511337202, 35.752725297132685], [51.20008546109456, 35.75295962871619], [51.20005351714122, 35.752995023153645], [51.19879059962056, 35.752997118381096], [51.19875853653723, 35.75296189089822], [51.198757715364536, 35.75272749751292], [51.198461982421044, 35.752727747377534], [51.19842891504718, 35.75270332472135], [51.19842454594182, 35.75218706956507], [51.19810735480747, 35.7521784759986], [51.19809205133651, 35.751917128537166], [51.1977603201152, 35.751917674422344], [51.197749186668595, 35.752176408175536], [51.19742916498562, 35.7521887073564], [51.197422994839094, 35.752441365963065], [51.197393676183175, 35.75245901569718], [51.19709800761041, 35.75245973937376], [51.197098346575316, 35.752694071478714], [51.19707745255887, 35.75272548793397], [51.19676684798953, 35.75273077047439], [51.1967671859899, 35.75296510262277], [51.196749656708455, 35.752994493389615], [51.19610385840394, 35.75300234204838]], [[51.19776104220296, 35.752228149410676], [51.19779705384376, 35.752188249771926], [51.198075024291555, 35.75219433389839], [51.198092866510216, 35.75222753699626], [51.19808664553416, 35.752440274946444], [51.19805340450879, 35.752458124168555], [51.197779355643114, 35.752451840743866], [51.197761715577734, 35.752422555650085], [51.19776104220296, 35.752228149410676]]]}}, {"type": "Feature", "properties": {"cls": 2}, "geometry": {"type": "Polygon", "coordinates": [[[51.20035322986365, 35.72729883532976], [51.20035458424225, 35.72783972128685], [51.20101793875198, 35.72783861487325], [51.20103196700887, 35.72757723629741], [51.20134898125491, 35.72756757132768], [51.201355139696176, 35.72731491167344], [51.20138445787192, 35.72729726067357], [51.201680021514925, 35.727296526866446], [51.20167966967748, 35.72706219422358], [51.20170056231813, 35.727030776466584], [51.20201105953203, 35.727025481489584], [51.20200969399642, 35.726484595514215], [51.201346350754044, 35.72648570735921], [51.20134019226502, 35.72673836697589], [51.20131087400983, 35.72675601794937], [51.20101531270009, 35.72675675093171], [51.20100128437034, 35.727018129474075], [51.20068427240331, 35.72702779358858], [51.20068462132701, 35.7272621262979], [51.200660181099416, 35.72729522976356], [51.20035322986365, 35.72729883532976]]]}}, {"type": "Feature", "properties": {"cls": 2}, "geometry": {"type": "Polygon", "coordinates": [[[51.19239517547827, 35.72866427280277], [51.192396476126255, 35.72920515889506], [51.19372330035413, 35.72920303002977], [51.19373735187655, 35.728941651948965], [51.194054373288935, 35.72893200651815], [51.19405404373889, 35.72869767265753], [51.1940784858702, 35.72866457148869], [51.194385443980686, 35.72866098209041], [51.19438427300083, 35.72816008241128], [51.1944019862047, 35.72812676920673], [51.19537930313968, 35.728118392332895], [51.19539268886369, 35.72758652506974], [51.19570970431755, 35.72757687521903], [51.19570936995027, 35.72734254157469], [51.19573381158847, 35.7273094398413], [51.19637248490813, 35.72730530532998], [51.19638652801229, 35.72704392700501], [51.19670354101181, 35.727034274497136], [51.19670235559401, 35.726533375127204], [51.196720068036726, 35.726500061278436], [51.1973656464906, 35.7264922100838], [51.197365307299066, 35.7262578766689], [51.19739725199448, 35.72622248346637], [51.19802841244949, 35.72622063107152], [51.19802807132376, 35.725986297756265], [51.19805620774239, 35.72595186534402], [51.19869117389609, 35.72594904841105], [51.19869083083621, 35.72571471519546], [51.19871896705549, 35.725680282531556], [51.199353930830355, 35.72567746210247], [51.19935190942196, 35.72486608682604], [51.19868857949143, 35.72486718397603], [51.19868892252729, 35.725101517127925], [51.198653094149684, 35.725137493886], [51.19669897853012, 35.72514094279732], [51.19669931574833, 35.725375276274114], [51.19667117884407, 35.72540970819684], [51.19570450367575, 35.7254130544514], [51.19569045835635, 35.72567443274022], [51.195373450856245, 35.725684082598235], [51.195362969723796, 35.72621330660767], [51.19504305515295, 35.72622559894186], [51.19503687697695, 35.72647825886486], [51.19500755809714, 35.726495907759094], [51.19471199673539, 35.726496625249936], [51.194712328166126, 35.72673095899931], [51.19469143342319, 35.72676237465729], [51.19438093607504, 35.72676765064206], [51.19438041057528, 35.72782485067926], [51.1943474083752, 35.72784942643577], [51.19405184128729, 35.72785014232109], [51.19405217081388, 35.72808447611791], [51.194027728605754, 35.72811757730861], [51.19372077280307, 35.72812116586043], [51.19371028095049, 35.72865038963745], [51.19343027738358, 35.7286625672727], [51.19339700131031, 35.72864486039163], [51.19338895629224, 35.72812169950062], [51.1930582600085, 35.72812218458024], [51.193051139361714, 35.72837489203629], [51.19302182028423, 35.72839254027945], [51.1927262507089, 35.72839325291407], [51.192712195944374, 35.72865463088961], [51.19239517547827, 35.72866427280277]], [[51.19566647519505, 35.72622454078863], [51.19570633808016, 35.72626052473634], [51.19570298579443, 35.72674429770428], [51.19567165515414, 35.72676531987735], [51.195397159436524, 35.72676124040064], [51.19537594906213, 35.72672602583273], [51.19537950530759, 35.726246171079815], [51.195410835904994, 35.72622514900731], [51.19566647519505, 35.72622454078863]], [[51.19301861541074, 35.72866322830802], [51.19305847754678, 35.7286992135384], [51.19304748021194, 35.72892194490396], [51.192739183883326, 35.72892246196466], [51.19273861152763, 35.72867540430233], [51.19301861541074, 35.72866322830802]]]}}, {"type": "Feature", "properties": {"cls": 2}, "geometry": {"type": "Polygon", "coordinates": [[[51.198103539752694, 35.756515421007705], [51.19810420989332, 35.75678581673228], [51.19876780469551, 35.756784721961466], [51.19876713231011, 35.75651432624772], [51.198103539752694, 35.756515421007705]]]}}, {"type": "Feature", "properties": {"cls": 2}, "geometry": {"type": "Polygon", "coordinates": [[[51.198021141256724, 35.72324534259365], [51.19802247967111, 35.72378622899267], [51.19835409419183, 35.7237856827551], [51.19835959158511, 35.723262533603716], [51.1983889100558, 35.72324488360005], [51.198684457447754, 35.72324415720431], [51.19868311458559, 35.72270327077816], [51.198351504557856, 35.722703817908275], [51.19834600710669, 35.7232269670335], [51.198316688556424, 35.723244617012355], [51.198021141256724, 35.72324534259365]]]}}, {"type": "Feature", "properties": {"cls": 2}, "geometry": {"type": "Polygon", "coordinates": [[[51.19644233381723, 35.75570667882557], [51.19644299831865, 35.75597707461366], [51.19677474641847, 35.75597653230863], [51.196774080794874, 35.755706136525895], [51.19644233381723, 35.75570667882557]]]}}, {"type": "Feature", "properties": {"cls": 2}, "geometry": {"type": "Polygon", "coordinates": [[[51.195434251087406, 35.75056903054475], [51.19543491205402, 35.75083942658066], [51.195766638845505, 35.750838887122995], [51.19576597675698, 35.75056849109243], [51.195434251087406, 35.75056903054475]]]}}, {"type": "Feature", "properties": {"cls": 2}, "geometry": {"type": "Polygon", "coordinates": [[[51.1951129970452, 35.75489737572179], [51.19511365703029, 35.75516777156786], [51.195445401796434, 35.75516723294001], [51.19544474068921, 35.75489683709928], [51.1951129970452, 35.75489737572179]]]}}, {"type": "Feature", "properties": {"cls": 2}, "geometry": {"type": "Polygon", "coordinates": [[[51.195111676472266, 35.75435640006997], [51.19511233643977, 35.75462679594044], [51.19544407895998, 35.75462625732326], [51.19544341787035, 35.75435586145813], [51.195111676472266, 35.75435640006997]]]}}, {"type": "Feature", "properties": {"cls": 2}, "geometry": {"type": "Polygon", "coordinates": [[[51.19411223504401, 35.75273508324664], [51.19411289159179, 35.75300547920623], [51.19477645516341, 35.75300440655314], [51.19477579637129, 35.75273401060417], [51.19411223504401, 35.75273508324664]]]}}, {"type": "Feature", "properties": {"cls": 2}, "geometry": {"type": "Polygon", "coordinates": [[[51.19444274575217, 35.752193571485385], [51.19444340340475, 35.75246396746406], [51.194775136959365, 35.75246343071992], [51.1947744781848, 35.75219303474654], [51.19444274575217, 35.752193571485385]]]}}, {"type": "Feature", "properties": {"cls": 2}, "geometry": {"type": "Polygon", "coordinates": [[[51.187796089040795, 35.74787630485881], [51.1877967241121, 35.74814670113697], [51.18809243668971, 35.7481464774719], [51.18812550227235, 35.7481709041711], [51.18812980485646, 35.74868715915441], [51.18846152285684, 35.748686639870755], [51.18845961027798, 35.74787526718053], [51.187796089040795, 35.74787630485881]]]}}, {"type": "Feature", "properties": {"cls": 3}, "geometry": {"type": "Polygon", "coordinates": [[[51.19107925109376, 35.73326469931158], [51.19108054306419, 35.7338055850311], [51.19171182666956, 35.73380539456695], [51.191743887557145, 35.73384062503671], [51.191744687778545, 35.73407501834839], [51.19236817282777, 35.734074069051495], [51.19240144872263, 35.734091776312184], [51.19240948761083, 35.7346149367508], [51.19273215789334, 35.73462907647382], [51.1927425426883, 35.735155383293225], [51.193059662328956, 35.73516399139888], [51.19307560227935, 35.735695828851114], [51.19337126390803, 35.73569559235423], [51.19340433036425, 35.73572001702631], [51.19340932046724, 35.73650676210018], [51.193704985508575, 35.73650652477287], [51.193738052019725, 35.736530949312765], [51.19374370069659, 35.73758818291475], [51.194039370273494, 35.73758794475203], [51.19406872735105, 35.737605465303616], [51.19407677724778, 35.73812862542966], [51.194390753623935, 35.73813489890138], [51.19440839267709, 35.738164184897], [51.19440920079436, 35.7383985783975], [51.194719809330486, 35.73840284036197], [51.19474081748815, 35.73843413689226], [51.194741626585056, 35.7386685304277], [51.195037300786424, 35.73866828979791], [51.1950666579609, 35.738685810018005], [51.19507405461989, 35.73893848152026], [51.19539410265589, 35.73894971225048], [51.19540714581058, 35.73947892018488], [51.1967341402416, 35.73947675758493], [51.196748181918565, 35.73921537979312], [51.19706524529558, 35.739205726150075], [51.19707141685349, 35.73895306683567], [51.197100735459415, 35.73893541722482], [51.19739634810536, 35.73893469379892], [51.19739600855999, 35.738700360983145], [51.197416902439116, 35.73866894450256], [51.19772744867095, 35.73866366053151], [51.19772859770588, 35.737876951441386], [51.1977615992581, 35.737852374341244], [51.19805720729566, 35.73785164930449], [51.19807057495547, 35.73731978280786], [51.198387630198745, 35.73731012564431], [51.1983954595725, 35.73678381813809], [51.19871804864064, 35.736768601042215], [51.19871770527107, 35.73653426834781], [51.19874214600097, 35.73650116555484], [51.19904913577773, 35.73649756408298], [51.199048791444476, 35.736263231431955], [51.199069684843344, 35.73623181445321], [51.199380220670925, 35.73622652620767], [51.199379875374014, 35.73599219360004], [51.199397403883744, 35.73596280220723], [51.199711303320235, 35.73595548741633], [51.19971017320667, 35.73517629124368], [51.199745434289106, 35.73514420036542], [51.200041030744764, 35.73514347048679], [51.20004817295964, 35.73434667417801], [51.20103425182141, 35.73433034582838], [51.201048279877824, 35.73406896754745], [51.201365321026266, 35.73405930244375], [51.20137011743818, 35.733265665741904], [51.201399435615365, 35.73324801472471], [51.20169502391486, 35.73324728080517], [51.201693660203695, 35.73270639537983], [51.20137654939285, 35.732697810315486], [51.201361235918114, 35.732436462284845], [51.19940687553631, 35.732439478582975], [51.199370930425246, 35.73240368235732], [51.199370107898325, 35.73216928801639], [51.198403288537136, 35.732169119514154], [51.198375033038474, 35.732134838322715], [51.19837421343451, 35.73190044410899], [51.19807856701535, 35.73190069276995], [51.19804920946742, 35.731883173539586], [51.198041803668175, 35.73163050176048], [51.19771914476051, 35.73161637652554], [51.197709396145186, 35.731360558474385], [51.197389379231545, 35.731349333844946], [51.19737699086553, 35.731090614250746], [51.19705433433737, 35.73107648717674], [51.19704808131445, 35.73030080163568], [51.19707941169461, 35.730279778951385], [51.19737498846829, 35.73027905568554], [51.19737464916909, 35.73004472245298], [51.197399090307016, 35.73001162014002], [51.19770605341984, 35.73000802220036], [51.197707871718706, 35.72949180084472], [51.197740873272906, 35.72946722377457], [51.19803644656092, 35.72946649889337], [51.19803610534262, 35.72923216573442], [51.19806054628376, 35.72919906319667], [51.19867816878369, 35.72919971527739], [51.198699178081256, 35.72923101061946], [51.19869999857918, 35.729465405096434], [51.198995635140484, 35.729465154848626], [51.19902499270598, 35.72948267378132], [51.19903240152576, 35.72973534574578], [51.201336730744934, 35.7297382922815], [51.20135457399854, 35.729771494521856], [51.20135588082018, 35.73027246008547], [51.201990943731055, 35.730273162151256], [51.202019200233394, 35.730307441936], [51.20202003047891, 35.730541836829], [51.202315671970155, 35.730541578405536], [51.20234705435979, 35.730562456840346], [51.20235381746936, 35.73135274574317], [51.20264946237205, 35.73135248648875], [51.20268482316077, 35.73138440180675], [51.20268829662333, 35.732434142307234], [51.20332337761696, 35.73243483727064], [51.20335163451993, 35.73246911653945], [51.20335246871553, 35.732703511526076], [51.2036481193628, 35.73270324979911], [51.203681187515556, 35.7327276704725], [51.20367875009723, 35.7332261902491], [51.20364943207063, 35.73324384200745], [51.20335384429687, 35.73324458081919], [51.20334341583761, 35.73377380418781], [51.20302347174308, 35.73378611831965], [51.203017318658084, 35.73403877751834], [51.20298800056551, 35.734056429060225], [51.20269240930501, 35.73405716625683], [51.20269276425995, 35.73429149828831], [51.20266832463978, 35.73432460246423], [51.20202959450798, 35.73432877076296], [51.20201915741868, 35.73485799402604], [51.201699208528886, 35.7348703045735], [51.20169305133267, 35.73512296378416], [51.20166373310831, 35.735140614891485], [51.201368137116106, 35.73514134884733], [51.201368488217156, 35.73537568105256], [51.201347595429056, 35.73540709876548], [51.20103706345957, 35.73541239220526], [51.2010374135971, 35.7356467244539], [51.201019885496855, 35.73567611631951], [51.20070598755926, 35.73568343464724], [51.20070633673322, 35.73591776693931], [51.20068880854012, 35.73594715871715], [51.20037490941513, 35.735954476173255], [51.20037525762551, 35.73618880850873], [51.20035772933955, 35.736218200198806], [51.20004382902716, 35.73622551678327], [51.200045181758, 35.73676640194632], [51.20034084880626, 35.73676614829931], [51.200370206499436, 35.736783666773086], [51.200378297357375, 35.73730682696534], [51.20101341852417, 35.73730753401484], [51.201041674740466, 35.73734181415106], [51.20104250227487, 35.73757620861065], [51.201373237588854, 35.737575701458404], [51.20137382275313, 35.737341321661276], [51.20139826268853, 35.73730821795359], [51.202037017810646, 35.737304053021], [51.202042490608605, 35.736780905339856], [51.20207180872089, 35.73676325409353], [51.20236741146963, 35.73676251847678], [51.202365571076456, 35.735712834354906], [51.20240083149788, 35.735680742317285], [51.20269642970037, 35.73568000590568], [51.20270617689461, 35.7348802940562], [51.20302612565749, 35.73486798086101], [51.203025769714635, 35.734633648809336], [51.20305771270724, 35.73459825321479], [51.20435244387476, 35.73459524584407], [51.20436577029153, 35.73406337878547], [51.20501455964675, 35.734053139989626], [51.20502001323263, 35.73352999220153], [51.20504933104818, 35.733512339979846], [51.205344919786704, 35.73351159708704], [51.20534095767443, 35.73165044695046], [51.205376217356616, 35.73161835362892], [51.20567179818704, 35.731617609957304], [51.20566991495328, 35.73056792556883], [51.20570517455394, 35.73053583210743], [51.20600075083919, 35.730535087641464], [51.20600853080549, 35.73000877974688], [51.20732628599516, 35.729991831185295], [51.207334057330186, 35.72946552328206], [51.20765661381998, 35.72945028167795], [51.207667716327165, 35.72919154659346], [51.20798764038225, 35.72917921999407], [51.207996110624755, 35.7289234008138], [51.208318664701416, 35.728908157394834], [51.208324801348695, 35.72865549813202], [51.20835411883419, 35.72863784483075], [51.20864968677752, 35.728637093880266], [51.20864931450892, 35.72840276248982], [51.20867375228, 35.72836965631032], [51.20993596374548, 35.72836441263688], [51.20997295176059, 35.72838901643203], [51.20996197493722, 35.72862576789818], [51.209644958172504, 35.72863545605945], [51.20964991959031, 35.7305287850763], [51.21130849851914, 35.730525883784374], [51.2113146257918, 35.730273224739214], [51.21134394298168, 35.73025557044836], [51.21163951708864, 35.73025481212954], [51.211639136031266, 35.730020481327564], [51.211660025757894, 35.729989060522655], [51.21227395514128, 35.72998497111767], [51.21230221471959, 35.73001924697436], [51.21230307507848, 35.730253643303755], [51.21259871680228, 35.73025335960355], [51.21262807569524, 35.730270874046546], [51.212635527022954, 35.73052354617383], [51.212958184562346, 35.73053763023701], [51.21296798121068, 35.73079344810556], [51.21328799876868, 35.730804630291594], [51.213300437641664, 35.73106334909891], [51.21493071750857, 35.73106221444119], [51.214958977882645, 35.731096489279125], [51.21495984604832, 35.7313308859298], [51.21559491924434, 35.73133151603755], [51.21562317981735, 35.731365790620785], [51.21562404993487, 35.73160018735169], [51.216255318021595, 35.731599868069495], [51.21628738620955, 35.73163508826838], [51.21628825827896, 35.73186948507951], [51.21693058245621, 35.73187309247876], [51.21695159705923, 35.731904382221856], [51.21695247108058, 35.73213877911317], [51.21724812126975, 35.73213848395674], [51.21727748061538, 35.73215599686151], [51.21728494651222, 35.73240866897075], [51.2179237253525, 35.73241060098936], [51.217948290173105, 35.73244356044498], [51.21795010269421, 35.732678001685805], [51.21960778971384, 35.732674941604365], [51.21960738527299, 35.732440612283895], [51.219631819764885, 35.732407502329224], [51.22027053064302, 35.732403240447745], [51.22026904138495, 35.73186235559401], [51.21996200645401, 35.73185982999333], [51.21993744096803, 35.73182687119536], [51.21993655820923, 35.73159247398506], [51.21964091007586, 35.73159277565414], [51.219606508151095, 35.731564670783015], [51.219602955416995, 35.730269005442935], [51.21963726710946, 35.730240718379264], [51.219932839653495, 35.730239939681134], [51.219945320252506, 35.72943758306531], [51.22026233826225, 35.72942786736038], [51.22026843760161, 35.729175208694905], [51.22029775390297, 35.72915755145343], [51.22059332183903, 35.72915677114732], [51.22059291459628, 35.72892244182705], [51.22061380170726, 35.72889101829273], [51.22125603031045, 35.72888506451925], [51.22126999391044, 35.728623684812526], [51.22155489211653, 35.7286148383812], [51.22158696187823, 35.72865005637148], [51.22158784940046, 35.728884454037306], [51.222222903020494, 35.72888504917095], [51.22225116557351, 35.72891932122986], [51.2222520550476, 35.7291537189756], [51.22288330356762, 35.72915336496179], [51.22291537372485, 35.729188582393824], [51.22291626515086, 35.72942298021945], [51.22353971555238, 35.72942186951781], [51.22357501939073, 35.7294429253918], [51.22356576793818, 35.72968322100005], [51.223248749637435, 35.72969294565033], [51.223234792383124, 35.72995432535183], [51.2229177728894, 35.72996404911889], [51.22290381458489, 35.73022542878907], [51.222586793898195, 35.730235151672886], [51.22258754613305, 35.73050554815605], [51.22288319032029, 35.730505239168146], [51.22291626164656, 35.730529652349134], [51.22292078741011, 35.731045910887104], [51.22388759518586, 35.73104588211997], [51.22391585823894, 35.73108015353527], [51.22391675264097, 35.731314551418755], [51.22456559871121, 35.731322457282396], [51.22458098627783, 35.73158380329157], [51.22487663521337, 35.73158348938748], [51.224905995303494, 35.731600999776475], [51.22491348501626, 35.73185367201126], [51.225536955830954, 35.731852550889954], [51.22557023466983, 35.731870246097564], [51.22556377707385, 35.732384390014396], [51.224915006399286, 35.73239474061779], [51.22491728764425, 35.73320611353253], [51.225224328937664, 35.733208626308205], [51.225248895926235, 35.73324158324582], [51.225249794285425, 35.73347598122144], [51.22556691234969, 35.73348450215147], [51.22558306599003, 35.73401633620217], [51.22587872515866, 35.73401601979973], [51.22590808534516, 35.73403352985241], [51.22591710618457, 35.734827178383014], [51.22622770431779, 35.73483135826918], [51.22624872162494, 35.734862645154635], [51.226249622952565, 35.73509704319933], [51.22655667226969, 35.73509955252516], [51.226581239655935, 35.735132508997445], [51.226582141964286, 35.73536690707638], [51.226877806875635, 35.735366588198154], [51.2269108788596, 35.735390999807336], [51.22691818419869, 35.73750181772712], [51.22688387392004, 35.73753010783792], [51.226588272587406, 35.73753090381023], [51.22658869759055, 35.73776523158075], [51.226564265115954, 35.73779834397429], [51.226257274920265, 35.73780201618806], [51.226257698960765, 35.73803634400255], [51.22623681345136, 35.73806776932162], [51.22592627500908, 35.73807312765127], [51.225926698086944, 35.73830745550973], [51.22590917699695, 35.73833685402983], [51.22559527285384, 35.7383442381998], [51.22559569496901, 35.738578566102234], [51.22556756678295, 35.73861300907869], [51.22463284939419, 35.73861571460767], [51.22460077863374, 35.73858049790299], [51.224599882051514, 35.73834610033571], [51.2242682077131, 35.738346719127485], [51.22426938445554, 35.738851535293236], [51.224233563619514, 35.73888752369103], [51.223634496108545, 35.73888711117643], [51.22360623305517, 35.73885283964975], [51.223605339380434, 35.73861844223047], [51.22330966157987, 35.73861875301851], [51.223276590104255, 35.73859434001409], [51.223273156252155, 35.73838463798554], [51.22329758964145, 35.738351526752794], [51.22393634907958, 35.73834724517869], [51.22393559206832, 35.73807684907369], [51.22296500053533, 35.738075564409016], [51.22294043415081, 35.73804260666591], [51.22293954244632, 35.737808209304035], [51.22264386810082, 35.737808518443494], [51.22261450815869, 35.73779100733195], [51.22260702547551, 35.737538335462254], [51.22128006539854, 35.73754078331685], [51.221280474858474, 35.737775112000364], [51.22124465314132, 35.73781109903959], [51.219290228685274, 35.73781491593189], [51.21927625899091, 35.738076295035484], [51.2189592050009, 35.73808600831202], [51.218959945189866, 35.738356404507655], [51.21959507711773, 35.7383570132632], [51.219623338894245, 35.738391286293826], [51.21962422089521, 35.73862568328018], [51.21995589649499, 35.73862507728831], [51.21995456493838, 35.73812418366531], [51.21997563427105, 35.738088836806554], [51.22091758833919, 35.73808315004552], [51.220949657919306, 35.73811836826843], [51.220950543799916, 35.73835276544878], [51.221246220332304, 35.738352460375964], [51.22127558006455, 35.73836997194736], [51.22128305860613, 35.73862264383996], [51.22160575155304, 35.73863670395244], [51.221615575656465, 35.738892521292065], [51.22227902093303, 35.73889129733776], [51.22227860852327, 35.738656968775], [51.22230304220954, 35.73862385788295], [51.22290580646635, 35.73861988666361], [51.2229417583637, 35.73865567215807], [51.22294265009403, 35.73889006958967], [51.22323832913101, 35.73888975961069], [51.22326768905725, 35.73890727052341], [51.223275173836775, 35.739159942419064], [51.2242614089419, 35.739172762023685], [51.22427090151228, 35.73939251132659], [51.22424277292782, 35.739426953801015], [51.22327592936497, 35.73943052241032], [51.223276684183816, 35.73970091846652], [51.223572366633, 35.73970060765471], [51.22360773258508, 35.739732513807304], [51.22361133235501, 35.74102056112622], [51.22357607712457, 35.74105266244106], [51.223280460587276, 35.741053450333155], [51.223267258970864, 35.74158531745009], [51.22295019126885, 35.74159504148338], [51.222952302355864, 35.74264472016942], [51.22291704696187, 35.742676821202664], [51.22262142357101, 35.742677607497654], [51.22262292933178, 35.74321849129081], [51.2229300118811, 35.74322100981286], [51.222954578200195, 35.74325396750841], [51.22295547007841, 35.74348836474862], [51.223272629323844, 35.74349689167862], [51.2232880130697, 35.74375823726708], [51.22491086757452, 35.74375545266734], [51.224946820060815, 35.743791237231406], [51.22494771779039, 35.74402563472275], [51.22560222383846, 35.74403906291769], [51.22560674199819, 35.74481811726637], [51.22557742613952, 35.74483577628461], [51.22528179428131, 35.74483656914974], [51.22528221563574, 35.74507089679374], [51.225257782779245, 35.7451040087626], [51.22495076205966, 35.745107677729536], [51.22495152269918, 35.74537807349897], [51.2255751057712, 35.74537695178712], [51.22561342750711, 35.74540523916244], [51.22561553631215, 35.7456112504078], [51.225598015144556, 35.74564064886503], [51.225284080654724, 35.74564803232383], [51.22528560459136, 35.746188915750785], [51.226280909043794, 35.746187047726295], [51.22627861287231, 35.74537567664228], [51.22597152105152, 35.745373166675186], [51.22594695376599, 35.7453402099923], [51.225946053075106, 35.745105812524], [51.225628886784946, 35.745097292706966], [51.22561365429633, 35.74487593911111], [51.22563135718096, 35.74484261712189], [51.22627708153405, 35.74483460925627], [51.2262831616978, 35.744581951602], [51.22631247741102, 35.7445642923408], [51.22660810811261, 35.74456349703507], [51.226622054216094, 35.74430211773787], [51.22727092335345, 35.74429175758463], [51.22727049619402, 35.74405743014128], [51.227302431910495, 35.74402202438299], [51.22823340875246, 35.74402026001079], [51.22826548051364, 35.74405547514681], [51.22826638797544, 35.74428987308235], [51.2289298777349, 35.74428861228748], [51.228929103674226, 35.74401821654358], [51.22863340272335, 35.74401854050079], [51.22860201685769, 35.743997671604156], [51.228596882534134, 35.74378442823767], [51.2286288178531, 35.74374902192611], [51.2292355064288, 35.743750139111256], [51.22926007462041, 35.74378309463143], [51.22926098499031, 35.74401749271467], [51.22992447244307, 35.744016226442625], [51.22992152265083, 35.7429743598912], [51.22994983100939, 35.742935991649254], [51.230545016714466, 35.74293312810287], [51.2305803213878, 35.74295418117261], [51.23058814377891, 35.744014956371565], [51.23091984148784, 35.74401432006812], [51.23091940364814, 35.74377999324113], [51.230959145134015, 35.74374380143009], [51.232210218292046, 35.74374158561533], [51.23224617290979, 35.74377736686317], [51.2322470920307, 35.744011765355296], [51.23324236889398, 35.744009839836146], [51.23325629381307, 35.74374846013758], [51.23357336834903, 35.74373870851387], [51.233572922744564, 35.74350438213216], [51.233597353048545, 35.74347126734464], [51.23390436555939, 35.74346757627716], [51.233902946393215, 35.7429666859495], [51.23392064654833, 35.742933361646436], [51.23456635324616, 35.74292530906055], [51.234565904753964, 35.74269098281133], [51.23459783828387, 35.74265557400963], [51.23522912764578, 35.74265352584469], [51.235229908076256, 35.74186682268949], [51.23526290336971, 35.74184223096913], [51.2355585211497, 35.74184141370188], [51.23556009517546, 35.74132519819734], [51.23559309041365, 35.74130060635003], [51.235888705887746, 35.74129978827922], [51.235888253564006, 35.741065462180366], [51.23590577178828, 35.741036061022804], [51.23685112569557, 35.74102822184159], [51.236883200017026, 35.7410634333781], [51.23688413265825, 35.74129783261695], [51.23721581894403, 35.741297178995254], [51.23721501695517, 35.74102678327612], [51.236919327294444, 35.74102712756687], [51.236887940356546, 35.741006261656906], [51.23688278421747, 35.74079301906179], [51.236914717054276, 35.74075760929934], [51.237531456412974, 35.74076469226647], [51.237548492647996, 35.741567011977], [51.23784418479653, 35.74156666604128], [51.237878590354306, 35.741594763300085], [51.237880730551204, 35.74180077403381], [51.23786321283249, 35.74183017575645], [51.23754929654577, 35.74183759158799], [51.23754853891213, 35.74262429431319], [51.23751554391472, 35.742648886925515], [51.23721992330591, 35.74264970910438], [51.23722037957069, 35.74288403479164], [51.23718844674329, 35.742919444714516], [51.236225370763094, 35.7429221551636], [51.236225824122066, 35.743156481009905], [51.23619389099664, 35.743191890518254], [51.23559090421321, 35.74319212211068], [51.23556263757923, 35.7431578551704], [51.23556170876228, 35.742923456294655], [51.23523095207744, 35.742924057513484], [51.23521609705365, 35.74318548515841], [51.234899025233084, 35.74319524126362], [51.23489981945526, 35.74346563693024], [51.23519551912695, 35.74346529748007], [51.2352308879463, 35.74349719854158], [51.235234789743394, 35.74454693903914], [51.235898281308216, 35.744545639803384], [51.235897483678485, 35.744275244204864], [51.235580319206804, 35.744266751076644], [51.23556973327693, 35.744026519432516], [51.2356049813667, 35.74400528226269], [51.23619247930671, 35.744004322689996], [51.236228435087355, 35.744040102127485], [51.236230165018114, 35.74454498870602], [51.23654733082611, 35.74455348000068], [51.23656275702068, 35.74481482429976], [51.238221629194925, 35.7448115509089], [51.23823553818189, 35.74455017096702], [51.238552614990105, 35.74454040597546], [51.23856281203712, 35.744011183434715], [51.23888279043971, 35.74399877261405], [51.2388823292785, 35.74376444716407], [51.23890675799462, 35.7437313305519], [51.23921377063382, 35.74372762584659], [51.23922133291196, 35.74320132026901], [51.23954393827008, 35.74318599062764], [51.23954312835403, 35.742915595039456], [51.239247430533766, 35.74291594508404], [51.23921206063303, 35.74288404576137], [51.239206488593155, 35.74129332958359], [51.238251159837596, 35.741295179197685], [51.23821187160676, 35.74126309482888], [51.23821069449914, 35.74106088672887], [51.23823512341947, 35.741027770356794], [51.23887390204134, 35.74102340915699], [51.23886991139568, 35.73967199799183], [51.23857417841919, 35.739671411035175], [51.23853880868556, 35.73963951140612], [51.23853325060118, 35.73804879437447], [51.238237573125176, 35.73804914186228], [51.2382031674048, 35.73802104473331], [51.23819826348855, 35.73696750034631], [51.236882935199134, 35.736958349460416], [51.236869620225725, 35.736429144417585], [51.23657394969968, 35.73642948779031], [51.23653778977658, 35.736389790822116], [51.23653740768142, 35.73619537889681], [51.23655492572987, 35.73616597758001], [51.23686881878682, 35.73615856454961], [51.23686721708661, 35.73561768066117], [51.23655008839519, 35.7356091899934], [51.23653466248723, 35.735347845354276], [51.2355394936622, 35.73534979770374], [51.235525575812936, 35.73561117784461], [51.235208535460906, 35.73562093465676], [51.23520996240781, 35.73612182528936], [51.23519226261357, 35.73615514997429], [51.23421485531254, 35.73616385207323], [51.234216439109, 35.73670473601571], [51.23451211061708, 35.73670439834622], [51.234546515494785, 35.73673249700537], [51.23455041485931, 35.73747556028006], [51.234514415704645, 35.737515477015286], [51.23421881582612, 35.73751629174137], [51.23421926317235, 35.73775061819567], [51.23417952251739, 35.73778681158122], [51.23290153291467, 35.737774684882304], [51.232890219565725, 35.736739586188676], [51.23292547238742, 35.73670748084058], [51.23322106931035, 35.7367066693942], [51.233220329614575, 35.736437208703265], [51.23290314946672, 35.736427772952695], [51.23288773518771, 35.73616642800712], [51.23224892370009, 35.736164575705814], [51.2322243545621, 35.73613162115581], [51.23222343570372, 35.73589722244183], [51.231256567074425, 35.73589731840032], [51.23122830174446, 35.73586304977656], [51.23122738581097, 35.735628651187454], [51.22994037350015, 35.73563107164414], [51.22990506881015, 35.73561001831306], [51.22990119922393, 35.73484439720168], [51.229934195405775, 35.734819807578546], [51.2302297850516, 35.73481900351122], [51.230227744817014, 35.73349502397171], [51.23026205431698, 35.73346673249329], [51.23055763829546, 35.733465927639884], [51.23055720177796, 35.73323160024205], [51.23058163299606, 35.73319848652498], [51.23088860345822, 35.73319480335661], [51.23089388878973, 35.732671657205785], [51.23092320403893, 35.73265399645165], [51.23121878452868, 35.73265318998532], [51.23122328592385, 35.731859555596564], [51.231252601139914, 35.73184189473573], [51.23154817820428, 35.73184108747176], [51.23154773882722, 35.73160676016656], [51.231572169751196, 35.73157364611487], [51.23187913330278, 35.73156996042824], [51.23187869296361, 35.73133563316711], [51.2318995767723, 35.73130420618131], [51.23221008615797, 35.731298832470614], [51.23220964485669, 35.73106450525354], [51.23222716413107, 35.73103510510697], [51.23254103676982, 35.73102770359889], [51.23254059450649, 35.730793376425886], [51.232558113688064, 35.73076397619173], [51.232871985138395, 35.73075657381309], [51.23287154191302, 35.73052224668417], [51.232889061001806, 35.73049284636244], [51.233202931263726, 35.73048544311327], [51.23320248707634, 35.730251116028406], [51.23322000607233, 35.7302217156191], [51.23353387514584, 35.73021431149941], [51.233533085926496, 35.72994391520938], [51.23321598132338, 35.72993541550594], [51.23320056621718, 35.729674070301314], [51.23254617804575, 35.72966068341624], [51.23253474733884, 35.72886388934759], [51.23221764737983, 35.72885538694905], [51.23220223549081, 35.72859404160274], [51.23190659811886, 35.728594373384134], [51.23187723726812, 35.72857686530735], [51.23186972588579, 35.72832419291853], [51.2315380932789, 35.728324831599764], [51.23152969718849, 35.72858065038556], [51.23120715038172, 35.72859595780574], [51.231201085183244, 35.72884861588686], [51.23117176988847, 35.72886627671285], [51.230876205241536, 35.72886708309766], [51.2308766425855, 35.7291014105462], [51.23084851598086, 35.72913585550115], [51.22789143376848, 35.729143262769036], [51.2278774913275, 35.729404642760606], [51.22756047508726, 35.729414378966744], [51.22756124410745, 35.72968477539439], [51.22918768857273, 35.72968250209328], [51.229219760605254, 35.72971771688323], [51.22922050999562, 35.72991212324659], [51.229188393151986, 35.72995145339252], [51.22361335194507, 35.729961944752006], [51.22358128149522, 35.72992672758858], [51.2235805458019, 35.72973232105513], [51.22361654862085, 35.7296924094706], [51.22557077012949, 35.72968852311114], [51.225570007835756, 35.72941812664642], [51.224934949609136, 35.729417549141374], [51.22490668617646, 35.729383278078664], [51.224905788920445, 35.72914888008331], [51.22461015024436, 35.72914919393497], [51.22458079010561, 35.729131683452245], [51.22457102374244, 35.728067545700114], [51.22291249723657, 35.728070629622366], [51.22290640612439, 35.728323288134426], [51.222877090006946, 35.72834094622364], [51.2225815260259, 35.728341732219214], [51.22258193907673, 35.728576061121224], [51.222557505393695, 35.72860917210887], [51.22162309857931, 35.728613752707346], [51.221587146981925, 35.72857796655534], [51.22158551031951, 35.72807308042137], [51.22092215474396, 35.72807430023345], [51.22092256293111, 35.72830862943336], [51.22089812875184, 35.72834173985046], [51.22029156828412, 35.728345132484236], [51.22025949882356, 35.72830991392391], [51.220258615204685, 35.72807551652146], [51.219609796779416, 35.72806758703388], [51.219594425177895, 35.72780624047604], [51.21895213456166, 35.72780264715765], [51.218931119322775, 35.727771357979094], [51.218930239607275, 35.72753696073666], [51.218291501242, 35.72753503385306], [51.21826673318061, 35.727498156590585], [51.21826532059848, 35.726997188634215], [51.217948230726485, 35.726988647935066], [51.21793286445836, 35.72672730117517], [51.21730943733292, 35.726728382651416], [51.21727615913914, 35.726710684445585], [51.217267224415565, 35.725917034705816], [51.21697160019928, 35.72591732973446], [51.21694224080404, 35.72589981672438], [51.216934042784885, 35.72537665564712], [51.21661140587695, 35.72536258235868], [51.21660086566886, 35.724836275601554], [51.21628378503503, 35.72482773040607], [51.216268424135706, 35.72456638339592], [51.21527338803816, 35.72456816765358], [51.2152746896091, 35.72506906337315], [51.215256983225345, 35.7251023824497], [51.21461142023632, 35.725110330306244], [51.214611809882356, 35.72534466073048], [51.21457987026095, 35.72538006114424], [51.213948720205956, 35.72538200048049], [51.213940991896635, 35.725908308473656], [51.21361845171371, 35.72592356742379], [51.21360736801506, 35.72618230271459], [51.21328745772076, 35.726194644633146], [51.213279004081215, 35.726450463791714], [51.212956461485064, 35.72646572092754], [51.21295033924644, 35.72671837999483], [51.21292102214236, 35.726736034797064], [51.21262546300656, 35.726736796306945], [51.21262584687706, 35.726971126993035], [51.212601410216955, 35.727004234557576], [51.212309000882854, 35.72699872932935], [51.212293652624226, 35.72673738204855], [51.21164193381325, 35.726726780868276], [51.21162965201239, 35.72650805110974], [51.21165072419712, 35.72647270693407], [51.2122929345926, 35.72646680128777], [51.21230692687572, 35.72620542198866], [51.212623933089716, 35.726195726810666], [51.212621058322696, 35.72511386342737], [51.2123039771952, 35.7251053075628], [51.212288628998316, 35.7248439601973], [51.21130812797981, 35.72483657018824], [51.21129278296957, 35.724575222718975], [51.21099716514536, 35.7245755030434], [51.21096276498549, 35.7245473945627], [51.210960779157865, 35.72379270481493], [51.21099509263346, 35.72376442135342], [51.211290639910146, 35.72376366397826], [51.211290260021435, 35.72352933280558], [51.21132220054613, 35.72349393379659], [51.212285040638946, 35.723491423690476], [51.21229044746474, 35.72296827540649], [51.212319764554074, 35.72295062080982], [51.21261530822056, 35.72294986019092], [51.21262858089121, 35.72241799173614], [51.212945571346104, 35.72240829575149], [51.21294413214104, 35.72186740973508], [51.21164954894182, 35.72186887985361], [51.211617482056944, 35.7218336576522], [51.21161662389694, 35.72159926116753], [51.20998654066665, 35.72160035014196], [51.20995828171259, 35.721566073342004], [51.20995761857119, 35.72109336705001], [51.20999287710772, 35.72106127175127], [51.21028841336842, 35.72106051687432], [51.210288036474026, 35.720826185400895], [51.210316169205036, 35.720791748334975], [51.21095109021599, 35.72078886674141], [51.21095071138847, 35.72055453536819], [51.21098265201738, 35.72051913651124], [51.212940533095505, 35.72051487261545], [51.21294014845234, 35.72028054156914], [51.21296828038504, 35.720246103494944], [51.21393488782852, 35.720242618705235], [51.21394333955094, 35.719986799195915], [51.21426585510456, 35.719971539539046], [51.214265466595535, 35.71973720869336], [51.214289902698226, 35.719704100612695], [51.214596820138524, 35.71970045945818], [51.214596430667235, 35.719466128656116], [51.21461395491524, 35.71943673324259], [51.2152594710007, 35.719428785628565], [51.215258743827086, 35.71915838851392], [51.21462007535291, 35.71915644184384], [51.21459551146679, 35.719123481165674], [51.214594644649104, 35.71888908415612], [51.21362798911609, 35.71888903756769], [51.213599729075526, 35.718854762149604], [51.21359886517958, 35.71862036526596], [51.212950126116276, 35.718612399284325], [51.21293477601317, 35.71835105168968], [51.21260318432079, 35.71835163803685], [51.21260356793454, 35.71858596912869], [51.212575435813896, 35.71862040708762], [51.21194053326514, 35.71862329728887], [51.21194091494606, 35.71885762848097], [51.21191278262609, 35.71889206618844], [51.21127787769705, 35.71889495289523], [51.21127859141588, 35.71916535009189], [51.21159249173004, 35.71917157833846], [51.21161013557467, 35.71920085976974], [51.21161084199354, 35.719395267114784], [51.211574834961205, 35.71943517309445], [51.2112793058243, 35.71943593119931], [51.211279685588764, 35.719670262465456], [51.21125155307042, 35.71970469992379], [51.20995326261736, 35.71970874232727], [51.20995363850757, 35.719943073806846], [51.20991781344306, 35.71997905564933], [51.20862721030042, 35.719981538861894], [51.20861320611811, 35.72024291816036], [51.207964532170365, 35.72025317623832], [51.20796490225304, 35.720487508031255], [51.207940464193186, 35.72052061397595], [51.20663846395242, 35.720525950887335], [51.20663883016056, 35.720760282893394], [51.20660300412065, 35.720796263237496], [51.20600408575639, 35.72079576228538], [51.2059758279943, 35.720761483961745], [51.205974986377704, 35.720527088211796], [51.20564338551933, 35.72052765540908], [51.205637240308796, 35.72078031510022], [51.20560792248259, 35.72079796747813], [51.20531238662636, 35.72079871094186], [51.20529837188, 35.721060090008834], [51.20464969040102, 35.72107033008762], [51.20465005080109, 35.72130466240661], [51.204618108190914, 35.72134005864654], [51.20401530120402, 35.72134013099612], [51.20398704403632, 35.72130585191464], [51.20398620823101, 35.72107145646323], [51.2036546050751, 35.72107201818695], [51.203655833757225, 35.72157291656496], [51.203638123539925, 35.72160623238284], [51.20299258703583, 35.7216141174069], [51.20298410085966, 35.72186993691978], [51.20266157465282, 35.72188516564383], [51.20266192925241, 35.72211949826241], [51.202637489610076, 35.722152602391766], [51.20233056002753, 35.72215621296537], [51.20233091366426, 35.722390545627334], [51.202313385911815, 35.722419937805526], [51.201336141594204, 35.72242837111258], [51.20133649232652, 35.722662703930744], [51.201304548724494, 35.722698098791476], [51.200046015873745, 35.72270077449455], [51.20001007058179, 35.722664978526], [51.200009246392135, 35.72243058368402], [51.19934687300303, 35.722431636813916], [51.199346281587616, 35.72266601754962], [51.19932184095538, 35.7226991205424], [51.198683206547514, 35.72270327071796], [51.19868270883949, 35.7232157915479], [51.19864839273572, 35.72324406991053], [51.19835284549774, 35.7232447963068], [51.19834501523589, 35.72377110497443], [51.19769077349747, 35.72378686633754], [51.197691113589876, 35.72402119971052], [51.19765916889661, 35.724056593053305], [51.19702802650217, 35.724058443539406], [51.197029358243974, 35.7245993298976], [51.197360976155224, 35.72459878638655], [51.1973606370175, 35.7243644528805], [51.19738877363863, 35.72433002072751], [51.19802372647769, 35.724327207364446], [51.198023385405975, 35.724092873958], [51.19805532990588, 35.72405748048761], [51.198661856437845, 35.72405875296468], [51.198686415531185, 35.72409171908041], [51.19868039772194, 35.72430837644976], [51.19865107920429, 35.7243260265411], [51.198355527484686, 35.72432675295751], [51.19834935960883, 35.72457941281443], [51.19832004105824, 35.72459706279716], [51.19802448815647, 35.724597788403585], [51.19802482924284, 35.72483212168116], [51.19799669273727, 35.724866554107194], [51.19703002460395, 35.72486991100072], [51.19703069033844, 35.725140308168555], [51.198689158867616, 35.72513758117708], [51.198688815830984, 35.72490324792239], [51.198713256581655, 35.72487014517305], [51.19931978950242, 35.72486686183174], [51.19935205481543, 35.72490600725838], [51.19934718445843, 35.72565972469663], [51.19931394356471, 35.725677574319505], [51.19869059449306, 35.7256786512466], [51.19869093755214, 35.72591298435938], [51.19865899315992, 35.72594837812587], [51.198027835279206, 35.72595023390865], [51.19802817640415, 35.72618456712109], [51.19800003990083, 35.72621899955256], [51.19736507155312, 35.72622181292254], [51.19736541074388, 35.726456146234625], [51.197337274041196, 35.72649057841443], [51.196702303314815, 35.726493388288134], [51.19668892619753, 35.72702525563634], [51.19637191330671, 35.727034908189495], [51.19637224960757, 35.72726924163144], [51.196344112606525, 35.72730367343535], [51.19570913494911, 35.727306478080244], [51.195695089686645, 35.72756785628308], [51.195378074341484, 35.72757750617907], [51.19536759332735, 35.72810673001647], [51.19504767091133, 35.72811902238924], [51.195048003358615, 35.72835335600427], [51.19501986595974, 35.728387787306936], [51.19438487906092, 35.72839058497954], [51.19437636592224, 35.7286464042927], [51.19405380948142, 35.72866160941427], [51.19405413903068, 35.728895943172056], [51.19402969682397, 35.72892904436573], [51.19372273765887, 35.728932632932896], [51.193723066244615, 35.72916696673392], [51.19370217121535, 35.729198382096335], [51.19206474736629, 35.72920578080136], [51.192058559955605, 35.729458440724095], [51.192029240779256, 35.72947608864205], [51.19173366653663, 35.729476798850705], [51.191719608625775, 35.729738176717575], [51.19140258346384, 35.7297478159838], [51.191403877453176, 35.730288702009965], [51.19171782088941, 35.73029498265304], [51.19173545918516, 35.730324269383985], [51.191736117537424, 35.73051867676986], [51.191700103710254, 35.73055857353419], [51.19140452492309, 35.73055928294711], [51.19140517178519, 35.73082967994893], [51.191719117466, 35.730835960581544], [51.19173675576274, 35.73086524731087], [51.1917374141274, 35.73105965467223], [51.19170140030118, 35.73109955143903], [51.19140581927235, 35.73110026086166], [51.19141034945819, 35.73299359121691], [51.19172430411796, 35.73299987180773], [51.19174194241864, 35.733029158530556], [51.19174241742798, 35.733227488932876], [51.191706587010394, 35.733263462570584], [51.19107925109376, 35.73326469931158]], [[51.23725261590707, 35.74021519530435], [51.23721274115311, 35.740179231657464], [51.237223617921366, 35.739956493006474], [51.23753195914137, 35.73995585650765], [51.23753266478142, 35.74020291291365], [51.23725261590707, 35.74021519530435]], [[51.2368777957689, 35.73917401631168], [51.23691379402125, 35.73913409849428], [51.23752347926531, 35.73913943651043], [51.237541334396425, 35.73917262854864], [51.237536020168655, 35.73965585956442], [51.23750278271747, 35.73967372310142], [51.236897016142976, 35.739668184418505], [51.236879161170904, 35.73963499215639], [51.2368777957689, 35.73917401631168]], [[51.236872824560656, 35.73751109592198], [51.23655568800985, 35.73750260530022], [51.236549441690826, 35.737255838283474], [51.237194805472555, 35.73725453321401], [51.23720611861106, 35.73801133229358], [51.23718505508438, 35.738046684672476], [51.23691051426896, 35.73805176220984], [51.2368791273309, 35.73803089628838], [51.236872824560656, 35.73751109592198]], [[51.22361441529085, 35.741864298002916], [51.22330041910885, 35.741858101800176], [51.22328277191173, 35.741828823527214], [51.223282784402755, 35.7416266072077], [51.22332196226207, 35.741594305904805], [51.22394543833464, 35.74159310102427], [51.22394849598897, 35.74025849130087], [51.22397781193134, 35.740240832820035], [51.22427342513306, 35.7402400433145], [51.22427300685058, 35.74000571515974], [51.22430113534883, 35.73997127270086], [51.22493621262262, 35.739968316632], [51.22493545218606, 35.73969792061856], [51.22463976972128, 35.73969823469269], [51.22460838437011, 35.7396773643411], [51.22460326068667, 35.73946412033828], [51.22462414661179, 35.7394326955482], [51.225598232559875, 35.73942609832767], [51.22559610262343, 35.73865471791318], [51.225617170034724, 35.73861936925869], [51.22591317493069, 35.738623154182996], [51.22592856698933, 35.73888449974205], [51.22658303054498, 35.73889792269013], [51.22657815799092, 35.739144723369456], [51.22626110110426, 35.73915445624423], [51.226261866007114, 35.73942485225742], [51.227257086195785, 35.73942297646185], [51.22726812622839, 35.73916424142719], [51.22754817157807, 35.73915198287647], [51.22758804349729, 35.73918795122852], [51.22758894885457, 35.739422349275316], [51.227920627578555, 35.73942172131163], [51.22791634439331, 35.73783495383986], [51.227952164053775, 35.73779896379592], [51.22824776640902, 35.737798164556786], [51.22824784389674, 35.7367409716575], [51.22828084035504, 35.73671638267259], [51.228576438163124, 35.736715582641224], [51.228576007366144, 35.7364812550582], [51.22860413457132, 35.73644681097189], [51.22923918176005, 35.73644383225654], [51.229238749029214, 35.73620950477472], [51.22927068416247, 35.73617409822334], [51.22955562838223, 35.736181854322], [51.229571967560894, 35.73644324379103], [51.2302344566065, 35.73644193189873], [51.230234020961554, 35.736207604588515], [51.230265955796376, 35.73617219762135], [51.23121125801374, 35.736176348443486], [51.23122890737057, 35.73620562456809], [51.231229823321875, 35.73644002323826], [51.23152549332356, 35.736439692916505], [51.23155989759179, 35.73646779281659], [51.231563930933135, 35.737250849165285], [51.23185960434634, 35.73725051801013], [51.23188896511423, 35.73726802608152], [51.231897261069015, 35.737791186100445], [51.232219952760694, 35.73780521698111], [51.23223059572429, 35.73833152204672], [51.232547735084175, 35.73834002417302], [51.23256314833287, 35.73860136912397], [51.23355835783221, 35.738599441241625], [51.23356161489075, 35.738079670010805], [51.23359294048639, 35.738058634121984], [51.23385642866412, 35.73805869706641], [51.23388850209237, 35.73809390986904], [51.23389021692731, 35.73859879669034], [51.23552065388826, 35.73859738228705], [51.23554892042828, 35.738631649229], [51.23554984909796, 35.73886604838759], [51.23586046532582, 35.73887020310244], [51.23588148543596, 35.73890148702294], [51.235882415086934, 35.73913588621561], [51.236189482437624, 35.73913837073819], [51.23621405268781, 35.739171323876974], [51.2362149833201, 35.739405723103694], [51.23651066631349, 35.73940538047964], [51.236546035455696, 35.73943728098182], [51.236548189647884, 35.73990605325058], [51.236523578904006, 35.73994309278163], [51.23555303624303, 35.739948091517256], [51.23555348755761, 35.74018241762347], [51.23551767004681, 35.74021841114015], [51.234558511489794, 35.74022052381394], [51.234559304473954, 35.74049091962118], [51.23585419836478, 35.74048920170129], [51.23588627238928, 35.74052441365759], [51.23588403478151, 35.74073414474803], [51.23584711674198, 35.740758937245666], [51.23389654603555, 35.74076279114695], [51.233897065667044, 35.74154579272991], [51.23386275682883, 35.74157408574787], [51.23356714000686, 35.74157489893212], [51.23356758554677, 35.741809225303314], [51.233531767452035, 35.74184521792648], [51.23160185701977, 35.741846100235115], [51.23157728806703, 35.741813145481345], [51.23157637096285, 35.74157874709377], [51.231280679779346, 35.74157907752601], [51.231247606990024, 35.74155466763887], [51.23124146274619, 35.740497434033394], [51.23092431471971, 35.740488928351766], [51.23090890665588, 35.74022758340107], [51.229581902714806, 35.740230122982396], [51.22957660928238, 35.74075326845188], [51.22954729381973, 35.74077092877038], [51.22925167953865, 35.740771731335585], [51.22924219673098, 35.74157144191879], [51.2289222262315, 35.74158382657743], [51.22892265816858, 35.7418181537504], [51.2288945309886, 35.74185259800627], [51.228259439047264, 35.74185557514433], [51.22825336498637, 35.74210823275216], [51.2282240493917, 35.74212589263729], [51.22792842925178, 35.742126691969474], [51.227928858291726, 35.74236101928771], [51.227904426223255, 35.74239413215679], [51.22726563417069, 35.74239843506598], [51.22726640256108, 35.74266883091421], [51.22757348344339, 35.742671337515766], [51.227598051140355, 35.742704293612476], [51.22759895661306, 35.74293869151318], [51.22789465309871, 35.74293837002596], [51.227929056626124, 35.74296647141195], [51.22793117132182, 35.74317248263992], [51.22791365080298, 35.74320188170896], [51.227599726879205, 35.74320927125364], [51.227600496422085, 35.74347966705907], [51.22826397948858, 35.74347840996136], [51.228263549440584, 35.743244082650136], [51.22829548485999, 35.74320867647989], [51.228915157627775, 35.74321843168098], [51.22892080046759, 35.74345941079715], [51.22889148493836, 35.74347707090568], [51.22859585931818, 35.74347787189793], [51.228596290346, 35.74371219903597], [51.22856435493301, 35.7437476053583], [51.22664189786088, 35.743751819418506], [51.22660594478785, 35.74371603560363], [51.22660504220522, 35.74348163797675], [51.22531398121633, 35.74348382441533], [51.225278028531264, 35.74344803999614], [51.225277129846695, 35.74321364254025], [51.22430647424943, 35.74321236894842], [51.22428190746073, 35.74317941168445], [51.22428101170182, 35.74294501435405], [51.22365744920741, 35.74294612919048], [51.22362214527831, 35.742925073398105], [51.22361441529085, 35.741864298002916]], [[51.23616459198094, 35.73588950535148], [51.23620446633767, 35.73592546951363], [51.236205051556915, 35.736123799093804], [51.23618062195512, 35.73615691478412], [51.23558179764287, 35.73616113734661], [51.23554480554179, 35.73613654442521], [51.235541339787105, 35.73592684327716], [51.23556576951192, 35.735893727839525], [51.23616459198094, 35.73588950535148]], [[51.2345793930773, 35.742375282532876], [51.234567223259596, 35.74159407524109], [51.234598548724776, 35.74157303897939], [51.23487310535661, 35.74157702782001], [51.23489432906151, 35.74161222968399], [51.23488746179148, 35.74236910872317], [51.2345793930773, 35.742375282532876]], [[51.23419148447661, 35.74184412842697], [51.234231358277746, 35.74188009352719], [51.23422823874423, 35.7423638673644], [51.234196913149184, 35.742384903488336], [51.23392235340702, 35.74238091310975], [51.23390112997018, 35.742345710894305], [51.2339044553172, 35.741865854767354], [51.23393578086943, 35.741844818744276], [51.23419148447661, 35.74184412842697]], [[51.23290759059893, 35.74296861678686], [51.23294359020759, 35.74292870080314], [51.23354269114194, 35.7429290667587], [51.23357095709502, 35.74296333444105], [51.23357002675189, 35.74316936349168], [51.233531795101506, 35.743197856841554], [51.23293661506214, 35.743197290403046], [51.232908349222, 35.743163022447916], [51.23290759059893, 35.74296861678686]], [[51.23094149134405, 35.742935416251996], [51.23221924696281, 35.74293294933481], [51.23224381603915, 35.74296590382916], [51.232241568994276, 35.74317563464197], [51.23220465037737, 35.74320042560587], [51.23095750548622, 35.743202826183364], [51.23092051410942, 35.74317823132586], [51.23091706024535, 35.74296853012542], [51.23094149134405, 35.742935416251996]], [[51.23054610654276, 35.729448688304025], [51.23058602968373, 35.72940857310789], [51.232168594133384, 35.72940572243899], [51.2322039622017, 35.729437624874635], [51.232205123901515, 35.729639833702656], [51.232165382666714, 35.72967602607484], [51.23058281336351, 35.72967887672645], [51.23054744560351, 35.72964697357018], [51.23054610654276, 35.729448688304025]], [[51.230215772998584, 35.72995030767488], [51.22989866891152, 35.729941799073785], [51.22989244251568, 35.72969503110875], [51.23053218934683, 35.729688234988195], [51.23053919713186, 35.73020549120001], [51.2302311785786, 35.73021165314714], [51.230215772998584, 35.72995030767488]], [[51.22823246530368, 35.73235240405958], [51.22823763225079, 35.73186525562048], [51.22826694776308, 35.731847595744384], [51.2285625253959, 35.73184679581727], [51.22856209475924, 35.73161246799739], [51.22858652657566, 35.73157935497076], [51.22952097029076, 35.731574720046005], [51.229556924114966, 35.73161050256316], [51.22955783505418, 35.731844901197235], [51.22985348575485, 35.731844575053344], [51.229884871705686, 35.7318654435354], [51.22989078650488, 35.73234917551019], [51.22985104460996, 35.73238536676698], [51.228268418843946, 35.73238818717961], [51.22823246530368, 35.73235240405958]], [[51.22827637604978, 35.74267605497481], [51.229556684648045, 35.742665296347916], [51.22958875680162, 35.74270051093454], [51.229588760246514, 35.742902727218215], [51.22954958379541, 35.74293503147399], [51.22827150861621, 35.74292285557497], [51.22827637604978, 35.74267605497481]], [[51.22861667475359, 35.74212838856095], [51.22957271103003, 35.74213258852714], [51.229578936763595, 35.74237935594893], [51.22863268176303, 35.742395798903736], [51.22859569074851, 35.74237120305895], [51.22859224295886, 35.7421615016331], [51.22861667475359, 35.74212838856095]], [[51.2292199095273, 35.73481188734313], [51.226926897355895, 35.73481625501546], [51.22691914501145, 35.73402851062857], [51.228532711683144, 35.73401100830101], [51.228568665220465, 35.73404679125748], [51.22856957332466, 35.734281189654176], [51.228901230700494, 35.73428055906491], [51.228906528899735, 35.73375741287799], [51.22893976704127, 35.73373955246293], [51.22922244883432, 35.73375362187633], [51.2292199095273, 35.73481188734313]], [[51.22790306022359, 35.73324057946987], [51.227939061557855, 35.73320066585787], [51.22821695297299, 35.73320667953264], [51.228234805043265, 35.73323987420659], [51.228228662826105, 35.733452616622074], [51.22819542453783, 35.73347047675999], [51.22792145496637, 35.73346426277529], [51.22790380648738, 35.73343498571868], [51.22790306022359, 35.73324057946987]], [[51.22690475599771, 35.732160507180545], [51.22694075767518, 35.73212059403795], [51.22756807708609, 35.7321191704158], [51.22758202044413, 35.73185779049584], [51.22787798557126, 35.7318528576975], [51.22789920689268, 35.73188806182881], [51.227901450675205, 35.73265951899158], [51.228218565786555, 35.73266803282154], [51.228229130076734, 35.73290826612218], [51.228193881002774, 35.73292950033516], [51.227238734142254, 35.73293135404174], [51.22722478971462, 35.73319273382324], [51.22692881917133, 35.73319766499394], [51.22690759811654, 35.73316246051357], [51.22690475599771, 35.732160507180545]], [[51.22621337409598, 35.73103676338658], [51.2249358157665, 35.73103916561904], [51.22491124880514, 35.731006208532015], [51.224913515208094, 35.73079647754621], [51.22495043488093, 35.730771689698386], [51.22619737473112, 35.73076935211341], [51.226234365282984, 35.73079394901646], [51.22623780668349, 35.73100365113586], [51.22621337409598, 35.73103676338658]], [[51.214287002428286, 35.727779717091465], [51.21428339161605, 35.72650335520666], [51.21431170546155, 35.72646499318278], [51.215574108295755, 35.72646120629764], [51.21561005804413, 35.72649699516687], [51.21561092801029, 35.72673139210096], [51.216591453246025, 35.72673874665061], [51.216606815228836, 35.72700009360424], [51.216913829669316, 35.72700262781141], [51.21693839418407, 35.72703558763211], [51.21693926805313, 35.727269984726505], [51.217234898037354, 35.727269689669235], [51.217264257384336, 35.72728720258929], [51.21727245766998, 35.727810363572885], [51.21756808994222, 35.72781006768913], [51.217599474306084, 35.72783094062039], [51.217606387502606, 35.72862123005237], [51.217913408801635, 35.72862376166965], [51.217937973614916, 35.72865672114089], [51.21793885044952, 35.728891118304695], [51.21825594828721, 35.72889965891506], [51.21827131563949, 35.72916100561844], [51.21890637119485, 35.729161618279115], [51.21893463275621, 35.72919589160433], [51.21893551252269, 35.72943028888261], [51.21923115174567, 35.72942998888812], [51.21926422246984, 35.72945440349591], [51.21926188121181, 35.72995292397305], [51.219232564731975, 35.72997058086403], [51.218936993337145, 35.72997135792676], [51.2189316301132, 35.73049450505357], [51.21890231360031, 35.73051216183685], [51.21860673990148, 35.730512938095515], [51.218599042278775, 35.73103924546937], [51.217965808795846, 35.73105031664533], [51.217944793839415, 35.73101902717419], [51.21794391693656, 35.730784630204084], [51.21763333685163, 35.73078042858811], [51.21761232199209, 35.73074913901432], [51.21761144606943, 35.73051474207865], [51.21730441708362, 35.730512209633694], [51.21727985238803, 35.730479249915845], [51.21727897744553, 35.7302448530146], [51.21698333527073, 35.730245148131374], [51.216953975876685, 35.73022763513485], [51.216945777558415, 35.729704474441], [51.21665013767192, 35.72970476873124], [51.21661477334762, 35.72967285949164], [51.21661038514948, 35.728352629003496], [51.215947027035305, 35.72835382139497], [51.21593304642818, 35.72861520073728], [51.21561603095415, 35.7286249049073], [51.215616759588215, 35.72889530158918], [51.21593385706003, 35.72890384842762], [51.215946056186795, 35.72914052912911], [51.215913057585226, 35.729165113287074], [51.21561748892637, 35.72916588218179], [51.21561788161101, 35.729400212239184], [51.21559344584772, 35.72943332083854], [51.215314798171725, 35.72943514761748], [51.215286334682276, 35.72939695496556], [51.215284386951495, 35.72838719006284], [51.21531964415973, 35.72835509241828], [51.21561520967321, 35.728354324355614], [51.215614481058864, 35.72808392764933], [51.2152973871162, 35.72807537985687], [51.21528202928734, 35.7278140328999], [51.21431156623245, 35.72781267784879], [51.214287002428286, 35.727779717091465]], [[51.203366266001076, 35.72242491138654], [51.203326400849605, 35.72238893114606], [51.2033258973428, 35.72219060042262], [51.203350336711075, 35.722157496089345], [51.20398896584024, 35.722153321169394], [51.20400298474094, 35.72189194215931], [51.204651673275734, 35.721881705673745], [51.204651312858935, 35.721647373278074], [51.204683255374725, 35.72161197704784], [51.20564607351244, 35.721609520163376], [51.20564571019149, 35.72137518792413], [51.20567765240951, 35.72133979127957], [51.20664046694827, 35.72133732644624], [51.206654477402246, 35.72107594724324], [51.20730315856757, 35.72106569636455], [51.20730279040926, 35.72083136438184], [51.2073309240394, 35.720796928452884], [51.20829753955009, 35.7207934889716], [51.20829716848786, 35.72055915714551], [51.20832160637275, 35.72052605111073], [51.20929191373105, 35.720521273372555], [51.209291539765, 35.720286941703144], [51.20932736492228, 35.72025096016196], [51.21028628111022, 35.720249049567656], [51.210285904240415, 35.720014718055005], [51.21031784506899, 35.7199793194775], [51.2119440225137, 35.71997565106362], [51.21194364079898, 35.7197413198211], [51.211971773032374, 35.71970688212819], [51.21327006323821, 35.719702818019364], [51.213269677649336, 35.71946848699048], [51.21329411404984, 35.71943537925241], [51.213892800734044, 35.71943126841644], [51.213931120193344, 35.7194595611193], [51.21393319849748, 35.71966557418915], [51.213915674006486, 35.71969496945706], [51.21360184478375, 35.719702321647084], [51.213602231350755, 35.71993665250342], [51.213574099532245, 35.71997109084714], [51.21227580521646, 35.719975158342685], [51.21227618790927, 35.72020948941268], [51.212240363528764, 35.720245472307994], [51.210949756537495, 35.720247980445315], [51.210950135355986, 35.72048231172885], [51.21092569818799, 35.720515418698135], [51.209955391455615, 35.72052020972429], [51.20995576737036, 35.72075454116463], [51.209919942307, 35.72079052301099], [51.2089610195717, 35.720792430797545], [51.2089613925826, 35.72102676239461], [51.20892945126418, 35.72106216043388], [51.20796664088603, 35.7210646436648], [51.20796701099301, 35.721298975418534], [51.207938877478476, 35.72133341162052], [51.206972255398824, 35.721336848325834], [51.206972622601796, 35.72157118023617], [51.20695173143519, 35.72160259962149], [51.20597786311037, 35.721609044780394], [51.20597822740927, 35.721843376847254], [51.20594628519753, 35.72187877364361], [51.20498346402095, 35.72188123302823], [51.204969448249635, 35.72214261202656], [51.204320757723956, 35.722152850347044], [51.204321117185174, 35.722387182670296], [51.204292982573584, 35.7224216174871], [51.203366266001076, 35.72242491138654]], [[51.20399655092733, 35.72512870099938], [51.203995635412404, 35.72407520294895], [51.20402995032457, 35.72404692237312], [51.20432550002631, 35.72404618210735], [51.204325140516545, 35.72381184975963], [51.20435708312835, 35.72377645365837], [51.20528780956726, 35.72377486783268], [51.20531987448654, 35.72381009265078], [51.20532071425652, 35.7240444882763], [51.2056407024029, 35.72405569135434], [51.205654507222796, 35.724855388890695], [51.20595012562732, 35.72485512160586], [51.20597948387413, 35.72487263825391], [51.205987610645266, 35.72539579949076], [51.20698265763156, 35.725394091984825], [51.20698229031491, 35.7251597601546], [51.20700672858762, 35.72512665455725], [51.20764538160754, 35.72512246009356], [51.20764501235722, 35.72488812836342], [51.20767695397326, 35.72485273087207], [51.208308101070166, 35.724850824555304], [51.20831657040533, 35.724595005179566], [51.20863910646601, 35.724579760943115], [51.20863873431933, 35.72434542935661], [51.20866317209803, 35.72431232319309], [51.20897010961924, 35.72430869641579], [51.208969736509864, 35.7240743648728], [51.20899062702378, 35.72404294489939], [51.20959681801053, 35.724037354671886], [51.20963276601175, 35.72407314626339], [51.20963361841754, 35.72430754247468], [51.20992923510165, 35.724307265415995], [51.20996230429242, 35.72433168366399], [51.20996816593434, 35.72538891983993], [51.21026378715083, 35.72538864194455], [51.21029314581847, 35.72540615716847], [51.21030096711682, 35.72589325257163], [51.21026514215841, 35.72592923459269], [51.209969585885595, 35.72592998956605], [51.20996996196392, 35.72616432074485], [51.209945524509344, 35.726197427395114], [51.209638579452694, 35.72620105678056], [51.20964122305445, 35.72752122985708], [51.20960596434164, 35.727553325035885], [51.20931040122125, 35.72755407841102], [51.20931077540667, 35.72778840962463], [51.209293249625226, 35.72781780367978], [51.20831593982428, 35.72782629413769], [51.20831631110482, 35.728060625508085], [51.20828817770201, 35.728095061865005], [51.2073214716234, 35.72809850165616], [51.20732183999899, 35.72833283318328], [51.20729370629688, 35.7283672691622], [51.20636299705052, 35.72837040075985], [51.20632704990994, 35.72833460767847], [51.20632620709693, 35.72810021219971], [51.205687465472465, 35.72809821822059], [51.205662904228134, 35.72806525449363], [51.205662063366255, 35.72783085909552], [51.20536643281683, 35.72783112562127], [51.205337074555324, 35.727813608786875], [51.20532964608533, 35.727560936722135], [51.20500964351833, 35.72754973275863], [51.20499653801018, 35.727020524510735], [51.20403358964072, 35.727021347377274], [51.20400152501723, 35.726986122004995], [51.20400068904491, 35.72675172679163], [51.20370506320379, 35.72675198921936], [51.20367570510393, 35.7267344718346], [51.20366573658077, 35.725161533041195], [51.203700996681924, 35.725129440470816], [51.20399655092733, 35.72512870099938]], [[51.20730526064079, 35.72187716371526], [51.207319268959495, 35.72161578449794], [51.20796795444632, 35.72160552998968], [51.20796758433044, 35.72137119814622], [51.207995717759836, 35.72133676196233], [51.20925411722372, 35.72133285609391], [51.209292435776796, 35.721361150871175], [51.20929440574471, 35.72211584102917], [51.2092600918294, 35.722144123786094], [51.20896455105508, 35.722144876240094], [51.20896492410668, 35.722379207771795], [51.20893679089376, 35.72241364435736], [51.20730675436554, 35.72241823378677], [51.20729274602486, 35.72267961289689], [51.20700036798762, 35.7226861639052], [51.2069756038259, 35.72264928259167], [51.20697672045377, 35.721902491932866], [51.20700972045998, 35.72187791127392], [51.20730526064079, 35.72187716371526]], [[51.208676296624795, 35.723497781634585], [51.20863642996906, 35.723461803986524], [51.2086473849453, 35.72323906965096], [51.20895565749881, 35.723238510035436], [51.2089562778864, 35.72348556768985], [51.208676296624795, 35.723497781634585]], [[51.203354298777896, 35.73079236564072], [51.20334651931701, 35.730305269569406], [51.20337095867045, 35.73027216520499], [51.20397753619559, 35.73026885815151], [51.204009600730124, 35.730304083496456], [51.20401043680561, 35.73053847866592], [51.20432438319526, 35.73054472596927], [51.20434202502012, 35.73057400931976], [51.204341964519394, 35.73077622611026], [51.20430670448868, 35.730808318990086], [51.20401112692643, 35.73080905938579], [51.20401148567124, 35.731043391347825], [51.2039905936505, 35.731074809855734], [51.203712199128454, 35.73107924192382], [51.20368013459742, 35.73104401643051], [51.20367929947745, 35.73080962143324], [51.20338365684432, 35.730809883122994], [51.203354298777896, 35.73079236564072]], [[51.20233129900738, 35.722466689894226], [51.20237123157122, 35.7224265888143], [51.203294134901654, 35.722425801028464], [51.2033261992268, 35.72246102668567], [51.203326136011206, 35.72266324383719], [51.20328695324937, 35.72269553569035], [51.202663629721144, 35.7226966331197], [51.20266398434442, 35.72293096569915], [51.20263204114038, 35.722966361115134], [51.20170912582433, 35.72296868103072], [51.20167584901225, 35.72295097714652], [51.20166857879792, 35.722738292517306], [51.201686289610564, 35.722704977289595], [51.20233183555195, 35.72269709938126], [51.20233129900738, 35.722466689894226]], [[51.20035328397115, 35.72733882277933], [51.2003892947479, 35.727298922021795], [51.20068485857646, 35.72729819065996], [51.200684509651985, 35.72706385784783], [51.20070894980419, 35.72703075440701], [51.20101589998509, 35.72702714800992], [51.20101555009746, 35.72679281524116], [51.20103644293247, 35.72676139768759], [51.20134693915088, 35.72675610444422], [51.201346588300105, 35.72652177171885], [51.2013674810387, 35.72649035406498], [51.20196977375329, 35.726484616540525], [51.202005074994666, 35.72650568093874], [51.20200197973258, 35.72701090371635], [51.20167943197905, 35.727026129811215], [51.20167978381571, 35.72726046235127], [51.20165534388542, 35.72729356615861], [51.20134839283089, 35.727297174279265], [51.2013487437044, 35.727531506862704], [51.20132785090147, 35.72756292454829], [51.20101735143983, 35.727568217831646], [51.20101770135018, 35.72780255045847], [51.20099680845083, 35.72783396804376], [51.20036912539363, 35.727830672695085], [51.20035328397115, 35.72733882277933]], [[51.201669740377625, 35.723199203485386], [51.20163372994486, 35.7232391048504], [51.20103479109386, 35.72323857917982], [51.20100653481602, 35.723204298965925], [51.201007549105476, 35.722998269781534], [51.201045787082094, 35.7229697910729], [51.201640801636884, 35.72297051609537], [51.20166905802777, 35.72300479603681], [51.201669740377625, 35.723199203485386]], [[51.2006347624961, 35.7232409673401], [51.20067462678724, 35.72327694887607], [51.20066365009185, 35.723499681831434], [51.20035537639764, 35.72350021922661], [51.20035478153732, 35.72325316143633], [51.2006347624961, 35.7232409673401]], [[51.1999720301103, 35.72351256073375], [51.20001189421385, 35.72354854259184], [51.2000009157189, 35.7237712754177], [51.19969264088517, 35.723771811040706], [51.19969204798691, 35.72352475325237], [51.1999720301103, 35.72351256073375]], [[51.19868594620883, 35.72382521460621], [51.198721957559876, 35.7237853146378], [51.19932090143089, 35.72378585183498], [51.199349157128495, 35.723820132659995], [51.199348138599404, 35.72402616178187], [51.1993099001917, 35.72405463973121], [51.19871487691375, 35.7240539032029], [51.19868662132921, 35.72401962210542], [51.19868594620883, 35.72382521460621]], [[51.19804850013703, 35.734335297333246], [51.198046636265076, 35.73356391018588], [51.19807876385182, 35.733524593462626], [51.198363696726815, 35.73353242504099], [51.19837900064965, 35.73379377336624], [51.19869611558296, 35.73380236637077], [51.198711420573794, 35.73406371465372], [51.19900707621827, 35.73406346432014], [51.19904147384759, 35.734091577727824], [51.19904036238037, 35.73485352181681], [51.19900903217458, 35.734874545213756], [51.198713436808546, 35.73487527264182], [51.198713780130866, 35.73510960531157], [51.19868933932267, 35.73514270812329], [51.19838235521782, 35.735146308732496], [51.19838269757651, 35.73538064144561], [51.19835456118839, 35.7354150740405], [51.19807588738363, 35.735414215675874], [51.19805132839166, 35.735381249348464], [51.19805050966676, 35.735146855317254], [51.19775484982015, 35.73514710322291], [51.19772045236418, 35.735118989277396], [51.19771990512055, 35.73436059939233], [51.1977529066736, 35.73433602230477], [51.19804850013703, 35.734335297333246]], [[51.193398764532695, 35.73217903384458], [51.19310311765451, 35.73217927027667], [51.19306872114878, 35.73215115439178], [51.19306455435412, 35.7311375972004], [51.19308226798826, 35.731104284357414], [51.19503713523816, 35.7311011180764], [51.19505477446405, 35.73113040391555], [51.19505558432757, 35.731364797804375], [51.19535122826023, 35.731364556492544], [51.195385625142784, 35.7313926714255], [51.19538996496924, 35.732446214967155], [51.19568561343626, 35.732445972819896], [51.19571868027507, 35.73247039659806], [51.19572369287705, 35.73325714220475], [51.19635877991604, 35.73325787397276], [51.196387034735906, 35.73329215590024], [51.19638784854747, 35.7335265498832], [51.19670787436928, 35.73353777711531], [51.19671475344029, 35.73431973688344], [51.19668543472298, 35.73433738634695], [51.19638984116675, 35.73433810805771], [51.19639017767421, 35.73457244114812], [51.19635823259919, 35.73460783398146], [51.195412948656255, 35.73460340790135], [51.19539510729197, 35.734570203959656], [51.19539317686771, 35.733798750939236], [51.19507606257637, 35.73379014898962], [51.19506076920302, 35.73352880043377], [51.19442198383429, 35.73352674661], [51.19439742592928, 35.73349377901841], [51.194396617948215, 35.733259385416616], [51.194079506061684, 35.73325078078658], [51.194064215883664, 35.732989432116256], [51.193757179792044, 35.732986839232495], [51.193732622085, 35.73295387141036], [51.193731816062645, 35.73271947787846], [51.193436166895005, 35.732719715135964], [51.19340680980079, 35.73270219437551], [51.193398764532695, 35.73217903384458]]]}}, {"type": "Feature", "properties": {"cls": 3}, "geometry": {"type": "Polygon", "coordinates": [[[51.22497131267449, 35.75241084217954], [51.224972834873704, 35.75295172500871], [51.2252685725869, 35.752951409837664], [51.2252979327032, 35.75296892004765], [51.22530602795902, 35.75345208698614], [51.22527002565396, 35.75349199947969], [51.224974357838875, 35.753492791711906], [51.2249758801192, 35.75403367444347], [51.22527162232778, 35.754033359249554], [51.22530098244378, 35.754050869456016], [51.22530907777131, 35.75453403629461], [51.225273075468465, 35.754573948793976], [51.22497740316556, 35.75457474104905], [51.22497816415985, 35.7548451363914], [51.225641741691945, 35.75484389341591], [51.22564055545405, 35.75433907889498], [51.22566868352518, 35.7543046358646], [51.22595751105661, 35.75431143830999], [51.22597290366025, 35.75457278316761], [51.22663554251022, 35.754571582508994], [51.226650424640184, 35.75431015587073], [51.226967544379185, 35.75430042179901], [51.22696584112268, 35.7540299823046], [51.22663503730009, 35.75403065202307], [51.226621091487985, 35.75429203080688], [51.226318507697705, 35.7542926215662], [51.226302348176645, 35.753760789482676], [51.22598514588421, 35.75375227075687], [51.225969912249006, 35.75353091766678], [51.225994526565835, 35.75349388188606], [51.226936932332585, 35.75349077960523], [51.22696519632075, 35.753525049775924], [51.22696610020316, 35.75375944713591], [51.22726184154581, 35.75375912704999], [51.22729120185596, 35.75377663659996], [51.227298699589454, 35.7540293079016], [51.22762950256228, 35.75402872832167], [51.22763651463806, 35.75377602335831], [51.22766583022217, 35.75375836362891], [51.22796149880821, 35.75375756486433], [51.22797544034868, 35.75349618590993], [51.228292556431406, 35.753486448296265], [51.22828792174375, 35.751863616257076], [51.227970727005385, 35.75185510283036], [51.22795532808405, 35.75159375810846], [51.22765959580258, 35.751594079779615], [51.227630235379124, 35.75157657035572], [51.227622736669886, 35.75132389901997], [51.22629554823376, 35.751326403023484], [51.22628713621755, 35.75158222082601], [51.2259644927123, 35.751597514185214], [51.22596491623058, 35.75183184138614], [51.22594048358621, 35.751864953611836], [51.2256334349453, 35.7518686244318], [51.22561948587605, 35.75213000325728], [51.2253023749327, 35.752139733763265], [51.2253027965243, 35.75237406105226], [51.225278363682605, 35.752407173052205], [51.22497131267449, 35.75241084217954]], [[51.226631270050355, 35.752718207261886], [51.22666727179918, 35.75267829416284], [51.22694524403111, 35.75268431053597], [51.22696309571869, 35.75271750550868], [51.226956950581936, 35.75293024692864], [51.22692371216385, 35.75294810665207], [51.22664966176758, 35.752941890009666], [51.22663201361797, 35.75291261266623], [51.226631270050355, 35.752718207261886]], [[51.225307016111785, 35.7538026497163], [51.22534301831326, 35.75376273723013], [51.225620995059636, 35.75376875669502], [51.22563884631488, 35.753801952037165], [51.22563269772301, 35.75401469325137], [51.22559945918442, 35.754032552495815], [51.22532540426225, 35.754026332806085], [51.2253077564819, 35.753997055110155], [51.225307016111785, 35.7538026497163]]]}}, {"type": "Feature", "properties": {"cls": 3}, "geometry": {"type": "Polygon", "coordinates": [[[51.22723719737665, 35.732390377531814], [51.227237965388355, 35.73266077383146], [51.22756961607464, 35.73266014693772], [51.227568846942056, 35.73238975064426], [51.22723719737665, 35.732390377531814]]]}}, {"type": "Feature", "properties": {"cls": 3}, "geometry": {"type": "Polygon", "coordinates": [[[51.22098044328089, 35.749172372248935], [51.22098866797817, 35.75214764344579], [51.22128440180263, 35.75214733808672], [51.22131976719444, 35.752179245194995], [51.22132573423502, 35.75404044553431], [51.221968243041985, 35.7540440252621], [51.221989259136095, 35.754075313395184], [51.22199014844389, 35.75430971004795], [51.22228589138846, 35.75430940219506], [51.22231525121322, 35.75432691338673], [51.222322733404425, 35.75457958459899], [51.22331814254216, 35.7545777407148], [51.22333209890405, 35.75431636206254], [51.22364926277921, 35.75430570031123], [51.22364770604778, 35.75376575413707], [51.22335196533495, 35.75376606524273], [51.22331580988788, 35.753726362167356], [51.2233154595727, 35.75353195096947], [51.22333298132063, 35.75350255313586], [51.22364694886201, 35.753495174798566], [51.22364619240807, 35.75322477937071], [51.22332899277905, 35.753216253507894], [51.22331677191718, 35.75297957526096], [51.223349769202, 35.75295498814876], [51.223645435242496, 35.75295420000779], [51.22364407984352, 35.75245330847163], [51.22366514789629, 35.75241796039318], [51.22430757102666, 35.75241198955771], [51.22430453536886, 35.75133013174247], [51.22400880468395, 35.75133044442952], [51.22397264901609, 35.75129074165136], [51.22397229715263, 35.75109633034644], [51.22398981871887, 35.751066932343974], [51.22430377602732, 35.75105955230638], [51.22430301741968, 35.75078915678095], [51.22366408548009, 35.75078725919146], [51.223639518873334, 35.75075430173081], [51.22363953027967, 35.75055208581068], [51.223674785400185, 35.75051998444626], [51.22397044128117, 35.75051919554051], [51.22398363784407, 35.74998732913599], [51.224300740209884, 35.74997760228568], [51.22430031377799, 35.74919460011892], [51.22433462450034, 35.74916631104627], [51.224630274646685, 35.7491655205374], [51.22463559983354, 35.74864237542557], [51.224664915712374, 35.748624716698565], [51.22496056355235, 35.748623925385346], [51.22495828057446, 35.74781255455688], [51.22430929768833, 35.74780465123021], [51.22429315173597, 35.74727281834127], [51.222634226866205, 35.74727589985621], [51.22262026809437, 35.74753727872], [51.22230317557247, 35.74754700110952], [51.22229287210669, 35.748076223245015], [51.22197287303388, 35.74808858911136], [51.221973284774165, 35.748322917168665], [51.221948850932236, 35.7483560280113], [51.22164181613731, 35.74835968852811], [51.22164256567771, 35.74863008421205], [51.22195974605659, 35.74863861458592], [51.22196594935539, 35.748885382395606], [51.22164331594261, 35.748900663806666], [51.22164372673686, 35.74913499188165], [51.22161559737068, 35.749169433388396], [51.22098044328089, 35.749172372248935]], [[51.224336954184515, 35.748625135870086], [51.22429708308288, 35.748589165955366], [51.22430799486314, 35.74836642993317], [51.22461637128837, 35.74836582792507], [51.224617038754786, 35.748612884184006], [51.224336954184515, 35.748625135870086]], [[51.221986438872065, 35.75292127420044], [51.221991642624154, 35.75243412813533], [51.22202095876721, 35.75241647027214], [51.22231662281577, 35.75241568540593], [51.222330582433734, 35.7521543067123], [51.22263871180362, 35.752159254926305], [51.222635334693294, 35.752947029675454], [51.22201100499048, 35.75295423222406], [51.221986438872065, 35.75292127420044]], [[51.22164615850742, 35.749942531145784], [51.22161015494444, 35.749982441919286], [51.22133219411475, 35.749976412997164], [51.22131434422701, 35.74994321638749], [51.221320504241525, 35.74973047555233], [51.22135374308088, 35.74971261785656], [51.221627780426324, 35.74971884681019], [51.22164542711926, 35.74974812546862], [51.22164615850742, 35.749942531145784]]]}}, {"type": "Feature", "properties": {"cls": 3}, "geometry": {"type": "Polygon", "coordinates": [[[51.22462428708351, 35.747001711560046], [51.224625046671974, 35.74727210725019], [51.22495675803512, 35.74727148734122], [51.22495599732496, 35.74700109165721], [51.22462428708351, 35.747001711560046]]]}}, {"type": "Feature", "properties": {"cls": 3}, "geometry": {"type": "Polygon", "coordinates": [[[51.22428944965922, 35.74592037986298], [51.22429020808527, 35.74619077560807], [51.22495371380388, 35.74618953668628], [51.22495219211193, 35.74564865324703], [51.224620487482916, 35.74564927311919], [51.22460653501713, 35.74591065217081], [51.22428944965922, 35.74592037986298]]]}}, {"type": "Feature", "properties": {"cls": 3}, "geometry": {"type": "Polygon", "coordinates": [[[51.20540893384071, 35.758396589293845], [51.2054096287418, 35.75866698481188], [51.20637677890605, 35.75866709578661], [51.20640503674712, 35.75870137380438], [51.20640588046974, 35.75893576810669], [51.20770107881332, 35.7589343523116], [51.20773314447822, 35.75896957599985], [51.20773399210104, 35.75920397047531], [51.20839760658807, 35.75920282251035], [51.20839723437264, 35.75896849254064], [51.208421672185565, 35.75893538635475], [51.209032294810925, 35.75893299909664], [51.209060553447, 35.75896727609773], [51.209061404961986, 35.75920167075754], [51.20935716644308, 35.759201394644705], [51.20938652500449, 35.75921891009462], [51.20939396689237, 35.75947158091433], [51.20971674394653, 35.75948567347047], [51.20972746665068, 35.759741534432045], [51.210058294526185, 35.75974091113468], [51.21005791743189, 35.759506581475115], [51.21009374233824, 35.7594705994468], [51.21304427176757, 35.7594651710914], [51.213050392923066, 35.75921251347592], [51.21307970995592, 35.75919485854882], [51.213375403750945, 35.75919409557562], [51.213375016948106, 35.7589597664585], [51.213395906131915, 35.75892834504048], [51.21403838542284, 35.75892242911442], [51.2140370899237, 35.75842153618745], [51.21405816123819, 35.75838619114761], [51.215032485551596, 35.75837967891929], [51.21503860051827, 35.758127021349075], [51.21506791735354, 35.75810936576805], [51.21536360628385, 35.75810859792023], [51.21536321367969, 35.75787426909226], [51.2153841022834, 35.75784284706982], [51.216358419528376, 35.75783632409223], [51.21635802401536, 35.75760199542202], [51.216393847067195, 35.75756601054324], [51.21699676681084, 35.75756777293719], [51.21702133138449, 35.75760073263241], [51.21702220621017, 35.75783512845185], [51.21866365740382, 35.757838935296526], [51.218681303277606, 35.757868214728674], [51.21868218297674, 35.758102610766024], [51.21899624602014, 35.75810881886224], [51.2190138919874, 35.75813809820436], [51.21901292459568, 35.75834412625753], [51.21897861268683, 35.7583724131574], [51.218682923478525, 35.75837318998769], [51.21868332582325, 35.75860751811665], [51.218658891009575, 35.75864062786168], [51.218351812961735, 35.75864428007614], [51.21835255165528, 35.75891467535644], [51.21934801505869, 35.75891286413689], [51.21934761075969, 35.75867853603229], [51.219372045298975, 35.75864542608285], [51.220011017378525, 35.75864022825168], [51.22001022962826, 35.75837076956133], [51.21971447028307, 35.75837107178274], [51.21968139940455, 35.758346657433776], [51.21967689308794, 35.75783040156092], [51.2193811360342, 35.75783070295476], [51.219346734161654, 35.757802598059726], [51.21934464119245, 35.757596587011214], [51.219362164053344, 35.75756719022793], [51.21967614923464, 35.757559822332816], [51.2196747111226, 35.75701987507408], [51.219357447885834, 35.75701040326025], [51.21934114080571, 35.75674901374036], [51.21901032553576, 35.756749662529295], [51.21901072880169, 35.75698399067996], [51.218974906428876, 35.75701997676213], [51.21702000304807, 35.75702375843367], [51.217020400488195, 35.75725808691329], [51.21698457752924, 35.75729407209385], [51.214697821573246, 35.757298414182124], [51.21469821221498, 35.75753274304732], [51.21466627264633, 35.75756814361021], [51.21303931661704, 35.75757185155132], [51.21304042344972, 35.758076668059644], [51.21300459931893, 35.7581126514382], [51.21104966698677, 35.7581163361699], [51.21105004695667, 35.758350665621535], [51.211014222239776, 35.75838664809837], [51.20808142834389, 35.75838521599596], [51.208063785386194, 35.75835593368225], [51.20806308685726, 35.758161527994524], [51.20808770738199, 35.758124498581054], [51.209390331331136, 35.758119143980544], [51.2093899562309, 35.757884814128865], [51.209421897297084, 35.757849415795775], [51.209706931244526, 35.75785721960192], [51.20972227198294, 35.75811856580649], [51.210053092355466, 35.75811803450707], [51.210053651655656, 35.75788365710553], [51.210085592522844, 35.7578482584949], [51.21138070789602, 35.75784517418251], [51.2113792774052, 35.75730429130431], [51.211072138023894, 35.757301743225106], [51.21104757514912, 35.75726878144289], [51.21104671785331, 35.757034386531174], [51.210729504481655, 35.75702582690942], [51.21071416054759, 35.756764480818916], [51.21041840916436, 35.75676476014836], [51.210389050424894, 35.75674724504348], [51.21038160548801, 35.7564945741675], [51.20941448224983, 35.756494495254046], [51.209386223433626, 35.7564602183493], [51.20938443544651, 35.75622577932846], [51.20872178130382, 35.756226976965934], [51.20872215440955, 35.75646130690677], [51.208682406476484, 35.75649748794816], [51.20840227241183, 35.756486270235946], [51.20838984848516, 35.75622755235344], [51.20805809958098, 35.75622812669967], [51.20805950754011, 35.75676900978999], [51.208355258773594, 35.756768736174045], [51.20838965831256, 35.75679684563211], [51.2083925672461, 35.75754771880298], [51.20835730823205, 35.75757981353681], [51.208061620387916, 35.757580564237664], [51.20806199158948, 35.75781489422665], [51.20803755359938, 35.75784800031798], [51.207730476963434, 35.757851625236476], [51.207730847200665, 35.75808595526914], [51.20770995629913, 35.758117374988146], [51.20673563377159, 35.75812382780856], [51.20673600109954, 35.75835815799837], [51.206700175112005, 35.75839413851862], [51.20540893384071, 35.758396589293845]], [[51.21838877404986, 35.75756221244389], [51.21834890462845, 35.75752623966074], [51.21835983243275, 35.75730350507168], [51.21866824609434, 35.75730291887094], [51.218668896087074, 35.75754997482962], [51.21838877404986, 35.75756221244389]]]}}, {"type": "Feature", "properties": {"cls": 3}, "geometry": {"type": "Polygon", "coordinates": [[[51.203705567726026, 35.741088185362386], [51.20370625642648, 35.7413585816891], [51.20400194304885, 35.74135831898096], [51.20403501125829, 35.741382739493076], [51.204039415997485, 35.74189899601506], [51.20500635719633, 35.7418991186973], [51.20503461461164, 35.74193339729282], [51.205035453945996, 35.742167792113136], [51.20669427474883, 35.74216495363026], [51.20669390790372, 35.741930622553475], [51.20672584979107, 35.74189522540173], [51.208020701147774, 35.741892178146855], [51.2080204346147, 35.74110917212082], [51.208054748695986, 35.74108088982531], [51.20835036826624, 35.74108013944712], [51.208364372793206, 35.74081876104425], [51.20901321726102, 35.74080850031048], [51.20901284365487, 35.740574169565036], [51.2090447848482, 35.74053877144883], [51.20967606173879, 35.740536857524894], [51.20968219387199, 35.74028419886744], [51.20971151122885, 35.740266545093284], [51.21000712712383, 35.740265790653496], [51.210021126376866, 35.74000441211679], [51.210669963708604, 35.73999414239432], [51.210676092749885, 35.73974148375908], [51.210705410007954, 35.739723829658196], [51.21100102347343, 35.73972307278262], [51.21100064407048, 35.73948874232515], [51.211021533972236, 35.73945732168818], [51.212327394479146, 35.73945024989528], [51.21233078893879, 35.73893047665351], [51.21236211731897, 35.73890944842973], [51.21265772710886, 35.73890868749296], [51.212659448733, 35.73839246880938], [51.21269244779387, 35.73836788589165], [51.21298805527902, 35.73836712415022], [51.212987670088204, 35.7381327939679], [51.21300519476477, 35.73810339893493], [51.213982631444374, 35.73809486989166], [51.21398224334742, 35.73786053986663], [51.21399976774433, 35.73783114456872], [51.21464543645755, 35.73782319974121], [51.214659420951165, 35.737561820823544], [51.21497647374253, 35.73755211917018], [51.21497608274791, 35.737317789289435], [51.215000518618396, 35.73728468090977], [51.2153075087835, 35.737281037683935], [51.21530848528882, 35.73649433088629], [51.21534148390719, 35.73646974694207], [51.21563708304479, 35.736468978715486], [51.21563382558717, 35.73460401979038], [51.21566813809828, 35.734575734358295], [51.21596372932651, 35.73457496535466], [51.21596333551011, 35.73434063550026], [51.21598777108892, 35.7343075267909], [51.21629474873839, 35.73430388107242], [51.216294353959114, 35.734069551261776], [51.21631524232011, 35.734038129024256], [51.21662576590661, 35.73403279587512], [51.21662356869139, 35.73322142261836], [51.215984783425, 35.7332194836148], [51.21596021911812, 35.73318652345088], [51.2159593479781, 35.73295212684542], [51.21531048971253, 35.732944174117435], [51.2152951317226, 35.7326828273782], [51.213664818534994, 35.73268396699853], [51.213636558469986, 35.73264969164036], [51.213635694149254, 35.732415295332814], [51.212640560248865, 35.73241705815296], [51.21264094429334, 35.73265138856417], [51.21261650764409, 35.73268449615151], [51.21197779307093, 35.73268871737321], [51.211971667925596, 35.732941376197815], [51.21194235072124, 35.73295903069094], [51.211646765622824, 35.73295978987915], [51.21163277139317, 35.7332211687619], [51.2113157359312, 35.73323086146982], [51.21131930850265, 35.73458321194489], [51.211958104719294, 35.73458517567098], [51.21198266777132, 35.73461813717518], [51.21198352729908, 35.734852533266576], [51.212279188064215, 35.73485225029042], [51.212308546923545, 35.734869764828765], [51.21231599736356, 35.73512243675121], [51.212638673919336, 35.73513652162426], [51.21264846967178, 35.73539233929736], [51.21361152322802, 35.735391447014536], [51.21364359063264, 35.735426668307355], [51.21364445504481, 35.735661064594126], [51.21396713411256, 35.735675145798915], [51.21397892716538, 35.73698073697787], [51.21394366953539, 35.73701283407917], [51.21364806799713, 35.73701359824026], [51.21363770722117, 35.73754282131049], [51.213317749847874, 35.737555163482305], [51.21331813599275, 35.73778949353123], [51.21329000410629, 35.73782393182596], [51.21265494250293, 35.73782682633852], [51.21264881959581, 35.73807948489166], [51.212619502455915, 35.73809713961943], [51.212323896183484, 35.73809790054054], [51.212324279430504, 35.73833223073361], [51.21229984269296, 35.7383653382298], [51.211661080946044, 35.73836955792417], [51.21165495494745, 35.738622216499635], [51.21162563770874, 35.73863987090073], [51.21133002900682, 35.73864062938631], [51.21133040935582, 35.73887495972345], [51.21129458470893, 35.73891094225746], [51.209704017042064, 35.7389131501216], [51.20967195072223, 35.73887792716424], [51.20967109787467, 35.73864353166731], [51.20937542189453, 35.738643808191306], [51.20934606324731, 35.738626292702854], [51.20933862200034, 35.73837362105188], [51.2086997947977, 35.738371643395716], [51.208675232647984, 35.73833868073763], [51.208674382732916, 35.73810428535593], [51.207679177726895, 35.73810600737806], [51.20767954737293, 35.73834033836503], [51.20765510924729, 35.73837344426586], [51.207016346516234, 35.73837763922724], [51.20701528874514, 35.73916434685736], [51.20698228865113, 35.739188927564996], [51.20668667683495, 35.7391896746449], [51.2066849168058, 35.73970589391198], [51.20665191665656, 35.739730474492404], [51.20635630253574, 35.73973122076733], [51.206342291566514, 35.73999259903236], [51.205714518298414, 35.73999804516056], [51.20569350689035, 35.73996675196105], [51.2056926656755, 35.739732357061435], [51.20539698572836, 35.73973262381665], [51.20536762746996, 35.73971510701757], [51.205360198628256, 35.739462435471495], [51.20502851923998, 35.73946300123258], [51.205028881153936, 35.739697332607165], [51.20500074677192, 35.73973176774872], [51.20436566772969, 35.73973461848471], [51.20435165040063, 35.7399959966328], [51.204034585334576, 35.74000566991259], [51.204032517503975, 35.741066420370856], [51.204001187950176, 35.74108744558545], [51.203705567726026, 35.741088185362386]], [[51.21264791158931, 35.73455255616773], [51.21264296001821, 35.73326458980856], [51.21267109202763, 35.73323015180464], [51.214600979649326, 35.73322576867735], [51.21463304734652, 35.73326098956334], [51.214633914607454, 35.73349538607789], [51.21492957010658, 35.73349509660347], [51.214963970987206, 35.73352320340311], [51.21496693988022, 35.734274079251335], [51.2149316824953, 35.73430617677414], [51.21463609235437, 35.73430694332692], [51.214636482284725, 35.73454127330581], [51.21461204623396, 35.73457438158431], [51.214305067284286, 35.73457802306526], [51.214305456251694, 35.73481235308783], [51.214277324659754, 35.734846791748915], [51.21301090141056, 35.73484999702882], [51.21297883411023, 35.73481477544253], [51.21297797166658, 35.73458037931704], [51.212682312093555, 35.734580663918095], [51.21264791158931, 35.73455255616773]]]}}, {"type": "Feature", "properties": {"cls": 3}, "geometry": {"type": "Polygon", "coordinates": [[[51.20800672250346, 35.73648250391212], [51.20800953605675, 35.73756436556763], [51.20832666824108, 35.73757293268468], [51.2083420040857, 35.73783427991865], [51.209668970163115, 35.73783197474323], [51.20966859470362, 35.73759764396732], [51.2096967276049, 35.737563207082665], [51.210663551122046, 35.737559747881015], [51.21066317275635, 35.737325417262156], [51.21069899749876, 35.73728943503877], [51.21165812527299, 35.73728751280807], [51.211656693986555, 35.73674662808702], [51.21133956475422, 35.7367380698061], [51.211324219357536, 35.736476722869156], [51.21068185778279, 35.73647308544303], [51.210660844935674, 35.7364417937558], [51.21065998924587, 35.73620739801927], [51.20833777685691, 35.73621144148871], [51.208323772134925, 35.736472820030215], [51.20800672250346, 35.73648250391212]]]}}, {"type": "Feature", "properties": {"cls": 3}, "geometry": {"type": "Polygon", "coordinates": [[[51.21037315402859, 35.75324872339448], [51.21037386558902, 35.75351911905921], [51.21103743275697, 35.75351795668856], [51.21103671895214, 35.75324756103531], [51.21037315402859, 35.75324872339448]]]}}, {"type": "Feature", "properties": {"cls": 3}, "geometry": {"type": "Polygon", "coordinates": [[[51.20605938335333, 35.75325618990082], [51.20606008032324, 35.753526585639435], [51.20639181805301, 35.75352601684135], [51.20639111996104, 35.753255621108366], [51.20605938335333, 35.75325618990082]]]}}, {"type": "Feature", "properties": {"cls": 3}, "geometry": {"type": "Polygon", "coordinates": [[[51.195767393536485, 35.75110946700533], [51.195771367885484, 35.75273230266714], [51.19610310252773, 35.752731762256914], [51.19611714592511, 35.75247038510667], [51.196434264411494, 35.752460732976225], [51.19643977295126, 35.75193758632687], [51.19646909162601, 35.75191993689803], [51.196764758232646, 35.75191921486372], [51.19676290551338, 35.751147829867136], [51.19678398272029, 35.751112490347246], [51.19705857893402, 35.75110750523143], [51.19709393834899, 35.75113942292877], [51.197098007292674, 35.75245964741222], [51.19742880445424, 35.75245915090872], [51.197443779939725, 35.752197726105216], [51.19776089701956, 35.75218807041945], [51.197770692081825, 35.75138836076071], [51.19809071042727, 35.75137606075204], [51.1980903685836, 35.75114172864842], [51.19811850496039, 35.75110729613497], [51.19871375935246, 35.751104590145374], [51.19875382525966, 35.75114449063729], [51.19875556652162, 35.75215425205787], [51.19872030510713, 35.75218634257006], [51.19842463790373, 35.752187069505126], [51.19842593221539, 35.752727017872154], [51.19874317401746, 35.752736545901705], [51.198758479586736, 35.752997893337415], [51.20008569815938, 35.75299569305589], [51.20008535043606, 35.75276136136951], [51.20012117828365, 35.75272538388747], [51.20139463052617, 35.75272980006864], [51.2014122715578, 35.752759084149695], [51.201413100512106, 35.75299347800866], [51.201708835133, 35.75299322079173], [51.2017419029618, 35.753017642167045], [51.20174629348719, 35.753533897530865], [51.20204203039964, 35.75353363948743], [51.20207797621198, 35.75356943440696], [51.20207970067804, 35.75485741316311], [51.20204538527611, 35.75488569302677], [51.20174966380822, 35.75488736469219], [51.20175038990588, 35.755156823909516], [51.2020644381535, 35.75516307685219], [51.20208207937566, 35.75519236074742], [51.20208201363341, 35.75539457642923], [51.202046753047846, 35.75542666840288], [51.201751072999464, 35.755427403558116], [51.20175175545157, 35.75569779927146], [51.20239072587255, 35.75569981338605], [51.20241528610605, 35.75573277812413], [51.20241611806547, 35.75596717199697], [51.20341154577587, 35.755965492787155], [51.20342556573808, 35.75570411535254], [51.20374269612381, 35.7556944435699], [51.20374815693621, 35.755171297680995], [51.20377747488862, 35.755153645833246], [51.204073153596504, 35.755152905787895], [51.204077921681495, 35.75435927218531], [51.20410723960084, 35.75434162023043], [51.20440291488032, 35.75434087938464], [51.20440255447841, 35.75410654849917], [51.204426993490756, 35.75407344370116], [51.204734055149096, 35.75406982739823], [51.204733693782906, 35.75383549655634], [51.20475458549964, 35.75380407779333], [51.20506519317203, 35.75379877449544], [51.20506449956024, 35.753528378752215], [51.20474730174692, 35.753519803024325], [51.20474114943206, 35.75327303388906], [51.205063805295865, 35.75325779907376], [51.2050634429814, 35.75302346824934], [51.205091577255416, 35.752989033070655], [51.20605859376606, 35.75298561028923], [51.20607260533627, 35.7527242325634], [51.20638972280592, 35.75271455372129], [51.20638902474187, 35.7524441579517], [51.206071831211375, 35.752435585763116], [51.20605650227582, 35.7521742390406], [51.20542125730184, 35.75217355897634], [51.205392999684754, 35.7521392805304], [51.205392159081406, 35.751904886186765], [51.20506042806005, 35.75190545220557], [51.20505997253992, 35.752417969391445], [51.205025657752536, 35.75244625048426], [51.20472999060562, 35.75244699292604], [51.20473122749586, 35.75294788816828], [51.20471351768287, 35.7529812043721], [51.20406772118523, 35.752989096062144], [51.20406808058225, 35.75322342695363], [51.20403613782298, 35.75325882305709], [51.203093991149316, 35.75325646864514], [51.20307298048742, 35.75322517467894], [51.20307214666125, 35.752990780703755], [51.20277641202059, 35.75299104118462], [51.2027433439349, 35.75296662021221], [51.202737574957126, 35.75190938920538], [51.20242038425589, 35.75190080720986], [51.20240506700467, 35.75163946012936], [51.201741515071156, 35.75164057482886], [51.2017418676233, 35.75187490618181], [51.201717427737606, 35.75190801008292], [51.20111067090087, 35.75191130625798], [51.201078607127876, 35.751876079743866], [51.20107777917743, 35.75164168598924], [51.200782050419555, 35.75164194154711], [51.20075269261754, 35.75162442324967], [51.20074527792532, 35.751371752291725], [51.20042253650265, 35.75135763478889], [51.20041277891876, 35.7511018176558], [51.20011705249636, 35.7511020715711], [51.20008769475897, 35.75108455305299], [51.20008208387093, 35.7503155709732], [51.20011508503272, 35.750290992923354], [51.2004107442273, 35.75029026194501], [51.20041254416044, 35.74977404278911], [51.20044554526701, 35.74974946461192], [51.200741202155946, 35.74974873282793], [51.20074052327059, 35.74947833682972], [51.20040880222577, 35.74947888998693], [51.200394772476976, 35.74974026745771], [51.2000776661739, 35.74974993026031], [51.20007887378982, 35.75025082668432], [51.20005425040683, 35.75028785325743], [51.19976174463086, 35.75028231707272], [51.199746435914726, 35.75002096967756], [51.19941471259749, 35.750021520100425], [51.19940621579462, 35.750277338350045], [51.199083570923136, 35.75029255763106], [51.199077405904426, 35.75054521624824], [51.19904808741331, 35.75056286652449], [51.19875242700336, 35.75056359424516], [51.19875277077503, 35.750797926159], [51.198728329994836, 35.75083102902961], [51.198089462154925, 35.75083517678133], [51.1980898039901, 35.751069508795084], [51.19805785943709, 35.75110490239201], [51.19713067480214, 35.751107002295285], [51.19709473034507, 35.7510712050987], [51.19709391408988, 35.750836811865426], [51.19679818923308, 35.75083705761387], [51.19676282979985, 35.750805139772844], [51.19675743514917, 35.74894393895456], [51.19642571624223, 35.748944481120034], [51.19642653454259, 35.74999797590801], [51.19639221797466, 35.750026253412344], [51.19609651558475, 35.75002791110117], [51.19609854955259, 35.75083834663183], [51.19641257900348, 35.75084461458701], [51.19643021863767, 35.75087390000969], [51.19642919312036, 35.751079927855365], [51.196390954132674, 35.75110840457679], [51.195767393536485, 35.75110946700533]]]}}, {"type": "Feature", "properties": {"cls": 3}, "geometry": {"type": "Polygon", "coordinates": [[[51.20105814335381, 35.743797532778665], [51.2010615438283, 35.745149881747295], [51.201378706344485, 35.74515846739811], [51.201394020164905, 35.74541981493089], [51.20205752047488, 35.745418702315135], [51.202071545007925, 35.74515732447932], [51.202388631920705, 35.745147656476824], [51.20238589363184, 35.74406579580671], [51.202090196154025, 35.744066054485685], [51.20206083822055, 35.74404853660431], [51.202052736112684, 35.74352537708996], [51.201389251514826, 35.74352648962863], [51.20137522476322, 35.74378786742864], [51.20105814335381, 35.743797532778665]]]}}, {"type": "Feature", "properties": {"cls": 3}, "geometry": {"type": "Polygon", "coordinates": [[[51.20071413313017, 35.73892929682431], [51.20071888499133, 35.74082262365493], [51.20102595466359, 35.740825198477474], [51.20105051447624, 35.74085816372987], [51.2010513421126, 35.741092558041956], [51.201368487783476, 35.74110114377659], [51.201383801478286, 35.74136249149088], [51.20204726811829, 35.74136137904033], [51.20206129277732, 35.74110000102016], [51.20237836286595, 35.741090333101845], [51.20237699414008, 35.740549448405986], [51.202081311263, 35.74054970701825], [51.202046912923265, 35.74052159488469], [51.20204248471224, 35.73946805253436], [51.20174680637116, 35.73946831031025], [51.20171373845274, 35.739443888900134], [51.20170866660236, 35.738657143952], [51.20104522238572, 35.7386582544629], [51.20103119442353, 35.73891963246454], [51.20071413313017, 35.73892929682431]]]}}, {"type": "Feature", "properties": {"cls": 3}, "geometry": {"type": "Polygon", "coordinates": [[[51.20042779206535, 35.75705254840171], [51.200428470081754, 35.757322944063816], [51.20076022368943, 35.75732239074778], [51.20075954455076, 35.75705199509114], [51.20042779206535, 35.75705254840171]]]}}, {"type": "Feature", "properties": {"cls": 3}, "geometry": {"type": "Polygon", "coordinates": [[[51.19642239339145, 35.74759204066403], [51.19642505133777, 35.74867390109168], [51.196756769121244, 35.74867335893158], [51.19675491670547, 35.74790197348519], [51.19679092869497, 35.74786207433083], [51.1980609313751, 35.747864515644046], [51.198081940514285, 35.747895811125225], [51.198082759602094, 35.748130204725946], [51.19837847355709, 35.74812995576205], [51.19841154083731, 35.74815437844933], [51.198415909678545, 35.74867063404694], [51.19874762740856, 35.748670086396515], [51.198753793498504, 35.748417427600224], [51.19878311194234, 35.74839977741489], [51.199078763531894, 35.74839904973511], [51.199078418857205, 35.74816471765759], [51.19910655493905, 35.74813028477654], [51.20007351224119, 35.74812691035215], [51.2000728356542, 35.74785651426981], [51.1994376272042, 35.74785580243826], [51.19940937138181, 35.74782152169071], [51.19940854841151, 35.74758712799702], [51.19911283672721, 35.74758737939803], [51.19908347908607, 35.74756986054116], [51.19909077691497, 35.7473262079935], [51.19940787344322, 35.747316547956316], [51.19940719912727, 35.74704615182648], [51.19808007927797, 35.74704834430837], [51.19808042100501, 35.74728267650456], [51.19805228453673, 35.74731710902091], [51.19675353298115, 35.74732101034349], [51.19673949150174, 35.74758238769628], [51.19642239339145, 35.74759204066403]]]}}, {"type": "Feature", "properties": {"cls": 3}, "geometry": {"type": "Polygon", "coordinates": [[[51.19643502140223, 35.75273131277446], [51.196435685806264, 35.753001708696736], [51.196767421553666, 35.75300116645074], [51.196766756027614, 35.75273077053383], [51.19643502140223, 35.75273131277446]]]}}, {"type": "Feature", "properties": {"cls": 3}, "geometry": {"type": "Polygon", "coordinates": [[[51.185124100285115, 35.740306742389954], [51.185125978490575, 35.741118116257645], [51.185777812382746, 35.741128862150205], [51.185790792569854, 35.74165807055592], [51.18608647792208, 35.74165785190065], [51.186120872912326, 35.74168597065114], [51.1861244621374, 35.74246902335415], [51.18642015090352, 35.7424688038688], [51.18645321621115, 35.742493231234235], [51.18646003075307, 35.744091440463116], [51.18675572630266, 35.74409122013344], [51.18678879166538, 35.744115647364005], [51.186793717365504, 35.744902391025796], [51.187089416329364, 35.744902169865945], [51.18712079674335, 35.74492305377003], [51.187127410779816, 35.7457133405331], [51.18742311315809, 35.745713118542994], [51.18745246958576, 35.74573064126225], [51.187460476795735, 35.74625380066687], [51.18779218471001, 35.74625328325945], [51.18779187314205, 35.7460189491626], [51.18782770461313, 35.74598297727705], [51.19044593912125, 35.74597862232007], [51.190445619785436, 35.74574428865996], [51.190481450475446, 35.745708315572124], [51.1923961585559, 35.74570507598826], [51.19243314382613, 35.745729687163454], [51.19243649747341, 35.74593939128487], [51.19240455122213, 35.74597478250208], [51.19110962873735, 35.74597766191963], [51.19110995002362, 35.74621199535138], [51.191078003375, 35.74624738601494], [51.189119476398105, 35.7462512961567], [51.1891197918603, 35.74648562991288], [51.18908784461547, 35.74652101974537], [51.18779291229801, 35.74652386347717], [51.18779545337266, 35.7476057246453], [51.18810254945469, 35.74760833258064], [51.18812710543572, 35.74764130226773], [51.18812789534139, 35.74787569448717], [51.188447979180175, 35.747886943990196], [51.18846097718292, 35.74841615160873], [51.18877815115079, 35.74842477102671], [51.18879342477313, 35.74868611955803], [51.18912514275651, 35.74868559844426], [51.189124827234544, 35.74845126468912], [51.18915296631465, 35.74841683560283], [51.189755999477924, 35.74841492963849], [51.18978805979402, 35.748450160881895], [51.18978949671945, 35.74895504147201], [51.19012121579983, 35.748954517607885], [51.190124753594745, 35.74843474313061], [51.190156084888216, 35.74841372290536], [51.1904157352683, 35.748413311821636], [51.19045167768033, 35.74844911204093], [51.190452474415615, 35.74868350455182], [51.19207542933448, 35.74868116260614], [51.19211137223167, 35.748716962070525], [51.19211217383706, 35.748951354802394], [51.19244389285712, 35.74895082453278], [51.1924579480334, 35.74868944742808], [51.19277505159182, 35.748679805164734], [51.19278291711349, 35.74815349853174], [51.19310555473719, 35.748138296735476], [51.19311108514188, 35.74761514948215], [51.19314040414425, 35.74759750116056], [51.19343609717831, 35.74759585086461], [51.193431472829545, 35.74570346183903], [51.19246448555452, 35.74570324607804], [51.19243623182104, 35.74566896265802], [51.19244459891223, 35.74544914753728], [51.19343081813802, 35.7454328816164], [51.193430490070284, 35.74519854843681], [51.19346631988188, 35.74516257399751], [51.1947573446426, 35.745160252195504], [51.194757012695014, 35.74492591922825], [51.19477790733841, 35.744894503537175], [51.19542027393106, 35.74488868787784], [51.1954199400474, 35.74465435501029], [51.19545188531171, 35.7446189625615], [51.19608319870342, 35.74461711990918], [51.1960972423454, 35.744355742390276], [51.19641432717406, 35.74434609042326], [51.19641399039022, 35.744111757698796], [51.196438431800615, 35.74407865567542], [51.19674545339994, 35.74407506002082], [51.19674345709134, 35.74326368710277], [51.19644776373328, 35.74326393189532], [51.19641840635015, 35.74324641214993], [51.19641034099964, 35.7427232525568], [51.194751507568704, 35.74272594928064], [51.194751839454774, 35.74296028224917], [51.19471989389515, 35.74299567442471], [51.193464942819496, 35.74299846835843], [51.19342508046416, 35.74296248336097], [51.193424275134404, 35.74272809029647], [51.193104211843824, 35.74271685416982], [51.19310035340319, 35.742202224120305], [51.19342296626396, 35.74218702153224], [51.19342263828671, 35.74195268819652], [51.193447080593174, 35.74191958720711], [51.19375409376164, 35.74191599926168], [51.19375147260771, 35.740834137443876], [51.19242445541542, 35.74083626721553], [51.192424569381856, 35.74161927575373], [51.19239025198842, 35.74164755157445], [51.19209462735861, 35.74164826281766], [51.19208909008767, 35.74217141060215], [51.1920558485276, 35.74218925762162], [51.1914323610354, 35.742190297359514], [51.19142681947994, 35.742713445135585], [51.191397500234764, 35.742731092871416], [51.191101870934574, 35.74273180168739], [51.19110496138963, 35.744044165696124], [51.191072831305895, 35.74408347948367], [51.190809315266605, 35.744084474658166], [51.19077624915407, 35.74406004899491], [51.1907712844085, 35.74327330513005], [51.190460656320475, 35.74326903285538], [51.190439649341535, 35.74323773498991], [51.19043885275458, 35.74300334235463], [51.190143161363096, 35.74300357163951], [51.19011380459535, 35.74298604981272], [51.190106423345284, 35.742733378641645], [51.18978636065326, 35.74272213349064], [51.18977335425073, 35.74219292552619], [51.1894562060635, 35.74218430861187], [51.18944093046142, 35.74192295992078], [51.188777458661704, 35.74192400286241], [51.18877777303424, 35.74215833688266], [51.18875687657416, 35.74218975076861], [51.18811453117605, 35.742195530704535], [51.18810046197861, 35.74245690777516], [51.18745159917585, 35.742467054895236], [51.187451909676135, 35.74270138911419], [51.18741996192874, 35.74273677823785], [51.187134991238466, 35.74272892030569], [51.18711972304195, 35.742467571429366], [51.186470790033965, 35.742459462071295], [51.18647022882207, 35.74220713263665], [51.1867873067309, 35.742197506519084], [51.186788971026516, 35.740866265431244], [51.186820302754384, 35.74084524642782], [51.18711592515689, 35.740844548248226], [51.18711561567864, 35.74061021377939], [51.187140059870856, 35.74057711496067], [51.18744706857169, 35.74057354322729], [51.18744831843189, 35.73978683298223], [51.187481321699245, 35.73976225988203], [51.18777693949365, 35.739761560090415], [51.187775669581804, 35.73922067480412], [51.18747999426917, 35.73922089749493], [51.187444052639016, 35.739185095875555], [51.18743882734085, 35.737057282614835], [51.18710715757346, 35.73705779893345], [51.18710658646561, 35.73757032014014], [51.187072267975616, 35.73759859374442], [51.18677665918298, 35.73759929186766], [51.18677108713023, 35.73812244035063], [51.18674176742606, 35.73814008654143], [51.18644615632969, 35.7381407838587], [51.186446211636714, 35.7389237937363], [51.18641189301063, 35.738952067070436], [51.18611627848918, 35.73895276358643], [51.186102832330164, 35.73948462934005], [51.18578576560443, 35.73949425367163], [51.18578018718877, 35.74001740204205], [51.185750867385586, 35.740035047909586], [51.18545524825632, 35.74003574281347], [51.18545555286106, 35.740270077485974], [51.18543110809691, 35.740303175757674], [51.185124100285115, 35.740306742389954]], [[51.19247549118728, 35.747057588313126], [51.19308839935075, 35.74706548396886], [51.19309886184901, 35.74730572200201], [51.19306753086036, 35.747326743281796], [51.19277188280066, 35.74732745625889], [51.192772208984024, 35.747561789344175], [51.19274776641324, 35.747594890150154], [51.19246179670611, 35.74759367750114], [51.19244058729558, 35.74755846205447], [51.19244416019809, 35.74707860937324], [51.19247549118728, 35.747057588313126]], [[51.19276932448907, 35.7462854896313], [51.1928053378451, 35.74624559234038], [51.19306497917744, 35.74624517555835], [51.19309433615569, 35.74626269641424], [51.19310223759657, 35.74674586942547], [51.193084523940875, 35.74677918235663], [51.192478698029184, 35.74678690111255], [51.192445422052195, 35.746769193923235], [51.192444870015414, 35.74653425996949], [51.192474189083256, 35.746516611869914], [51.192769833993616, 35.746515899723754], [51.19276932448907, 35.7462854896313]], [[51.19244319151319, 35.748640350101745], [51.192407177944794, 35.7486802472582], [51.192129222283, 35.74867414979709], [51.192111381974534, 35.74864094496833], [51.192117618708025, 35.74842820761956], [51.19215086018378, 35.7484103605468], [51.19242489261806, 35.748416657055934], [51.19244253113268, 35.74844594355444], [51.19244319151319, 35.748640350101745]], [[51.1914452212289, 35.74759997191726], [51.19145927962629, 35.74733859481062], [51.19176183544283, 35.74733809507811], [51.19176859795023, 35.74785535381031], [51.191123144323036, 35.74785640889203], [51.19112812187476, 35.747609610599035], [51.1914452212289, 35.74759997191726]], [[51.18978742948037, 35.74810359112037], [51.18975141500195, 35.748143487036984], [51.18947346155035, 35.74813738333795], [51.1894556221138, 35.74810417776086], [51.1894618658313, 35.747891440714035], [51.189495107546385, 35.74787359460817], [51.1897691377939, 35.747879897265754], [51.189786775564166, 35.74790918447806], [51.18978742948037, 35.74810359112037]], [[51.188120166082165, 35.74462983477741], [51.1881250927186, 35.74383619847642], [51.188154412213, 35.743818551807585], [51.1884500467064, 35.74381785031333], [51.18844973326075, 35.74358351621196], [51.188470629749006, 35.743552102450955], [51.18908086533445, 35.74354718494381], [51.18911292544609, 35.743582416485154], [51.189113718158495, 35.74381680901517], [51.189409412942034, 35.74381658216262], [51.18944247874284, 35.74384100835899], [51.189445898076315, 35.744325087390024], [51.18941063434278, 35.744357173817534], [51.18911499794463, 35.74435787776878], [51.189115313355224, 35.744592211615924], [51.18909086968875, 35.744625311156945], [51.18878384458974, 35.744628887240076], [51.188784159035876, 35.74486322113041], [51.188763262580586, 35.744894635025204], [51.18845268899007, 35.74489989579443], [51.18845300247169, 35.74513422972799], [51.18843210591991, 35.745165643522306], [51.18781804972659, 35.745169610854745], [51.187789797384305, 35.74513532565694], [51.18779020990984, 35.74465880938633], [51.18782452816265, 35.74463053547033], [51.188120166082165, 35.74462983477741]]]}}, {"type": "Feature", "properties": {"cls": 3}, "geometry": {"type": "Polygon", "coordinates": [[[51.19444208779491, 35.751923083532944], [51.19444274543872, 35.75219347952383], [51.19477447787052, 35.752192942784994], [51.194773819104725, 35.75192254679941], [51.19444208779491, 35.751923083532944]]]}}, {"type": "Feature", "properties": {"cls": 3}, "geometry": {"type": "Polygon", "coordinates": [[[51.191117387780686, 35.749223520395454], [51.19111868076714, 35.74976440467576], [51.191742295970826, 35.7497634582351], [51.19177759596707, 35.749784526616544], [51.19178425625357, 35.750574812804686], [51.19242673274097, 35.75057855114665], [51.192447740245534, 35.75060984834788], [51.192448542876015, 35.75084424104652], [51.19274426731238, 35.75084400590732], [51.19277362425709, 35.75086152685992], [51.1927810140169, 35.751114197794436], [51.19344456193902, 35.751113132537185], [51.19344390769722, 35.75084273648163], [51.19280497880308, 35.7508406744882], [51.19278042136097, 35.75080770638833], [51.192779617757594, 35.75057331374674], [51.19247250884534, 35.75057071778557], [51.19244795150226, 35.75053774957033], [51.19244714887902, 35.750303356963826], [51.1921514268906, 35.75030359127605], [51.192120045745746, 35.75028270920741], [51.192120868723194, 35.749780648239174], [51.19215018782466, 35.74976300024006], [51.19244584625793, 35.74976228885107], [51.19244454429253, 35.74922140461263], [51.191117387780686, 35.749223520395454]]]}}, {"type": "Feature", "properties": {"cls": 3}, "geometry": {"type": "Polygon", "coordinates": [[[51.18946025010922, 35.750037609027615], [51.18946089085908, 35.750308005182454], [51.19078806550368, 35.75030590761964], [51.19078742026541, 35.75003551148556], [51.19049169962308, 35.75003574171215], [51.190457303650284, 35.75000762479292], [51.19045367153014, 35.749224572882426], [51.190121951334845, 35.74922509766683], [51.190107888703515, 35.74948647453757], [51.18979078132135, 35.74949610974143], [51.18978522941358, 35.7500192569512], [51.189755910002404, 35.750036904159714], [51.18946025010922, 35.750037609027615]]]}}, {"type": "Feature", "properties": {"cls": 3}, "geometry": {"type": "Polygon", "coordinates": [[[51.18846225276742, 35.74895721996824], [51.18846289011679, 35.74922761618734], [51.188794610353966, 35.749227095978334], [51.18879397188278, 35.748956699764385], [51.18846225276742, 35.74895721996824]]]}}, {"type": "Feature", "properties": {"cls": 4}, "geometry": {"type": "Polygon", "coordinates": [[[51.227257178524184, 35.73942306835453], [51.22725794680197, 35.739693464336966], [51.229544260781104, 35.73968936237312], [51.22958021461764, 35.739725144848016], [51.229581125825504, 35.739959543145176], [51.231535674665956, 35.739956035927385], [51.231571629084144, 35.73999181749661], [51.23157254613389, 35.74022621605505], [51.233554117732446, 35.740237038921705], [51.23356363541785, 35.74045678655236], [51.23352781732098, 35.74049277916837], [51.231281469756354, 35.74049731115828], [51.23124159669249, 35.7404613445995], [51.23124068060565, 35.74022694620122], [51.23090899861784, 35.74022758333123], [51.230909779264174, 35.74049797920832], [51.231205466068765, 35.74049764961434], [51.23124083390333, 35.74052955242987], [51.23124468300193, 35.741579293208744], [51.231561835682236, 35.7415877979281], [51.231577245866546, 35.7418491428272], [51.23356783771648, 35.74184529476814], [51.23358176165308, 35.74158391495236], [51.23389887044035, 35.74157322588108], [51.23389645407357, 35.74076279121769], [51.2335793045112, 35.740754292663546], [51.23356405069056, 35.740532940926514], [51.23358175096185, 35.74049961672582], [51.23455921251167, 35.74049091969212], [51.23455876410177, 35.740256593324226], [51.234594581803634, 35.74022060026062], [51.23555374061916, 35.7402184873887], [51.23555328930376, 35.73998416117969], [51.235585222540024, 35.739948751975845], [51.23654826190886, 35.739946046877854], [51.23654666215354, 35.73940516331814], [51.23623959376725, 35.739402679637955], [51.23621502344092, 35.73936972647443], [51.23621409280841, 35.73913532735124], [51.235896949623246, 35.739126834988745], [51.23588152570742, 35.73886549044439], [51.235585845201676, 35.73886583142368], [51.235556483998174, 35.738848324585724], [51.2355489608506, 35.738595652597645], [51.23258083989168, 35.73859464771401], [51.23256319010177, 35.73856537192182], [51.23256227018977, 35.73833097326344], [51.232266592355735, 35.738331306072645], [51.232233519403145, 35.738306896560026], [51.23222893330036, 35.73779063824455], [51.23193325775499, 35.73779097022616], [51.231901871460146, 35.73777010250526], [51.231895600930386, 35.73725030223672], [51.23159992767365, 35.73725063339078], [51.23156854142166, 35.737229765547944], [51.23156148996312, 35.73643947724331], [51.23124435872786, 35.73643097235544], [51.23122894974815, 35.73616962725443], [51.23023377032123, 35.73617153575638], [51.23023420596537, 35.7364058629638], [51.230198386884744, 35.7364418540551], [51.22857575747454, 35.736445186480296], [51.22856181740884, 35.73670656617742], [51.22824477104766, 35.736716304333456], [51.228246007000806, 35.737769795457446], [51.22821169699617, 35.73779808611964], [51.227916094794836, 35.73779888535926], [51.22791755481722, 35.739397053927206], [51.22788063551776, 35.739421843049236], [51.227257178524184, 35.73942306835453]], [[51.230242174259, 35.739106818994316], [51.23020617362984, 35.739146733729356], [51.22992825784172, 35.739140724816764], [51.22991040515473, 35.73910753059284], [51.22991654282897, 35.73889478825783], [51.22994978088308, 35.738876927462854], [51.230223773114204, 35.738883136695314], [51.230241422198446, 35.73891241307716], [51.230242174259, 35.739106818994316]]]}}, {"type": "Feature", "properties": {"cls": 4}, "geometry": {"type": "Polygon", "coordinates": [[[51.2282308784731, 35.73184751739726], [51.228232421560385, 35.7323884019573], [51.2298910369751, 35.73238524437963], [51.22988948267378, 35.731844359882096], [51.229572370781355, 35.73183585043587], [51.2295569672632, 35.7315745049741], [51.22856184489258, 35.7315763994367], [51.22854790465591, 35.731837779355324], [51.2282308784731, 35.73184751739726]]]}}, {"type": "Feature", "properties": {"cls": 4}, "geometry": {"type": "Polygon", "coordinates": [[[51.223941743291476, 35.740240753195806], [51.2239455302969, 35.74159310095654], [51.22590011968571, 35.74158968515304], [51.22593607245944, 35.74162546927599], [51.22593697303548, 35.74185986699401], [51.22791858479769, 35.741870782940545], [51.22792808730224, 35.74209053147924], [51.227903655233206, 35.74212364434715], [51.22726486542434, 35.74212794724412], [51.227265633804485, 35.74239834310456], [51.22792910791313, 35.742397087886424], [51.227935182978165, 35.742144430199616], [51.22796449852618, 35.74212677039905], [51.228260118820046, 35.74212597106736], [51.22825968881652, 35.74189164369033], [51.22828057366938, 35.74186021777648], [51.2289229082374, 35.74185422250038], [51.228936847014715, 35.74159284294786], [51.22925391352277, 35.741583102943345], [51.22925843360147, 35.740789469604124], [51.22928774901747, 35.74077180937019], [51.22958336345247, 35.74077100680547], [51.22958181075283, 35.740230123051845], [51.228614888408885, 35.740230197953316], [51.228586623864466, 35.74019592833525], [51.228585715563874, 35.73996153028921], [51.2262955124301, 35.73996504599163], [51.22626344117398, 35.73992982998848], [51.22626253968726, 35.73969543224971], [51.224935544148025, 35.73969792055053], [51.224935964364064, 35.73993224850142], [51.224915078470666, 35.73996367342274], [51.22427275889155, 35.73996964723317], [51.22425880516971, 35.74023102652421], [51.223941743291476, 35.740240753195806]]]}}, {"type": "Feature", "properties": {"cls": 4}, "geometry": {"type": "Polygon", "coordinates": [[[51.22663120269662, 35.7526782153532], [51.2266319692315, 35.75294861075016], [51.2269637041102, 35.75294798522112], [51.226962936453305, 35.75267758983035], [51.22663120269662, 35.7526782153532]]]}}, {"type": "Feature", "properties": {"cls": 4}, "geometry": {"type": "Polygon", "coordinates": [[[51.22361450725281, 35.741864297935294], [51.22361753251846, 35.74294615750762], [51.22425639950746, 35.74294805549237], [51.22428096622002, 35.74298101273159], [51.22428186197869, 35.74321541016551], [51.225576800463095, 35.743213802742616], [51.22560887143341, 35.74324901899479], [51.22560977109004, 35.74348341659977], [51.225941466708626, 35.7434827940321], [51.22594835145367, 35.742686000143166], [51.22660274224238, 35.74267008262242], [51.22660120959395, 35.742129198927564], [51.224978389118604, 35.742132006119206], [51.22494243653244, 35.74209622154238], [51.224941538864066, 35.7418618240758], [51.22361450725281, 35.741864297935294]]]}}, {"type": "Feature", "properties": {"cls": 4}, "geometry": {"type": "Polygon", "coordinates": [[[51.21428333054669, 35.726463365439805], [51.21428695238789, 35.72781571717826], [51.215249911810844, 35.72781481209387], [51.21528197969664, 35.72785003272715], [51.215282848733295, 35.72808442955905], [51.21557848186816, 35.72808413856266], [51.2156128828811, 35.72811224510993], [51.21561496567186, 35.72831825769384], [51.21559744166547, 35.72834765343345], [51.21528357692025, 35.72835501019412], [51.21528648803188, 35.72943687280513], [51.21561812561759, 35.72943627890456], [51.21563210720942, 35.729174899548], [51.215949125033625, 35.72916519541123], [51.21594839526915, 35.72889479874745], [51.2156312979074, 35.72888625186263], [51.21563064923571, 35.72863392227332], [51.21594766481838, 35.72862421814853], [51.21594727118712, 35.72838988800586], [51.21597540220589, 35.7283554487592], [51.21658932165935, 35.72835733876406], [51.21661053915547, 35.72839254651152], [51.21661413854044, 35.72970498004367], [51.21690977858326, 35.72970468575236], [51.2169391378972, 35.72972219877422], [51.216947336193606, 35.73024535954352], [51.21725791406679, 35.73024956287566], [51.217278928762894, 35.73028085252324], [51.21727980370515, 35.73051524952797], [51.21757544720208, 35.73051495358902], [51.217604806580525, 35.73053246638944], [51.21761227345993, 35.730785138573786], [51.21792937910177, 35.730793680031574], [51.21794474545796, 35.731055026681], [51.21860812588476, 35.73105382319732], [51.21861349120473, 35.73053067602241], [51.21864280767095, 35.73051301932368], [51.2189383815237, 35.73051224306552], [51.21895161223837, 35.72998037504317], [51.21926863270576, 35.72997066199428], [51.2192671503541, 35.72942977688498], [51.218950050225274, 35.72942123890955], [51.218934680697124, 35.72915989235071], [51.21829237892968, 35.72915629553359], [51.21827136388074, 35.72912500615692], [51.21827048606578, 35.7288906090622], [51.2179748493737, 35.72889090659796], [51.21794548988217, 35.728873393925525], [51.21793802200662, 35.7286207217302], [51.21761801271269, 35.7286095520644], [51.217604088818774, 35.727809856182915], [51.21730845670285, 35.7278101520656], [51.217279097275764, 35.72779263917089], [51.217270896968266, 35.72726947826275], [51.21695380613078, 35.727260934900656], [51.21693844303178, 35.72699958806074], [51.21664281436949, 35.72699988229598], [51.21661345500692, 35.72698236917985], [51.21660599133815, 35.72672969692028], [51.215639238108125, 35.72672966684106], [51.215610977458354, 35.72669539221742], [51.21561010749194, 35.726460995386795], [51.21428333054669, 35.726463365439805]]]}}, {"type": "Feature", "properties": {"cls": 4}, "geometry": {"type": "Polygon", "coordinates": [[[51.214037028851216, 35.7583815463621], [51.21403920183908, 35.75919291635609], [51.217025786963745, 35.759187564906036], [51.217025389463565, 35.758953236415365], [51.21705732823937, 35.758917834885686], [51.21835245969302, 35.75891467542236], [51.218366431820215, 35.75865329725302], [51.21868357132259, 35.758643585340245], [51.21868316897707, 35.75840925710842], [51.21870760371533, 35.75837614738825], [51.21901468070583, 35.75837249434236], [51.21901393978705, 35.75810209904958], [51.21869672066056, 35.758093560828435], [51.21868135122818, 35.75783221552108], [51.215362969685465, 35.75783820248504], [51.21535685572428, 35.75809085997649], [51.21532753884228, 35.75810851564219], [51.215031850066126, 35.75810928349052], [51.21503224170544, 35.758343612259466], [51.21500780579981, 35.75837672074857], [51.214037028851216, 35.7583815463621]]]}}, {"type": "Feature", "properties": {"cls": 4}, "geometry": {"type": "Polygon", "coordinates": [[[51.21264271734264, 35.73322852369185], [51.212646312348056, 35.73458087405122], [51.212963432919366, 35.73458942877307], [51.21297878350567, 35.734850775712864], [51.214305699684445, 35.734848419567086], [51.21431968533589, 35.73458704053342], [51.21463672586617, 35.734577339835205], [51.21463633593501, 35.734343009753516], [51.2146607719104, 35.73430990149985], [51.21496774980422, 35.73430625918816], [51.214965569384105, 35.73349488587966], [51.214648453098526, 35.73348633642705], [51.214633097210125, 35.73322498965074], [51.21264271734264, 35.73322852369185]]]}}, {"type": "Feature", "properties": {"cls": 4}, "geometry": {"type": "Polygon", "coordinates": [[[51.203346280854205, 35.73026920489166], [51.20334765561569, 35.73081009048128], [51.20366475899739, 35.73081867019975], [51.20368007979123, 35.731080018161784], [51.20401172443718, 35.731079456232195], [51.20402574305818, 35.73081807762767], [51.20434277011301, 35.73080840458581], [51.20434207952842, 35.73053800779453], [51.204024977273356, 35.7305294298036], [51.20400965538908, 35.730268081918645], [51.203346280854205, 35.73026920489166]]]}}, {"type": "Feature", "properties": {"cls": 4}, "geometry": {"type": "Polygon", "coordinates": [[[51.200008662300625, 35.72216009442084], [51.200010014094566, 35.72270098085227], [51.20133672985506, 35.72269876838053], [51.20133637912197, 35.722464435459564], [51.20136451454751, 35.722430001797974], [51.20233115164124, 35.72242661022931], [51.20233963985963, 35.72217079066014], [51.202662167378044, 35.72215556291454], [51.20266181277767, 35.72192123019316], [51.20268625234463, 35.72188812608864], [51.20299318087253, 35.721884514684376], [51.20299282530933, 35.7216501820064], [51.203010352819824, 35.72162078968426], [51.20365588949342, 35.72161290465652], [51.20365520146275, 35.72134250743946], [51.20266020465291, 35.7213441872656], [51.20264618145134, 35.721605566151695], [51.20199749484589, 35.72161579182589], [51.20199784749613, 35.72185012457036], [51.20196971218433, 35.72188455850054], [51.201003081972885, 35.72188794722718], [51.201003431718796, 35.72212228012784], [51.20096760402071, 35.72215825792422], [51.200008662300625, 35.72216009442084]]]}}, {"type": "Feature", "properties": {"cls": 4}, "geometry": {"type": "Polygon", "coordinates": [[[51.196754864322315, 35.74786198657616], [51.19676218701579, 35.75083726302207], [51.19707937242996, 35.75084586013152], [51.19709467263831, 35.75110720780282], [51.19809004014588, 35.751105572821935], [51.198089698309914, 35.750871240705315], [51.19810722716487, 35.75084184962095], [51.19875300722978, 35.75083399028735], [51.198767042200046, 35.750572612893514], [51.19908415226279, 35.7505629536801], [51.19908380752599, 35.75032862170686], [51.19910824813206, 35.750295518748075], [51.19941529505033, 35.750291916156336], [51.19941259647997, 35.74921005621591], [51.19910194251562, 35.749205806547884], [51.1990809330186, 35.74917451134671], [51.199080110981946, 35.74894011775609], [51.19878439372455, 35.74894036836625], [51.19875503611614, 35.74892284940374], [51.1987476277292, 35.74867017835804], [51.19842753877436, 35.7486589567939], [51.19841447541594, 35.74812974996289], [51.19809730113256, 35.748121156313864], [51.198081997785195, 35.74785980867085], [51.196754864322315, 35.74786198657616]]]}}, {"type": "Feature", "properties": {"cls": 4}, "geometry": {"type": "Polygon", "coordinates": [[[51.197716842185706, 35.734335934828785], [51.19771884771214, 35.735147308905916], [51.19803596815182, 35.73515590366272], [51.19805127106434, 35.73541725194556], [51.19838293381261, 35.735416705475345], [51.19839697031352, 35.73515532740073], [51.198714016515744, 35.73514566939156], [51.19871367319264, 35.73491133661898], [51.19873811392544, 35.7348782338321], [51.19904509697512, 35.73487463239172], [51.19904307801578, 35.734063258342964], [51.19872596201688, 35.7340546661875], [51.19871065697824, 35.73379331797548], [51.198415002656795, 35.73379356748731], [51.19838564507695, 35.73377604837184], [51.198378238184326, 35.733523376670284], [51.19804658328808, 35.73352392310262], [51.19804543708486, 35.73431063265605], [51.19801243549507, 35.73433520985673], [51.197716842185706, 35.734335934828785]]]}}, {"type": "Feature", "properties": {"cls": 4}, "geometry": {"type": "Polygon", "coordinates": [[[51.1930645038772, 35.73109761095443], [51.19306711480202, 35.732179474570735], [51.193362761836426, 35.732179238137604], [51.19339211885054, 35.73219675892327], [51.19340016409669, 35.73271991952969], [51.19371074892386, 35.732724184197615], [51.19373175678206, 35.732755481051946], [51.193732562804136, 35.73298987468729], [51.194028213294914, 35.73298963660822], [51.194057570373616, 35.7330071571727], [51.19406496375512, 35.7332598289075], [51.19438207575164, 35.73326843349121], [51.19439736694965, 35.73352978219028], [51.19503245610052, 35.733530520964486], [51.19506071052375, 35.73356480339793], [51.19506152045575, 35.73379919718442], [51.19538154716153, 35.73381042801948], [51.19539525074801, 35.73461012514305], [51.196390413006895, 35.734608504868866], [51.19640445589073, 35.734347126875605], [51.196721499155736, 35.734337474220496], [51.196719503804474, 35.733526099985156], [51.19640239042265, 35.733517501589574], [51.196387092818554, 35.733256153142136], [51.19576361426262, 35.733257123148384], [51.195726628374494, 35.73323251335716], [51.19572161576406, 35.73244576783411], [51.19542596745326, 35.732446009980315], [51.19539060836391, 35.73241409148276], [51.19538723064386, 35.731364351607176], [51.195070126454276, 35.73135574960877], [51.195054833153904, 35.731094400943995], [51.1930645038772, 35.73109761095443]]]}}, {"type": "Feature", "properties": {"cls": 4}, "geometry": {"type": "Polygon", "coordinates": [[[51.18778846521364, 35.74463044503061], [51.18778973546424, 35.74517132982904], [51.18845323424987, 35.74517029225346], [51.188467302261046, 35.74490891521534], [51.188784390962944, 35.74489928370625], [51.188790588266954, 35.744646624271994], [51.18881990769583, 35.74462897738198], [51.18911554543117, 35.74462827424211], [51.18911523001981, 35.74439394029209], [51.1891361263127, 35.74436252632574], [51.189446697654596, 35.744357263861076], [51.189445416234015, 35.743816379040936], [51.18912826136248, 35.743807761267995], [51.189112986773395, 35.74354641261961], [51.188449501489046, 35.74354745379332], [51.18843543339088, 35.74380883082245], [51.18811834921404, 35.74381846146604], [51.1881134225532, 35.74461209769089], [51.18808410297897, 35.74462974433715], [51.18778846521364, 35.74463044503061]]]}}]}